subreddit,date,avg_toxicity,toxic_rate,comment_count,avg_score,unique_authors,time_idx,group_id
ABCauto,2026-03-01,0.6067931818181818,0.5909090909090909,44,26.431818181818183,31,0,ABCauto
ABCauto,2026-03-02,0.5128096153846153,0.4423076923076923,52,22.615384615384617,35,1,ABCauto
ABCauto,2026-03-03,0.5817653846153846,0.5961538461538461,52,23.21153846153846,35,2,ABCauto
ABCauto,2026-03-04,0.6947225,0.7,40,24.075,27,3,ABCauto
ABCauto,2026-03-05,0.5364307692307693,0.5384615384615384,39,25.512820512820515,29,4,ABCauto
ABCauto,2026-03-06,0.6229228571428571,0.6285714285714286,35,32.57142857142857,27,5,ABCauto
ABCauto,2026-03-07,0.5621711538461539,0.5576923076923077,52,30.76923076923077,35,6,ABCauto
ABCauto,2026-03-08,0.6797547619047619,0.6666666666666666,42,24.095238095238095,27,7,ABCauto
ABCauto,2026-03-09,0.551442,0.54,50,26.78,35,8,ABCauto
ABCauto,2026-03-10,0.5533818181818182,0.5454545454545454,55,27.472727272727273,37,9,ABCauto
ABCauto,2026-03-11,0.6389846153846155,0.6346153846153846,52,27.653846153846153,31,10,ABCauto
ABCauto,2026-03-12,0.5418675000000001,0.525,40,28.5,30,11,ABCauto
ABCauto,2026-03-13,0.6119055555555556,0.6296296296296297,54,29.48148148148148,41,12,ABCauto
ABCauto,2026-03-14,0.6614610169491526,0.6949152542372882,59,29.915254237288135,40,13,ABCauto
ABCauto,2026-03-15,0.6340692307692308,0.6153846153846154,52,24.403846153846153,38,14,ABCauto
ABCauto,2026-03-16,0.5317061224489796,0.4897959183673469,49,24.387755102040817,33,15,ABCauto
ABCauto,2026-03-17,0.5676476190476191,0.5476190476190477,42,20.857142857142858,31,16,ABCauto
ABCauto,2026-03-18,0.49563170731707323,0.4878048780487805,41,25.634146341463413,31,17,ABCauto
ABCauto,2026-03-19,0.655195238095238,0.6190476190476191,42,25.261904761904763,35,18,ABCauto
ABCauto,2026-03-20,0.43985416666666666,0.4375,48,27.541666666666668,36,19,ABCauto
ABCauto,2026-03-21,0.7139208333333333,0.7291666666666666,48,31.729166666666668,34,20,ABCauto
ABCauto,2026-03-22,0.6880738095238096,0.6666666666666666,42,23.595238095238095,31,21,ABCauto
ABCauto,2026-03-23,0.7009860465116279,0.7441860465116279,43,29.790697674418606,31,22,ABCauto
ABCauto,2026-03-24,0.5546528301886793,0.5471698113207547,53,27.339622641509433,36,23,ABCauto
ABCauto,2026-03-25,0.5872350877192982,0.5614035087719298,57,25.24561403508772,39,24,ABCauto
ABCauto,2026-03-26,0.5503755555555555,0.5555555555555556,45,22.755555555555556,35,25,ABCauto
ABCauto,2026-03-27,0.4640673469387755,0.42857142857142855,49,27.489795918367346,38,26,ABCauto
ABCauto,2026-03-28,0.5949170731707317,0.5609756097560976,41,30.097560975609756,30,27,ABCauto
ABCauto,2026-03-29,0.5384249999999999,0.525,40,22.675,32,28,ABCauto
ABCauto,2026-03-30,0.5481018181818182,0.5454545454545454,55,25.4,39,29,ABCauto
ABCauto,2026-03-31,0.6841327272727272,0.6909090909090909,55,26.145454545454545,42,30,ABCauto
ABCauto,2026-04-01,0.5066104166666666,0.5,48,29.270833333333332,40,31,ABCauto
ABCauto,2026-04-02,0.5999775862068965,0.603448275862069,58,29.862068965517242,41,32,ABCauto
ABCauto,2026-04-03,0.5860084745762711,0.576271186440678,59,27.915254237288135,40,33,ABCauto
ABCauto,2026-04-04,0.6064181818181819,0.5757575757575758,33,31.0,27,34,ABCauto
ABCauto,2026-04-05,0.5853285714285714,0.5535714285714286,56,28.982142857142858,40,35,ABCauto
ABCauto,2026-04-06,0.5968122448979591,0.5714285714285714,49,24.081632653061224,39,36,ABCauto
ABCauto,2026-04-07,0.5895396226415094,0.5849056603773585,53,27.90566037735849,40,37,ABCauto
ABCauto,2026-04-08,0.5014452830188679,0.4716981132075472,53,30.20754716981132,44,38,ABCauto
ABCauto,2026-04-09,0.6828923076923077,0.6923076923076923,39,23.897435897435898,33,39,ABCauto
ABCauto,2026-04-10,0.5342,0.5116279069767442,43,29.6046511627907,35,40,ABCauto
ABCauto,2026-04-11,0.5162023809523809,0.47619047619047616,42,33.26190476190476,35,41,ABCauto
ABCauto,2026-04-12,0.6656387755102041,0.6326530612244898,49,25.571428571428573,40,42,ABCauto
ABCauto,2026-04-13,0.6394195652173913,0.6521739130434783,46,26.91304347826087,37,43,ABCauto
ABCauto,2026-04-14,0.8275733333333334,0.8333333333333334,30,24.8,28,44,ABCauto
ABCauto,2026-04-15,0.5600568181818182,0.5454545454545454,44,26.40909090909091,30,45,ABCauto
ABCauto,2026-04-16,0.7419745098039215,0.7647058823529411,51,32.745098039215684,42,46,ABCauto
ABCauto,2026-04-17,0.6024641025641025,0.5897435897435898,39,25.846153846153847,31,47,ABCauto
ABCauto,2026-04-18,0.49856739130434785,0.5,46,27.91304347826087,41,48,ABCauto
ABCauto,2026-04-19,0.6056549019607843,0.5686274509803921,51,28.372549019607842,37,49,ABCauto
ABCauto,2026-04-20,0.6745703703703704,0.6666666666666666,54,26.40740740740741,38,50,ABCauto
ABCauto,2026-04-21,0.5185469387755102,0.5102040816326531,49,26.979591836734695,40,51,ABCauto
ABCauto,2026-04-22,0.579154,0.6,50,23.6,35,52,ABCauto
ABCauto,2026-04-23,0.5880714285714286,0.5535714285714286,56,27.839285714285715,40,53,ABCauto
ABCauto,2026-04-24,0.6201921052631579,0.6052631578947368,38,23.55263157894737,29,54,ABCauto
ABCauto,2026-04-25,0.5759693877551021,0.5714285714285714,49,26.489795918367346,42,55,ABCauto
ABCauto,2026-04-26,0.6554520833333334,0.6458333333333334,48,26.333333333333332,38,56,ABCauto
ABCauto,2026-04-27,0.5399925,0.525,40,27.75,34,57,ABCauto
ABCauto,2026-04-28,0.5408134615384615,0.5192307692307693,52,33.05769230769231,40,58,ABCauto
ABCauto,2026-04-29,0.6565803921568627,0.6666666666666666,51,26.647058823529413,40,59,ABCauto
ABCauto,2026-04-30,0.5804525,0.575,40,26.975,33,60,ABCauto
ABCauto,2026-05-01,0.7419790697674419,0.7674418604651163,43,25.11627906976744,37,61,ABCauto
ABCauto,2026-05-02,0.5993028571428571,0.5714285714285714,35,28.542857142857144,30,62,ABCauto
ABCauto,2026-05-03,0.5815372549019608,0.5490196078431373,51,27.568627450980394,38,63,ABCauto
ABCauto,2026-05-04,0.6131796296296296,0.6111111111111112,54,27.12962962962963,46,64,ABCauto
ABCauto,2026-05-05,0.4627928571428572,0.4523809523809524,42,28.904761904761905,35,65,ABCauto
ABCauto,2026-05-06,0.5248441860465116,0.4883720930232558,43,25.069767441860463,35,66,ABCauto
ABCauto,2026-05-07,0.6282422222222223,0.6444444444444445,45,20.177777777777777,38,67,ABCauto
ABCauto,2026-05-08,0.5782641025641025,0.5384615384615384,39,28.487179487179485,32,68,ABCauto
ABCauto,2026-05-09,0.5744547169811322,0.5849056603773585,53,25.18867924528302,43,69,ABCauto
ABCauto,2026-05-10,0.6110851063829787,0.5957446808510638,47,25.148936170212767,37,70,ABCauto
ABCauto,2026-05-11,0.57964,0.55,40,29.525,33,71,ABCauto
ABCauto,2026-05-12,0.6184604166666666,0.6041666666666666,48,32.520833333333336,40,72,ABCauto
ABCauto,2026-05-13,0.5387018518518518,0.5185185185185185,54,32.74074074074074,37,73,ABCauto
ABCauto,2026-05-14,0.7375888888888888,0.7333333333333333,45,27.755555555555556,36,74,ABCauto
ABCauto,2026-05-15,0.6197645833333333,0.625,48,26.104166666666668,39,75,ABCauto
ABCauto,2026-05-16,0.5343916666666667,0.5,48,27.583333333333332,37,76,ABCauto
ABCauto,2026-05-17,0.6963270833333333,0.6875,48,27.5,41,77,ABCauto
ABCauto,2026-05-18,0.459163829787234,0.46808510638297873,47,25.53191489361702,39,78,ABCauto
ABCauto,2026-05-19,0.5494307692307692,0.5192307692307693,52,27.615384615384617,39,79,ABCauto
ABCauto,2026-05-20,0.5710719298245613,0.5789473684210527,57,30.614035087719298,46,80,ABCauto
ABCauto,2026-05-21,0.6407181818181819,0.6590909090909091,44,22.34090909090909,41,81,ABCauto
ABCauto,2026-05-22,0.6501399999999999,0.6285714285714286,35,25.97142857142857,29,82,ABCauto
ABCauto,2026-05-23,0.635980487804878,0.6585365853658537,41,22.975609756097562,38,83,ABCauto
ABCauto,2026-05-24,0.6496166666666666,0.6666666666666666,36,31.166666666666668,29,84,ABCauto
ABCauto,2026-05-25,0.5908301886792453,0.6037735849056604,53,26.943396226415093,45,85,ABCauto
ABCauto,2026-05-26,0.5915771929824561,0.5614035087719298,57,27.473684210526315,47,86,ABCauto
ABCauto,2026-05-27,0.6438152173913043,0.6521739130434783,46,28.23913043478261,35,87,ABCauto
ABCauto,2026-05-28,0.6776525423728813,0.6949152542372882,59,26.8135593220339,48,88,ABCauto
ABCauto,2026-05-29,0.707795744680851,0.723404255319149,47,28.48936170212766,41,89,ABCauto
ABCauto,2026-05-30,0.6003276595744681,0.6170212765957447,47,26.914893617021278,38,90,ABCauto
ABCauto,2026-05-31,0.6140760869565217,0.6086956521739131,46,25.847826086956523,41,91,ABCauto
ABCauto,2026-06-01,0.7044499999999999,0.717391304347826,46,25.347826086956523,41,92,ABCauto
ABCauto,2026-06-02,0.7926783783783784,0.8108108108108109,37,26.945945945945947,35,93,ABCauto
ABCauto,2026-06-03,0.6928438596491229,0.7017543859649122,57,26.964912280701753,47,94,ABCauto
ABCauto,2026-06-04,0.6542375,0.65,40,29.525,35,95,ABCauto
ABCauto,2026-06-05,0.6189239130434783,0.6304347826086957,46,32.43478260869565,40,96,ABCauto
ABCauto,2026-06-06,0.6787213114754098,0.6721311475409836,61,24.78688524590164,50,97,ABCauto
ABCauto,2026-06-07,0.6817864864864864,0.6756756756756757,37,25.18918918918919,32,98,ABCauto
ABCauto,2026-06-08,0.7475145833333333,0.7916666666666666,48,23.625,43,99,ABCauto
ABCauto,2026-06-09,0.8072555555555555,0.8333333333333334,36,30.333333333333332,31,100,ABCauto
ABCauto,2026-06-10,0.7806897435897435,0.8205128205128205,39,25.615384615384617,35,101,ABCauto
ABCauto,2026-06-11,0.8266155555555555,0.8444444444444444,45,23.4,38,102,ABCauto
ABCauto,2026-06-12,0.8046142857142857,0.8035714285714286,56,28.5,50,103,ABCauto
ABCauto,2026-06-13,0.8754533333333333,0.9,60,32.96666666666667,53,104,ABCauto
ABCauto,2026-06-14,0.7193450980392156,0.7647058823529411,51,26.470588235294116,42,105,ABCauto
ABCauto,2026-06-15,0.8181418604651164,0.8604651162790697,43,26.790697674418606,35,106,ABCauto
ABCauto,2026-06-16,0.8383914893617022,0.8723404255319149,47,27.404255319148938,41,107,ABCauto
ABCauto,2026-06-17,0.6815820000000001,0.72,50,28.58,46,108,ABCauto
ABCauto,2026-06-18,0.9269361111111112,0.9722222222222222,36,28.083333333333332,31,109,ABCauto
ABCauto,2026-06-19,0.835772340425532,0.8723404255319149,47,25.21276595744681,41,110,ABCauto
ABCauto,2026-06-20,0.8130967213114754,0.8688524590163934,61,25.60655737704918,50,111,ABCauto
ABCauto,2026-06-21,0.8388880952380953,0.8809523809523809,42,30.19047619047619,35,112,ABCauto
ABCauto,2026-06-22,0.901859090909091,0.9545454545454546,44,31.772727272727273,41,113,ABCauto
ABCauto,2026-06-23,0.8655102040816326,0.9387755102040817,49,24.3265306122449,44,114,ABCauto
ABCauto,2026-06-24,0.878062,0.94,50,23.76,41,115,ABCauto
ABCauto,2026-06-25,0.8729929824561403,0.9122807017543859,57,27.350877192982455,45,116,ABCauto
ABCauto,2026-06-26,0.8210243902439024,0.8536585365853658,41,22.146341463414632,39,117,ABCauto
ABCauto,2026-06-27,0.7728692307692308,0.8461538461538461,52,28.615384615384617,47,118,ABCauto
ABCauto,2026-06-28,0.803711320754717,0.8867924528301887,53,26.11320754716981,45,119,ABCauto
AutoNewspaper,2026-03-01,0.27687142857142855,0.21428571428571427,14,32.642857142857146,13,0,AutoNewspaper
AutoNewspaper,2026-03-02,0.431595,0.3,20,29.9,17,1,AutoNewspaper
AutoNewspaper,2026-03-03,0.3434913043478261,0.2608695652173913,23,26.956521739130434,19,2,AutoNewspaper
AutoNewspaper,2026-03-04,0.15216315789473683,0.10526315789473684,19,34.73684210526316,19,3,AutoNewspaper
AutoNewspaper,2026-03-05,0.29369090909090906,0.2727272727272727,22,32.81818181818182,19,4,AutoNewspaper
AutoNewspaper,2026-03-06,0.4323692307692308,0.38461538461538464,13,28.076923076923077,11,5,AutoNewspaper
AutoNewspaper,2026-03-07,0.3145,0.32,25,26.32,20,6,AutoNewspaper
AutoNewspaper,2026-03-08,0.3883473684210526,0.3684210526315789,19,32.78947368421053,17,7,AutoNewspaper
AutoNewspaper,2026-03-09,0.28163684210526313,0.2631578947368421,19,22.842105263157894,17,8,AutoNewspaper
AutoNewspaper,2026-03-10,0.28779285714285713,0.21428571428571427,14,35.714285714285715,13,9,AutoNewspaper
AutoNewspaper,2026-03-11,0.3500285714285714,0.2857142857142857,21,30.047619047619047,16,10,AutoNewspaper
AutoNewspaper,2026-03-12,0.522508695652174,0.4782608695652174,23,31.391304347826086,20,11,AutoNewspaper
AutoNewspaper,2026-03-13,0.4197125,0.3125,16,19.8125,14,12,AutoNewspaper
AutoNewspaper,2026-03-14,0.3252444444444445,0.2222222222222222,27,25.185185185185187,23,13,AutoNewspaper
AutoNewspaper,2026-03-15,0.2778235294117647,0.23529411764705882,17,17.0,14,14,AutoNewspaper
AutoNewspaper,2026-03-16,0.35868695652173915,0.30434782608695654,23,28.782608695652176,21,15,AutoNewspaper
AutoNewspaper,2026-03-17,0.358095,0.3,20,30.6,19,16,AutoNewspaper
AutoNewspaper,2026-03-18,0.50684,0.44,25,25.52,20,17,AutoNewspaper
AutoNewspaper,2026-03-19,0.41407,0.35,20,19.1,18,18,AutoNewspaper
AutoNewspaper,2026-03-20,0.4950818181818182,0.45454545454545453,22,26.318181818181817,18,19,AutoNewspaper
AutoNewspaper,2026-03-21,0.22684285714285712,0.21428571428571427,14,31.357142857142858,12,20,AutoNewspaper
AutoNewspaper,2026-03-22,0.37485714285714283,0.3333333333333333,21,29.095238095238095,17,21,AutoNewspaper
AutoNewspaper,2026-03-23,0.2587736842105263,0.21052631578947367,19,24.736842105263158,18,22,AutoNewspaper
AutoNewspaper,2026-03-24,0.42185,0.36363636363636365,22,22.90909090909091,18,23,AutoNewspaper
AutoNewspaper,2026-03-25,0.24092631578947366,0.21052631578947367,19,21.473684210526315,18,24,AutoNewspaper
AutoNewspaper,2026-03-26,0.3865064516129032,0.3870967741935484,31,23.903225806451612,26,25,AutoNewspaper
AutoNewspaper,2026-03-27,0.3628545454545455,0.2727272727272727,22,24.0,18,26,AutoNewspaper
AutoNewspaper,2026-03-28,0.29164444444444443,0.2222222222222222,9,33.888888888888886,9,27,AutoNewspaper
AutoNewspaper,2026-03-29,0.5062,0.44,25,30.4,19,28,AutoNewspaper
AutoNewspaper,2026-03-30,0.3775833333333333,0.4166666666666667,12,24.833333333333332,12,29,AutoNewspaper
AutoNewspaper,2026-03-31,0.48579047619047616,0.47619047619047616,21,23.761904761904763,19,30,AutoNewspaper
AutoNewspaper,2026-04-01,0.53833,0.5,20,26.95,18,31,AutoNewspaper
AutoNewspaper,2026-04-02,0.42221333333333333,0.3333333333333333,15,28.8,14,32,AutoNewspaper
AutoNewspaper,2026-04-03,0.42783499999999997,0.35,20,33.05,20,33,AutoNewspaper
AutoNewspaper,2026-04-04,0.28968000000000005,0.2,20,26.9,16,34,AutoNewspaper
AutoNewspaper,2026-04-05,0.4839521739130435,0.4782608695652174,23,36.65217391304348,21,35,AutoNewspaper
AutoNewspaper,2026-04-06,0.6148608695652173,0.6086956521739131,23,26.73913043478261,20,36,AutoNewspaper
AutoNewspaper,2026-04-07,0.3680269230769231,0.34615384615384615,26,27.076923076923077,24,37,AutoNewspaper
AutoNewspaper,2026-04-08,0.32400454545454543,0.2727272727272727,22,34.22727272727273,19,38,AutoNewspaper
AutoNewspaper,2026-04-09,0.29046470588235296,0.23529411764705882,17,31.058823529411764,16,39,AutoNewspaper
AutoNewspaper,2026-04-10,0.3632947368421052,0.3157894736842105,19,29.57894736842105,13,40,AutoNewspaper
AutoNewspaper,2026-04-11,0.38301818181818187,0.4090909090909091,22,27.863636363636363,16,41,AutoNewspaper
AutoNewspaper,2026-04-12,0.4236,0.3888888888888889,18,30.38888888888889,16,42,AutoNewspaper
AutoNewspaper,2026-04-13,0.3280782608695652,0.2608695652173913,23,25.956521739130434,22,43,AutoNewspaper
AutoNewspaper,2026-04-14,0.41665625,0.375,16,28.375,15,44,AutoNewspaper
AutoNewspaper,2026-04-15,0.30806896551724133,0.20689655172413793,29,27.344827586206897,24,45,AutoNewspaper
AutoNewspaper,2026-04-16,0.3638529411764706,0.29411764705882354,17,27.470588235294116,13,46,AutoNewspaper
AutoNewspaper,2026-04-17,0.294885,0.2,20,26.9,19,47,AutoNewspaper
AutoNewspaper,2026-04-18,0.18474,0.1,20,30.65,16,48,AutoNewspaper
AutoNewspaper,2026-04-19,0.3577666666666667,0.23809523809523808,21,21.285714285714285,16,49,AutoNewspaper
AutoNewspaper,2026-04-20,0.2845,0.21052631578947367,19,26.36842105263158,18,50,AutoNewspaper
AutoNewspaper,2026-04-21,0.34543333333333337,0.2777777777777778,18,29.61111111111111,16,51,AutoNewspaper
AutoNewspaper,2026-04-22,0.48747500000000005,0.4583333333333333,24,26.083333333333332,19,52,AutoNewspaper
AutoNewspaper,2026-04-23,0.5207727272727273,0.4090909090909091,22,29.954545454545453,16,53,AutoNewspaper
AutoNewspaper,2026-04-24,0.4154290322580645,0.3548387096774194,31,29.967741935483872,25,54,AutoNewspaper
AutoNewspaper,2026-04-25,0.2908133333333333,0.26666666666666666,15,21.733333333333334,13,55,AutoNewspaper
AutoNewspaper,2026-04-26,0.5286111111111111,0.5,18,27.88888888888889,17,56,AutoNewspaper
AutoNewspaper,2026-04-27,0.42774285714285715,0.39285714285714285,28,26.5,23,57,AutoNewspaper
AutoNewspaper,2026-04-28,0.39450714285714283,0.35714285714285715,28,30.071428571428573,21,58,AutoNewspaper
AutoNewspaper,2026-04-29,0.4871375,0.4583333333333333,24,28.583333333333332,18,59,AutoNewspaper
AutoNewspaper,2026-04-30,0.40251538461538466,0.34615384615384615,26,26.73076923076923,24,60,AutoNewspaper
AutoNewspaper,2026-05-01,0.57474,0.55,20,28.8,20,61,AutoNewspaper
AutoNewspaper,2026-05-02,0.3922857142857143,0.35714285714285715,28,29.75,23,62,AutoNewspaper
AutoNewspaper,2026-05-03,0.29255000000000003,0.2222222222222222,18,30.27777777777778,16,63,AutoNewspaper
AutoNewspaper,2026-05-04,0.5368571428571428,0.5,14,30.0,14,64,AutoNewspaper
AutoNewspaper,2026-05-05,0.16065,0.125,16,24.5625,13,65,AutoNewspaper
AutoNewspaper,2026-05-06,0.21174444444444443,0.16666666666666666,18,20.61111111111111,16,66,AutoNewspaper
AutoNewspaper,2026-05-07,0.5852586206896552,0.5172413793103449,29,23.20689655172414,22,67,AutoNewspaper
AutoNewspaper,2026-05-08,0.447,0.4090909090909091,22,34.77272727272727,18,68,AutoNewspaper
AutoNewspaper,2026-05-09,0.357616,0.36,25,22.04,18,69,AutoNewspaper
AutoNewspaper,2026-05-10,0.37398260869565214,0.30434782608695654,23,22.565217391304348,16,70,AutoNewspaper
AutoNewspaper,2026-05-11,0.4536782608695652,0.43478260869565216,23,31.695652173913043,21,71,AutoNewspaper
AutoNewspaper,2026-05-12,0.49230833333333335,0.4166666666666667,24,19.208333333333332,24,72,AutoNewspaper
AutoNewspaper,2026-05-13,0.2908095238095238,0.19047619047619047,21,25.80952380952381,15,73,AutoNewspaper
AutoNewspaper,2026-05-14,0.3943521739130435,0.34782608695652173,23,25.347826086956523,20,74,AutoNewspaper
AutoNewspaper,2026-05-15,0.4094230769230769,0.3076923076923077,13,26.384615384615383,11,75,AutoNewspaper
AutoNewspaper,2026-05-16,0.34185,0.3181818181818182,22,27.863636363636363,16,76,AutoNewspaper
AutoNewspaper,2026-05-17,0.3776,0.35294117647058826,17,19.823529411764707,14,77,AutoNewspaper
AutoNewspaper,2026-05-18,0.32431739130434784,0.2608695652173913,23,28.652173913043477,21,78,AutoNewspaper
AutoNewspaper,2026-05-19,0.40760799999999997,0.32,25,19.04,19,79,AutoNewspaper
AutoNewspaper,2026-05-20,0.5412416666666667,0.5,12,33.75,11,80,AutoNewspaper
AutoNewspaper,2026-05-21,0.32876923076923076,0.15384615384615385,13,24.46153846153846,10,81,AutoNewspaper
AutoNewspaper,2026-05-22,0.36257142857142854,0.32142857142857145,28,28.535714285714285,22,82,AutoNewspaper
AutoNewspaper,2026-05-23,0.1437,0.1,10,16.3,8,83,AutoNewspaper
AutoNewspaper,2026-05-24,0.26814444444444446,0.05555555555555555,18,21.444444444444443,17,84,AutoNewspaper
AutoNewspaper,2026-05-25,0.4894315789473684,0.42105263157894735,19,34.31578947368421,17,85,AutoNewspaper
AutoNewspaper,2026-05-26,0.36783529411764704,0.35294117647058826,17,18.176470588235293,15,86,AutoNewspaper
AutoNewspaper,2026-05-27,0.49200000000000005,0.47368421052631576,19,28.63157894736842,18,87,AutoNewspaper
AutoNewspaper,2026-05-28,0.11457500000000001,0.05,20,34.9,16,88,AutoNewspaper
AutoNewspaper,2026-05-29,0.37822,0.3,20,24.4,17,89,AutoNewspaper
AutoNewspaper,2026-05-30,0.3711346153846154,0.34615384615384615,26,34.26923076923077,18,90,AutoNewspaper
AutoNewspaper,2026-05-31,0.442875,0.4,20,17.8,18,91,AutoNewspaper
AutoNewspaper,2026-06-01,0.32511999999999996,0.25,20,31.25,17,92,AutoNewspaper
AutoNewspaper,2026-06-02,0.37465,0.34615384615384615,26,26.23076923076923,22,93,AutoNewspaper
AutoNewspaper,2026-06-03,0.42913181818181817,0.3181818181818182,22,16.5,20,94,AutoNewspaper
AutoNewspaper,2026-06-04,0.3726761904761905,0.2857142857142857,21,19.857142857142858,17,95,AutoNewspaper
AutoNewspaper,2026-06-05,0.3194947368421053,0.2631578947368421,19,26.105263157894736,18,96,AutoNewspaper
AutoNewspaper,2026-06-06,0.308578947368421,0.15789473684210525,19,27.42105263157895,19,97,AutoNewspaper
AutoNewspaper,2026-06-07,0.39861250000000004,0.3333333333333333,24,33.041666666666664,19,98,AutoNewspaper
AutoNewspaper,2026-06-08,0.5151777777777777,0.4444444444444444,18,34.05555555555556,15,99,AutoNewspaper
AutoNewspaper,2026-06-09,0.4748769230769231,0.4230769230769231,26,23.384615384615383,21,100,AutoNewspaper
AutoNewspaper,2026-06-10,0.34660454545454544,0.2727272727272727,22,27.136363636363637,18,101,AutoNewspaper
AutoNewspaper,2026-06-11,0.42892592592592593,0.37037037037037035,27,28.25925925925926,21,102,AutoNewspaper
AutoNewspaper,2026-06-12,0.3014272727272727,0.18181818181818182,22,24.363636363636363,22,103,AutoNewspaper
AutoNewspaper,2026-06-13,0.2733785714285714,0.21428571428571427,14,26.785714285714285,13,104,AutoNewspaper
AutoNewspaper,2026-06-14,0.5648478260869565,0.5217391304347826,23,21.26086956521739,21,105,AutoNewspaper
AutoNewspaper,2026-06-15,0.394490625,0.375,32,30.1875,25,106,AutoNewspaper
AutoNewspaper,2026-06-16,0.3632217391304348,0.30434782608695654,23,24.0,19,107,AutoNewspaper
AutoNewspaper,2026-06-17,0.3906625,0.375,16,30.125,11,108,AutoNewspaper
AutoNewspaper,2026-06-18,0.38627142857142854,0.35714285714285715,14,33.07142857142857,14,109,AutoNewspaper
AutoNewspaper,2026-06-19,0.19129000000000002,0.1,20,19.65,16,110,AutoNewspaper
AutoNewspaper,2026-06-20,0.3915857142857143,0.3333333333333333,21,26.761904761904763,19,111,AutoNewspaper
AutoNewspaper,2026-06-21,0.3950705882352941,0.29411764705882354,17,29.705882352941178,16,112,AutoNewspaper
AutoNewspaper,2026-06-22,0.27923636363636367,0.18181818181818182,22,27.272727272727273,17,113,AutoNewspaper
AutoNewspaper,2026-06-23,0.35048823529411766,0.29411764705882354,17,26.470588235294116,15,114,AutoNewspaper
AutoNewspaper,2026-06-24,0.4409592592592593,0.37037037037037035,27,24.14814814814815,19,115,AutoNewspaper
AutoNewspaper,2026-06-25,0.2767764705882353,0.23529411764705882,17,20.58823529411765,15,116,AutoNewspaper
AutoNewspaper,2026-06-26,0.21986500000000003,0.15,20,24.75,13,117,AutoNewspaper
AutoNewspaper,2026-06-27,0.58613125,0.625,16,30.9375,16,118,AutoNewspaper
AutoNewspaper,2026-06-28,0.5169933333333333,0.4666666666666667,15,29.333333333333332,15,119,AutoNewspaper
BANGKOKPOSTauto,2026-03-01,0.1057576923076923,0.019230769230769232,52,28.384615384615383,40,0,BANGKOKPOSTauto
BANGKOKPOSTauto,2026-03-02,0.1289764705882353,0.0,51,24.41176470588235,41,1,BANGKOKPOSTauto
BANGKOKPOSTauto,2026-03-03,0.10689268292682927,0.024390243902439025,41,25.390243902439025,33,2,BANGKOKPOSTauto
BANGKOKPOSTauto,2026-03-04,0.14805681818181818,0.045454545454545456,44,22.704545454545453,31,3,BANGKOKPOSTauto
BANGKOKPOSTauto,2026-03-05,0.19914655172413792,0.08620689655172414,58,35.51724137931034,45,4,BANGKOKPOSTauto
BANGKOKPOSTauto,2026-03-06,0.13971851851851852,0.037037037037037035,54,31.296296296296298,40,5,BANGKOKPOSTauto
BANGKOKPOSTauto,2026-03-07,0.10319137931034483,0.0,58,26.775862068965516,44,6,BANGKOKPOSTauto
BANGKOKPOSTauto,2026-03-08,0.16735689655172414,0.06896551724137931,58,26.948275862068964,39,7,BANGKOKPOSTauto
BANGKOKPOSTauto,2026-03-09,0.1946875,0.08333333333333333,48,25.6875,35,8,BANGKOKPOSTauto
BANGKOKPOSTauto,2026-03-10,0.1820577777777778,0.06666666666666667,45,29.2,37,9,BANGKOKPOSTauto
BANGKOKPOSTauto,2026-03-11,0.1957943396226415,0.11320754716981132,53,30.150943396226417,40,10,BANGKOKPOSTauto
BANGKOKPOSTauto,2026-03-12,0.12462075471698113,0.018867924528301886,53,27.150943396226417,42,11,BANGKOKPOSTauto
BANGKOKPOSTauto,2026-03-13,0.198425,0.057692307692307696,52,26.923076923076923,39,12,BANGKOKPOSTauto
BANGKOKPOSTauto,2026-03-14,0.24148372093023257,0.11627906976744186,43,18.348837209302324,34,13,BANGKOKPOSTauto
BANGKOKPOSTauto,2026-03-15,0.22100204081632654,0.061224489795918366,49,27.857142857142858,42,14,BANGKOKPOSTauto
BANGKOKPOSTauto,2026-03-16,0.08213090909090909,0.01818181818181818,55,31.563636363636363,44,15,BANGKOKPOSTauto
BANGKOKPOSTauto,2026-03-17,0.28349607843137253,0.1568627450980392,51,27.0,35,16,BANGKOKPOSTauto
BANGKOKPOSTauto,2026-03-18,0.14868928571428572,0.03571428571428571,56,27.267857142857142,44,17,BANGKOKPOSTauto
BANGKOKPOSTauto,2026-03-19,0.08171304347826087,0.0,46,31.97826086956522,37,18,BANGKOKPOSTauto
BANGKOKPOSTauto,2026-03-20,0.12745813953488372,0.0,43,27.093023255813954,32,19,BANGKOKPOSTauto
BANGKOKPOSTauto,2026-03-21,0.1069804347826087,0.0,46,25.02173913043478,37,20,BANGKOKPOSTauto
BANGKOKPOSTauto,2026-03-22,0.16204047619047618,0.023809523809523808,42,25.976190476190474,30,21,BANGKOKPOSTauto
BANGKOKPOSTauto,2026-03-23,0.2207195652173913,0.17391304347826086,46,29.304347826086957,38,22,BANGKOKPOSTauto
BANGKOKPOSTauto,2026-03-24,0.1578081632653061,0.061224489795918366,49,33.6530612244898,41,23,BANGKOKPOSTauto
BANGKOKPOSTauto,2026-03-25,0.13581276595744682,0.0,47,21.95744680851064,37,24,BANGKOKPOSTauto
BANGKOKPOSTauto,2026-03-26,0.2073862745098039,0.09803921568627451,51,26.784313725490197,41,25,BANGKOKPOSTauto
BANGKOKPOSTauto,2026-03-27,0.17485769230769233,0.057692307692307696,52,25.5,41,26,BANGKOKPOSTauto
BANGKOKPOSTauto,2026-03-28,0.10724807692307693,0.019230769230769232,52,23.326923076923077,42,27,BANGKOKPOSTauto
BANGKOKPOSTauto,2026-03-29,0.1417209677419355,0.0,62,25.274193548387096,40,28,BANGKOKPOSTauto
BANGKOKPOSTauto,2026-03-30,0.16673529411764706,0.058823529411764705,51,25.058823529411764,36,29,BANGKOKPOSTauto
BANGKOKPOSTauto,2026-03-31,0.1313593220338983,0.03389830508474576,59,27.11864406779661,43,30,BANGKOKPOSTauto
BANGKOKPOSTauto,2026-04-01,0.1360298245614035,0.017543859649122806,57,25.859649122807017,41,31,BANGKOKPOSTauto
BANGKOKPOSTauto,2026-04-02,0.13681904761904762,0.015873015873015872,63,29.174603174603174,42,32,BANGKOKPOSTauto
BANGKOKPOSTauto,2026-04-03,0.1029245283018868,0.018867924528301886,53,28.264150943396228,43,33,BANGKOKPOSTauto
BANGKOKPOSTauto,2026-04-04,0.1307125,0.03571428571428571,56,27.107142857142858,42,34,BANGKOKPOSTauto
BANGKOKPOSTauto,2026-04-05,0.210122,0.1,50,23.5,39,35,BANGKOKPOSTauto
BANGKOKPOSTauto,2026-04-06,0.125888,0.02,50,27.62,41,36,BANGKOKPOSTauto
BANGKOKPOSTauto,2026-04-07,0.19373793103448278,0.1206896551724138,58,26.189655172413794,46,37,BANGKOKPOSTauto
BANGKOKPOSTauto,2026-04-08,0.16897142857142858,0.07936507936507936,63,27.49206349206349,44,38,BANGKOKPOSTauto
BANGKOKPOSTauto,2026-04-09,0.22200571428571428,0.11428571428571428,70,29.228571428571428,48,39,BANGKOKPOSTauto
BANGKOKPOSTauto,2026-04-10,0.1410377777777778,0.044444444444444446,45,24.844444444444445,30,40,BANGKOKPOSTauto
BANGKOKPOSTauto,2026-04-11,0.14939122807017544,0.0,57,25.280701754385966,40,41,BANGKOKPOSTauto
BANGKOKPOSTauto,2026-04-12,0.24178979591836733,0.14285714285714285,49,28.408163265306122,37,42,BANGKOKPOSTauto
BANGKOKPOSTauto,2026-04-13,0.2456782608695652,0.15217391304347827,46,29.0,39,43,BANGKOKPOSTauto
BANGKOKPOSTauto,2026-04-14,0.09252,0.0,40,27.175,32,44,BANGKOKPOSTauto
BANGKOKPOSTauto,2026-04-15,0.12764634146341464,0.024390243902439025,41,27.975609756097562,31,45,BANGKOKPOSTauto
BANGKOKPOSTauto,2026-04-16,0.10430851063829787,0.02127659574468085,47,27.97872340425532,33,46,BANGKOKPOSTauto
BANGKOKPOSTauto,2026-04-17,0.23633829787234045,0.10638297872340426,47,24.53191489361702,39,47,BANGKOKPOSTauto
BANGKOKPOSTauto,2026-04-18,0.13866111111111112,0.037037037037037035,54,31.5,39,48,BANGKOKPOSTauto
BANGKOKPOSTauto,2026-04-19,0.1419203703703704,0.05555555555555555,54,23.98148148148148,39,49,BANGKOKPOSTauto
BANGKOKPOSTauto,2026-04-20,0.17541509433962266,0.03773584905660377,53,24.28301886792453,39,50,BANGKOKPOSTauto
BANGKOKPOSTauto,2026-04-21,0.14445,0.08823529411764706,34,27.529411764705884,31,51,BANGKOKPOSTauto
BANGKOKPOSTauto,2026-04-22,0.10485384615384616,0.019230769230769232,52,27.173076923076923,39,52,BANGKOKPOSTauto
BANGKOKPOSTauto,2026-04-23,0.19441627906976744,0.023255813953488372,43,25.72093023255814,36,53,BANGKOKPOSTauto
BANGKOKPOSTauto,2026-04-24,0.15682941176470588,0.0392156862745098,51,29.41176470588235,37,54,BANGKOKPOSTauto
BANGKOKPOSTauto,2026-04-25,0.11288813559322033,0.01694915254237288,59,25.52542372881356,45,55,BANGKOKPOSTauto
BANGKOKPOSTauto,2026-04-26,0.13892727272727273,0.022727272727272728,44,30.181818181818183,36,56,BANGKOKPOSTauto
BANGKOKPOSTauto,2026-04-27,0.19614745762711863,0.06779661016949153,59,29.88135593220339,47,57,BANGKOKPOSTauto
BANGKOKPOSTauto,2026-04-28,0.1027408163265306,0.04081632653061224,49,27.020408163265305,40,58,BANGKOKPOSTauto
BANGKOKPOSTauto,2026-04-29,0.12387884615384616,0.0,52,29.01923076923077,42,59,BANGKOKPOSTauto
BANGKOKPOSTauto,2026-04-30,0.13117391304347825,0.043478260869565216,46,28.869565217391305,38,60,BANGKOKPOSTauto
BANGKOKPOSTauto,2026-05-01,0.085042,0.0,50,24.96,42,61,BANGKOKPOSTauto
BANGKOKPOSTauto,2026-05-02,0.18752244897959183,0.08163265306122448,49,24.775510204081634,39,62,BANGKOKPOSTauto
BANGKOKPOSTauto,2026-05-03,0.14144561403508774,0.05263157894736842,57,25.894736842105264,39,63,BANGKOKPOSTauto
BANGKOKPOSTauto,2026-05-04,0.11295365853658537,0.024390243902439025,41,25.121951219512194,31,64,BANGKOKPOSTauto
BANGKOKPOSTauto,2026-05-05,0.16233859649122806,0.07017543859649122,57,25.017543859649123,42,65,BANGKOKPOSTauto
BANGKOKPOSTauto,2026-05-06,0.14093913043478262,0.021739130434782608,46,26.195652173913043,35,66,BANGKOKPOSTauto
BANGKOKPOSTauto,2026-05-07,0.15768947368421052,0.02631578947368421,38,25.31578947368421,32,67,BANGKOKPOSTauto
BANGKOKPOSTauto,2026-05-08,0.13390212765957446,0.02127659574468085,47,29.06382978723404,36,68,BANGKOKPOSTauto
BANGKOKPOSTauto,2026-05-09,0.11861063829787234,0.02127659574468085,47,25.29787234042553,37,69,BANGKOKPOSTauto
BANGKOKPOSTauto,2026-05-10,0.09770243902439024,0.024390243902439025,41,27.341463414634145,35,70,BANGKOKPOSTauto
BANGKOKPOSTauto,2026-05-11,0.1835754716981132,0.07547169811320754,53,28.528301886792452,42,71,BANGKOKPOSTauto
BANGKOKPOSTauto,2026-05-12,0.20673265306122451,0.10204081632653061,49,31.551020408163264,33,72,BANGKOKPOSTauto
BANGKOKPOSTauto,2026-05-13,0.1755404761904762,0.047619047619047616,42,29.904761904761905,30,73,BANGKOKPOSTauto
BANGKOKPOSTauto,2026-05-14,0.18282727272727273,0.05454545454545454,55,24.90909090909091,42,74,BANGKOKPOSTauto
BANGKOKPOSTauto,2026-05-15,0.26449387755102044,0.12244897959183673,49,28.06122448979592,35,75,BANGKOKPOSTauto
BANGKOKPOSTauto,2026-05-16,0.14536041666666666,0.0,48,25.166666666666668,34,76,BANGKOKPOSTauto
BANGKOKPOSTauto,2026-05-17,0.16114166666666666,0.041666666666666664,48,29.895833333333332,38,77,BANGKOKPOSTauto
BANGKOKPOSTauto,2026-05-18,0.18330862068965517,0.06896551724137931,58,29.155172413793103,44,78,BANGKOKPOSTauto
BANGKOKPOSTauto,2026-05-19,0.13505714285714285,0.03571428571428571,56,27.821428571428573,38,79,BANGKOKPOSTauto
BANGKOKPOSTauto,2026-05-20,0.14849464285714284,0.07142857142857142,56,30.625,42,80,BANGKOKPOSTauto
BANGKOKPOSTauto,2026-05-21,0.15653333333333336,0.044444444444444446,45,24.08888888888889,32,81,BANGKOKPOSTauto
BANGKOKPOSTauto,2026-05-22,0.13568936170212764,0.02127659574468085,47,26.53191489361702,40,82,BANGKOKPOSTauto
BANGKOKPOSTauto,2026-05-23,0.16344857142857142,0.08571428571428572,70,26.614285714285714,45,83,BANGKOKPOSTauto
BANGKOKPOSTauto,2026-05-24,0.13421333333333332,0.022222222222222223,45,29.177777777777777,34,84,BANGKOKPOSTauto
BANGKOKPOSTauto,2026-05-25,0.246098,0.16,50,27.18,42,85,BANGKOKPOSTauto
BANGKOKPOSTauto,2026-05-26,0.12745192307692307,0.019230769230769232,52,26.25,37,86,BANGKOKPOSTauto
BANGKOKPOSTauto,2026-05-27,0.12029090909090909,0.01818181818181818,55,29.563636363636363,41,87,BANGKOKPOSTauto
BANGKOKPOSTauto,2026-05-28,0.13442363636363636,0.0,55,26.527272727272727,44,88,BANGKOKPOSTauto
BANGKOKPOSTauto,2026-05-29,0.12793333333333332,0.022222222222222223,45,25.822222222222223,35,89,BANGKOKPOSTauto
BANGKOKPOSTauto,2026-05-30,0.160888,0.02,50,27.56,37,90,BANGKOKPOSTauto
BANGKOKPOSTauto,2026-05-31,0.1439625,0.015625,64,30.578125,45,91,BANGKOKPOSTauto
BANGKOKPOSTauto,2026-06-01,0.12232799999999999,0.04,50,28.76,32,92,BANGKOKPOSTauto
BANGKOKPOSTauto,2026-06-02,0.10573714285714286,0.0,70,24.0,53,93,BANGKOKPOSTauto
BANGKOKPOSTauto,2026-06-03,0.15778999999999999,0.03333333333333333,60,23.716666666666665,45,94,BANGKOKPOSTauto
BANGKOKPOSTauto,2026-06-04,0.12757241379310347,0.034482758620689655,58,24.362068965517242,44,95,BANGKOKPOSTauto
BANGKOKPOSTauto,2026-06-05,0.1400734693877551,0.0,49,26.408163265306122,33,96,BANGKOKPOSTauto
BANGKOKPOSTauto,2026-06-06,0.11578615384615384,0.0,65,23.676923076923078,49,97,BANGKOKPOSTauto
BANGKOKPOSTauto,2026-06-07,0.1300936170212766,0.02127659574468085,47,27.23404255319149,34,98,BANGKOKPOSTauto
BANGKOKPOSTauto,2026-06-08,0.08363061224489796,0.0,49,26.612244897959183,40,99,BANGKOKPOSTauto
BANGKOKPOSTauto,2026-06-09,0.13042499999999999,0.0,56,23.857142857142858,43,100,BANGKOKPOSTauto
BANGKOKPOSTauto,2026-06-10,0.12010408163265307,0.0,49,25.53061224489796,41,101,BANGKOKPOSTauto
BANGKOKPOSTauto,2026-06-11,0.1326326530612245,0.02040816326530612,49,24.714285714285715,38,102,BANGKOKPOSTauto
BANGKOKPOSTauto,2026-06-12,0.117768,0.0,50,29.24,39,103,BANGKOKPOSTauto
BANGKOKPOSTauto,2026-06-13,0.1419,0.0,58,27.79310344827586,37,104,BANGKOKPOSTauto
BANGKOKPOSTauto,2026-06-14,0.09744406779661018,0.0,59,24.406779661016948,38,105,BANGKOKPOSTauto
BANGKOKPOSTauto,2026-06-15,0.1230578947368421,0.0,38,30.0,31,106,BANGKOKPOSTauto
BANGKOKPOSTauto,2026-06-16,0.11755800000000001,0.0,50,23.48,40,107,BANGKOKPOSTauto
BANGKOKPOSTauto,2026-06-17,0.11925625,0.03125,32,30.59375,29,108,BANGKOKPOSTauto
BANGKOKPOSTauto,2026-06-18,0.10144418604651162,0.0,43,25.6046511627907,34,109,BANGKOKPOSTauto
BANGKOKPOSTauto,2026-06-19,0.16419736842105265,0.02631578947368421,38,30.94736842105263,34,110,BANGKOKPOSTauto
BANGKOKPOSTauto,2026-06-20,0.1434564516129032,0.0,62,30.161290322580644,44,111,BANGKOKPOSTauto
BANGKOKPOSTauto,2026-06-21,0.11882075471698114,0.0,53,23.37735849056604,39,112,BANGKOKPOSTauto
BANGKOKPOSTauto,2026-06-22,0.10940208333333333,0.0,48,24.145833333333332,40,113,BANGKOKPOSTauto
BANGKOKPOSTauto,2026-06-23,0.08760909090909091,0.0,55,26.09090909090909,39,114,BANGKOKPOSTauto
BANGKOKPOSTauto,2026-06-24,0.160044,0.02,50,26.86,42,115,BANGKOKPOSTauto
BANGKOKPOSTauto,2026-06-25,0.10573725490196079,0.0,51,23.470588235294116,39,116,BANGKOKPOSTauto
BANGKOKPOSTauto,2026-06-26,0.13556078431372548,0.0196078431372549,51,28.372549019607842,39,117,BANGKOKPOSTauto
BANGKOKPOSTauto,2026-06-27,0.12132692307692308,0.0,52,30.192307692307693,36,118,BANGKOKPOSTauto
BANGKOKPOSTauto,2026-06-28,0.15092040816326532,0.0,49,33.244897959183675,42,119,BANGKOKPOSTauto
BBCauto,2026-03-01,0.5764868421052632,0.5789473684210527,38,19.973684210526315,24,0,BBCauto
BBCauto,2026-03-02,0.559076,0.52,25,34.44,21,1,BBCauto
BBCauto,2026-03-03,0.3875,0.3870967741935484,31,27.516129032258064,24,2,BBCauto
BBCauto,2026-03-04,0.48884074074074074,0.4444444444444444,27,19.0,18,3,BBCauto
BBCauto,2026-03-05,0.6828586206896552,0.7241379310344828,29,26.275862068965516,23,4,BBCauto
BBCauto,2026-03-06,0.5872892857142856,0.6071428571428571,28,23.357142857142858,21,5,BBCauto
BBCauto,2026-03-07,0.5331827586206896,0.5172413793103449,29,21.551724137931036,20,6,BBCauto
BBCauto,2026-03-08,0.6991227272727273,0.7272727272727273,22,23.818181818181817,18,7,BBCauto
BBCauto,2026-03-09,0.6634411764705882,0.6764705882352942,34,26.647058823529413,28,8,BBCauto
BBCauto,2026-03-10,0.6710703703703703,0.6666666666666666,27,23.25925925925926,21,9,BBCauto
BBCauto,2026-03-11,0.48037142857142856,0.45714285714285713,35,26.457142857142856,29,10,BBCauto
BBCauto,2026-03-12,0.5647083333333334,0.5555555555555556,36,28.833333333333332,28,11,BBCauto
BBCauto,2026-03-13,0.709372,0.72,25,27.0,20,12,BBCauto
BBCauto,2026-03-14,0.5475947368421052,0.5263157894736842,38,19.894736842105264,27,13,BBCauto
BBCauto,2026-03-15,0.6921571428571428,0.7142857142857143,21,33.285714285714285,16,14,BBCauto
BBCauto,2026-03-16,0.5570307692307692,0.5384615384615384,13,24.153846153846153,13,15,BBCauto
BBCauto,2026-03-17,0.6630483870967743,0.6451612903225806,31,33.064516129032256,25,16,BBCauto
BBCauto,2026-03-18,0.6192037037037037,0.6296296296296297,27,25.59259259259259,23,17,BBCauto
BBCauto,2026-03-19,0.5053387096774193,0.5161290322580645,31,26.806451612903224,24,18,BBCauto
BBCauto,2026-03-20,0.7010791666666667,0.6666666666666666,24,29.916666666666668,19,19,BBCauto
BBCauto,2026-03-21,0.6315299999999999,0.6,20,24.5,15,20,BBCauto
BBCauto,2026-03-22,0.5945347826086956,0.6086956521739131,23,26.434782608695652,18,21,BBCauto
BBCauto,2026-03-23,0.5012241379310345,0.5172413793103449,29,29.93103448275862,23,22,BBCauto
BBCauto,2026-03-24,0.780153125,0.75,32,32.0,23,23,BBCauto
BBCauto,2026-03-25,0.6017392857142857,0.6071428571428571,28,26.714285714285715,22,24,BBCauto
BBCauto,2026-03-26,0.68676,0.7142857142857143,35,30.714285714285715,26,25,BBCauto
BBCauto,2026-03-27,0.5057724137931034,0.4482758620689655,29,32.0,20,26,BBCauto
BBCauto,2026-03-28,0.6087631578947368,0.6052631578947368,38,26.710526315789473,28,27,BBCauto
BBCauto,2026-03-29,0.5893833333333334,0.5666666666666667,30,23.1,23,28,BBCauto
BBCauto,2026-03-30,0.5698714285714286,0.5714285714285714,28,29.857142857142858,22,29,BBCauto
BBCauto,2026-03-31,0.5741125,0.53125,32,26.65625,22,30,BBCauto
BBCauto,2026-04-01,0.6052444444444445,0.5555555555555556,27,24.333333333333332,22,31,BBCauto
BBCauto,2026-04-02,0.484678125,0.46875,32,29.0625,23,32,BBCauto
BBCauto,2026-04-03,0.6081689655172414,0.5862068965517241,29,26.137931034482758,23,33,BBCauto
BBCauto,2026-04-04,0.619108,0.6,25,31.0,20,34,BBCauto
BBCauto,2026-04-05,0.6133694444444444,0.6111111111111112,36,29.97222222222222,28,35,BBCauto
BBCauto,2026-04-06,0.5719161290322581,0.5483870967741935,31,25.387096774193548,22,36,BBCauto
BBCauto,2026-04-07,0.5626571428571429,0.5714285714285714,35,26.571428571428573,26,37,BBCauto
BBCauto,2026-04-08,0.6385366666666666,0.6333333333333333,30,24.9,22,38,BBCauto
BBCauto,2026-04-09,0.6422791666666666,0.625,24,33.083333333333336,19,39,BBCauto
BBCauto,2026-04-10,0.54317,0.5,20,28.8,20,40,BBCauto
BBCauto,2026-04-11,0.7453225806451613,0.7419354838709677,31,27.870967741935484,22,41,BBCauto
BBCauto,2026-04-12,0.7349892857142857,0.75,28,27.5,24,42,BBCauto
BBCauto,2026-04-13,0.7106868421052631,0.6842105263157895,38,24.55263157894737,26,43,BBCauto
BBCauto,2026-04-14,0.6685130434782609,0.6521739130434783,23,28.47826086956522,18,44,BBCauto
BBCauto,2026-04-15,0.6111571428571428,0.5714285714285714,21,30.857142857142858,17,45,BBCauto
BBCauto,2026-04-16,0.5833833333333334,0.5666666666666667,30,30.466666666666665,23,46,BBCauto
BBCauto,2026-04-17,0.6053148148148148,0.5555555555555556,27,26.074074074074073,23,47,BBCauto
BBCauto,2026-04-18,0.4422692307692308,0.38461538461538464,26,31.346153846153847,21,48,BBCauto
BBCauto,2026-04-19,0.5272931034482758,0.5172413793103449,29,28.06896551724138,23,49,BBCauto
BBCauto,2026-04-20,0.5699638888888888,0.5555555555555556,36,20.22222222222222,27,50,BBCauto
BBCauto,2026-04-21,0.66114,0.625,40,25.675,29,51,BBCauto
BBCauto,2026-04-22,0.41515599999999997,0.4,25,25.8,18,52,BBCauto
BBCauto,2026-04-23,0.62622,0.6285714285714286,35,21.17142857142857,26,53,BBCauto
BBCauto,2026-04-24,0.6393212121212121,0.6060606060606061,33,28.818181818181817,21,54,BBCauto
BBCauto,2026-04-25,0.536425,0.5,16,16.4375,14,55,BBCauto
BBCauto,2026-04-26,0.68361875,0.6875,32,23.625,22,56,BBCauto
BBCauto,2026-04-27,0.5779390243902439,0.5609756097560976,41,31.48780487804878,30,57,BBCauto
BBCauto,2026-04-28,0.5347703703703703,0.5185185185185185,27,31.11111111111111,21,58,BBCauto
BBCauto,2026-04-29,0.6591666666666666,0.7,30,22.3,25,59,BBCauto
BBCauto,2026-04-30,0.6502642857142857,0.6428571428571429,28,23.892857142857142,20,60,BBCauto
BBCauto,2026-05-01,0.6648000000000001,0.6666666666666666,36,28.27777777777778,25,61,BBCauto
BBCauto,2026-05-02,0.6431896551724138,0.6206896551724138,29,27.75862068965517,21,62,BBCauto
BBCauto,2026-05-03,0.6412923076923077,0.6153846153846154,39,24.897435897435898,26,63,BBCauto
BBCauto,2026-05-04,0.648553125,0.59375,32,24.75,22,64,BBCauto
BBCauto,2026-05-05,0.5679619047619047,0.5238095238095238,21,29.857142857142858,18,65,BBCauto
BBCauto,2026-05-06,0.4735583333333333,0.4583333333333333,24,22.958333333333332,15,66,BBCauto
BBCauto,2026-05-07,0.6528035714285715,0.6428571428571429,28,25.535714285714285,24,67,BBCauto
BBCauto,2026-05-08,0.5731903225806451,0.5483870967741935,31,26.548387096774192,23,68,BBCauto
BBCauto,2026-05-09,0.7615483870967742,0.7741935483870968,31,27.93548387096774,20,69,BBCauto
BBCauto,2026-05-10,0.5977103448275862,0.5517241379310345,29,28.93103448275862,21,70,BBCauto
BBCauto,2026-05-11,0.6396200000000001,0.6666666666666666,15,24.333333333333332,13,71,BBCauto
BBCauto,2026-05-12,0.41745862068965517,0.3793103448275862,29,31.103448275862068,19,72,BBCauto
BBCauto,2026-05-13,0.5843458333333333,0.5416666666666666,24,32.666666666666664,19,73,BBCauto
BBCauto,2026-05-14,0.7336239999999999,0.76,25,25.0,21,74,BBCauto
BBCauto,2026-05-15,0.48666333333333334,0.5,30,23.8,26,75,BBCauto
BBCauto,2026-05-16,0.53216,0.5428571428571428,35,30.542857142857144,23,76,BBCauto
BBCauto,2026-05-17,0.623782142857143,0.6071428571428571,28,26.142857142857142,21,77,BBCauto
BBCauto,2026-05-18,0.5691275862068965,0.5862068965517241,29,28.03448275862069,22,78,BBCauto
BBCauto,2026-05-19,0.7302416666666667,0.75,24,21.0,19,79,BBCauto
BBCauto,2026-05-20,0.5592047619047619,0.5238095238095238,21,24.428571428571427,17,80,BBCauto
BBCauto,2026-05-21,0.605574074074074,0.6296296296296297,27,21.85185185185185,21,81,BBCauto
BBCauto,2026-05-22,0.4789307692307692,0.4230769230769231,26,25.153846153846153,22,82,BBCauto
BBCauto,2026-05-23,0.6379793103448276,0.6206896551724138,29,26.517241379310345,25,83,BBCauto
BBCauto,2026-05-24,0.6213000000000001,0.64,25,28.24,21,84,BBCauto
BBCauto,2026-05-25,0.5638000000000001,0.5,30,24.5,20,85,BBCauto
BBCauto,2026-05-26,0.6749592592592593,0.6666666666666666,27,30.074074074074073,22,86,BBCauto
BBCauto,2026-05-27,0.6846911764705882,0.6764705882352942,34,27.264705882352942,21,87,BBCauto
BBCauto,2026-05-28,0.6300333333333333,0.5925925925925926,27,32.333333333333336,23,88,BBCauto
BBCauto,2026-05-29,0.6036225806451613,0.5806451612903226,31,30.677419354838708,20,89,BBCauto
BBCauto,2026-05-30,0.5666230769230769,0.5769230769230769,26,27.26923076923077,21,90,BBCauto
BBCauto,2026-05-31,0.6538354838709677,0.6451612903225806,31,20.806451612903224,24,91,BBCauto
BBCauto,2026-06-01,0.437,0.3793103448275862,29,24.103448275862068,23,92,BBCauto
BBCauto,2026-06-02,0.46675151515151514,0.42424242424242425,33,23.303030303030305,25,93,BBCauto
BBCauto,2026-06-03,0.61042,0.6,30,22.7,23,94,BBCauto
BBCauto,2026-06-04,0.6037344827586206,0.5862068965517241,29,31.517241379310345,25,95,BBCauto
BBCauto,2026-06-05,0.530778947368421,0.5,38,26.842105263157894,29,96,BBCauto
BBCauto,2026-06-06,0.696776,0.72,25,30.64,20,97,BBCauto
BBCauto,2026-06-07,0.5899333333333333,0.5416666666666666,24,28.833333333333332,22,98,BBCauto
BBCauto,2026-06-08,0.6050821428571428,0.5714285714285714,28,29.285714285714285,23,99,BBCauto
BBCauto,2026-06-09,0.5275375,0.5,32,24.96875,26,100,BBCauto
BBCauto,2026-06-10,0.5542833333333334,0.5,30,27.2,23,101,BBCauto
BBCauto,2026-06-11,0.6173379310344828,0.5517241379310345,29,26.517241379310345,23,102,BBCauto
BBCauto,2026-06-12,0.4557703703703704,0.4074074074074074,27,26.48148148148148,24,103,BBCauto
BBCauto,2026-06-13,0.6543178571428571,0.6428571428571429,28,23.821428571428573,21,104,BBCauto
BBCauto,2026-06-14,0.5124060606060606,0.5151515151515151,33,24.545454545454547,24,105,BBCauto
BBCauto,2026-06-15,0.52256,0.45,20,28.05,19,106,BBCauto
BBCauto,2026-06-16,0.4827833333333333,0.43333333333333335,30,23.666666666666668,24,107,BBCauto
BBCauto,2026-06-17,0.50851875,0.46875,32,27.90625,29,108,BBCauto
BBCauto,2026-06-18,0.54614,0.5333333333333333,30,24.433333333333334,23,109,BBCauto
BBCauto,2026-06-19,0.6616516129032257,0.6451612903225806,31,29.967741935483872,23,110,BBCauto
BBCauto,2026-06-20,0.6715538461538462,0.6538461538461539,26,26.96153846153846,24,111,BBCauto
BBCauto,2026-06-21,0.5805178571428572,0.6071428571428571,28,32.107142857142854,22,112,BBCauto
BBCauto,2026-06-22,0.5074387096774193,0.4838709677419355,31,23.870967741935484,21,113,BBCauto
BBCauto,2026-06-23,0.5582785714285714,0.6071428571428571,28,24.75,23,114,BBCauto
BBCauto,2026-06-24,0.70065,0.71875,32,34.03125,26,115,BBCauto
BBCauto,2026-06-25,0.603030303030303,0.5757575757575758,33,31.272727272727273,27,116,BBCauto
BBCauto,2026-06-26,0.5229137931034483,0.5172413793103449,29,28.137931034482758,22,117,BBCauto
BBCauto,2026-06-27,0.705025,0.7083333333333334,24,28.625,22,118,BBCauto
BBCauto,2026-06-28,0.6259,0.6666666666666666,30,29.333333333333332,24,119,BBCauto
CBSauto,2026-03-01,0.5162446808510638,0.48936170212765956,47,29.06382978723404,30,0,CBSauto
CBSauto,2026-03-02,0.5995872727272727,0.5818181818181818,55,28.654545454545456,33,1,CBSauto
CBSauto,2026-03-03,0.5391234042553191,0.5319148936170213,47,29.80851063829787,28,2,CBSauto
CBSauto,2026-03-04,0.660495652173913,0.6739130434782609,46,26.108695652173914,29,3,CBSauto
CBSauto,2026-03-05,0.5193847826086957,0.4782608695652174,46,25.97826086956522,29,4,CBSauto
CBSauto,2026-03-06,0.6577317073170731,0.6585365853658537,41,24.926829268292682,29,5,CBSauto
CBSauto,2026-03-07,0.579044,0.56,50,25.3,34,6,CBSauto
CBSauto,2026-03-08,0.5030210526315789,0.4473684210526316,38,30.710526315789473,27,7,CBSauto
CBSauto,2026-03-09,0.47844680851063826,0.425531914893617,47,28.0,37,8,CBSauto
CBSauto,2026-03-10,0.5966368421052631,0.5789473684210527,38,24.81578947368421,26,9,CBSauto
CBSauto,2026-03-11,0.5772073170731707,0.5609756097560976,41,29.853658536585368,27,10,CBSauto
CBSauto,2026-03-12,0.48050930232558137,0.4418604651162791,43,29.11627906976744,31,11,CBSauto
CBSauto,2026-03-13,0.5428772727272727,0.5227272727272727,44,25.954545454545453,31,12,CBSauto
CBSauto,2026-03-14,0.5277204545454546,0.4772727272727273,44,25.613636363636363,34,13,CBSauto
CBSauto,2026-03-15,0.47560512820512824,0.4358974358974359,39,26.435897435897434,26,14,CBSauto
CBSauto,2026-03-16,0.515025,0.5,40,26.675,30,15,CBSauto
CBSauto,2026-03-17,0.5766162790697674,0.5348837209302325,43,25.25581395348837,27,16,CBSauto
CBSauto,2026-03-18,0.5824272727272727,0.5454545454545454,44,26.227272727272727,28,17,CBSauto
CBSauto,2026-03-19,0.555624,0.54,50,23.4,33,18,CBSauto
CBSauto,2026-03-20,0.5587333333333333,0.5263157894736842,57,27.649122807017545,35,19,CBSauto
CBSauto,2026-03-21,0.5725176470588235,0.5686274509803921,51,30.333333333333332,33,20,CBSauto
CBSauto,2026-03-22,0.5588315789473685,0.5,38,30.973684210526315,27,21,CBSauto
CBSauto,2026-03-23,0.43977368421052637,0.3684210526315789,38,27.42105263157895,28,22,CBSauto
CBSauto,2026-03-24,0.67176,0.6571428571428571,35,22.65714285714286,29,23,CBSauto
CBSauto,2026-03-25,0.5935825,0.6,40,29.225,31,24,CBSauto
CBSauto,2026-03-26,0.6076822222222222,0.6,45,28.511111111111113,30,25,CBSauto
CBSauto,2026-03-27,0.49077027027027026,0.43243243243243246,37,23.216216216216218,24,26,CBSauto
CBSauto,2026-03-28,0.6165843137254902,0.5882352941176471,51,25.294117647058822,34,27,CBSauto
CBSauto,2026-03-29,0.5128290909090909,0.4909090909090909,55,29.745454545454546,28,28,CBSauto
CBSauto,2026-03-30,0.6365933333333333,0.6444444444444445,45,31.68888888888889,33,29,CBSauto
CBSauto,2026-03-31,0.5724515151515152,0.5454545454545454,33,27.757575757575758,24,30,CBSauto
CBSauto,2026-04-01,0.56468125,0.5833333333333334,48,28.5625,31,31,CBSauto
CBSauto,2026-04-02,0.5452973684210526,0.5263157894736842,38,29.63157894736842,34,32,CBSauto
CBSauto,2026-04-03,0.6210634146341464,0.6097560975609756,41,30.170731707317074,34,33,CBSauto
CBSauto,2026-04-04,0.41037142857142855,0.3877551020408163,49,30.20408163265306,38,34,CBSauto
CBSauto,2026-04-05,0.4666065217391304,0.43478260869565216,46,25.32608695652174,37,35,CBSauto
CBSauto,2026-04-06,0.4892774193548387,0.45161290322580644,31,24.225806451612904,24,36,CBSauto
CBSauto,2026-04-07,0.3570966666666667,0.3333333333333333,30,26.6,21,37,CBSauto
CBSauto,2026-04-08,0.4206324324324324,0.40540540540540543,37,29.756756756756758,30,38,CBSauto
CBSauto,2026-04-09,0.5503477272727273,0.5681818181818182,44,26.363636363636363,34,39,CBSauto
CBSauto,2026-04-10,0.5100638888888889,0.5,36,23.88888888888889,27,40,CBSauto
CBSauto,2026-04-11,0.4999326530612245,0.4897959183673469,49,30.20408163265306,35,41,CBSauto
CBSauto,2026-04-12,0.688075,0.6730769230769231,52,29.23076923076923,40,42,CBSauto
CBSauto,2026-04-13,0.5468216216216216,0.5135135135135135,37,30.7027027027027,31,43,CBSauto
CBSauto,2026-04-14,0.5595333333333333,0.5641025641025641,39,26.41025641025641,29,44,CBSauto
CBSauto,2026-04-15,0.5807208333333334,0.6041666666666666,48,23.979166666666668,32,45,CBSauto
CBSauto,2026-04-16,0.555156862745098,0.5294117647058824,51,26.11764705882353,36,46,CBSauto
CBSauto,2026-04-17,0.5581816326530612,0.5102040816326531,49,27.816326530612244,37,47,CBSauto
CBSauto,2026-04-18,0.4485771428571429,0.42857142857142855,35,21.085714285714285,29,48,CBSauto
CBSauto,2026-04-19,0.5346872340425531,0.5106382978723404,47,29.29787234042553,38,49,CBSauto
CBSauto,2026-04-20,0.5535439024390244,0.5609756097560976,41,21.975609756097562,31,50,CBSauto
CBSauto,2026-04-21,0.5571073170731707,0.5609756097560976,41,25.634146341463413,29,51,CBSauto
CBSauto,2026-04-22,0.5615404255319149,0.5319148936170213,47,29.361702127659573,39,52,CBSauto
CBSauto,2026-04-23,0.5940225,0.625,40,25.2,31,53,CBSauto
CBSauto,2026-04-24,0.5418509803921568,0.49019607843137253,51,29.764705882352942,32,54,CBSauto
CBSauto,2026-04-25,0.5267392857142857,0.5,56,24.803571428571427,39,55,CBSauto
CBSauto,2026-04-26,0.5728318181818182,0.5681818181818182,44,23.863636363636363,34,56,CBSauto
CBSauto,2026-04-27,0.65935,0.631578947368421,38,29.31578947368421,31,57,CBSauto
CBSauto,2026-04-28,0.6299275,0.65,40,28.6,28,58,CBSauto
CBSauto,2026-04-29,0.6360999999999999,0.6037735849056604,53,29.20754716981132,37,59,CBSauto
CBSauto,2026-04-30,0.662409375,0.6875,32,27.15625,26,60,CBSauto
CBSauto,2026-05-01,0.6012173913043478,0.5869565217391305,46,29.195652173913043,36,61,CBSauto
CBSauto,2026-05-02,0.5856775,0.575,40,27.85,31,62,CBSauto
CBSauto,2026-05-03,0.42080888888888884,0.3333333333333333,45,28.22222222222222,34,63,CBSauto
CBSauto,2026-05-04,0.631488679245283,0.6415094339622641,53,23.88679245283019,42,64,CBSauto
CBSauto,2026-05-05,0.4965727272727273,0.5,44,26.136363636363637,35,65,CBSauto
CBSauto,2026-05-06,0.5001261904761906,0.5,42,22.357142857142858,33,66,CBSauto
CBSauto,2026-05-07,0.5494239130434783,0.5434782608695652,46,24.804347826086957,38,67,CBSauto
CBSauto,2026-05-08,0.6381736842105262,0.631578947368421,38,25.42105263157895,30,68,CBSauto
CBSauto,2026-05-09,0.5542404761904761,0.5476190476190477,42,26.523809523809526,33,69,CBSauto
CBSauto,2026-05-10,0.6003232558139535,0.6046511627906976,43,25.790697674418606,36,70,CBSauto
CBSauto,2026-05-11,0.6550787878787878,0.6666666666666666,33,26.545454545454547,31,71,CBSauto
CBSauto,2026-05-12,0.6007739999999999,0.62,50,27.76,36,72,CBSauto
CBSauto,2026-05-13,0.5735342105263158,0.5789473684210527,38,26.789473684210527,33,73,CBSauto
CBSauto,2026-05-14,0.5102038461538462,0.5,52,26.153846153846153,40,74,CBSauto
CBSauto,2026-05-15,0.4911685714285714,0.4857142857142857,35,26.285714285714285,31,75,CBSauto
CBSauto,2026-05-16,0.48291509433962265,0.49056603773584906,53,31.754716981132077,43,76,CBSauto
CBSauto,2026-05-17,0.46314444444444447,0.4222222222222222,45,26.377777777777776,35,77,CBSauto
CBSauto,2026-05-18,0.571736170212766,0.5319148936170213,47,27.148936170212767,40,78,CBSauto
CBSauto,2026-05-19,0.6458348837209302,0.627906976744186,43,27.558139534883722,35,79,CBSauto
CBSauto,2026-05-20,0.5650428571428572,0.5714285714285714,42,26.5,34,80,CBSauto
CBSauto,2026-05-21,0.6385071428571428,0.6071428571428571,28,24.428571428571427,25,81,CBSauto
CBSauto,2026-05-22,0.6301769230769231,0.6153846153846154,39,24.384615384615383,30,82,CBSauto
CBSauto,2026-05-23,0.6421428571428572,0.6285714285714286,35,27.02857142857143,29,83,CBSauto
CBSauto,2026-05-24,0.5874238095238096,0.5714285714285714,42,29.452380952380953,33,84,CBSauto
CBSauto,2026-05-25,0.61021875,0.6666666666666666,48,26.520833333333332,38,85,CBSauto
CBSauto,2026-05-26,0.65890625,0.6875,32,26.4375,28,86,CBSauto
CBSauto,2026-05-27,0.5704205128205129,0.5897435897435898,39,26.076923076923077,32,87,CBSauto
CBSauto,2026-05-28,0.6514904761904762,0.6428571428571429,42,25.071428571428573,32,88,CBSauto
CBSauto,2026-05-29,0.6691833333333334,0.6666666666666666,42,29.166666666666668,36,89,CBSauto
CBSauto,2026-05-30,0.6686232558139534,0.6511627906976745,43,28.302325581395348,38,90,CBSauto
CBSauto,2026-05-31,0.6159591836734694,0.6122448979591837,49,23.79591836734694,39,91,CBSauto
CBSauto,2026-06-01,0.7876027777777778,0.8055555555555556,36,26.88888888888889,30,92,CBSauto
CBSauto,2026-06-02,0.6444372549019608,0.6274509803921569,51,31.529411764705884,42,93,CBSauto
CBSauto,2026-06-03,0.5793309523809524,0.5714285714285714,42,20.11904761904762,33,94,CBSauto
CBSauto,2026-06-04,0.5275023255813953,0.4883720930232558,43,22.093023255813954,39,95,CBSauto
CBSauto,2026-06-05,0.6418761904761905,0.6190476190476191,42,26.047619047619047,34,96,CBSauto
CBSauto,2026-06-06,0.8260533333333334,0.8666666666666667,30,26.133333333333333,27,97,CBSauto
CBSauto,2026-06-07,0.7923,0.8235294117647058,34,25.558823529411764,30,98,CBSauto
CBSauto,2026-06-08,0.7957828571428571,0.8,35,25.62857142857143,31,99,CBSauto
CBSauto,2026-06-09,0.7967622950819672,0.819672131147541,61,27.21311475409836,47,100,CBSauto
CBSauto,2026-06-10,0.589375,0.575,40,22.35,33,101,CBSauto
CBSauto,2026-06-11,0.7460916666666667,0.75,36,30.555555555555557,31,102,CBSauto
CBSauto,2026-06-12,0.7431047619047619,0.7619047619047619,42,27.333333333333332,35,103,CBSauto
CBSauto,2026-06-13,0.7096710526315789,0.7368421052631579,38,29.973684210526315,29,104,CBSauto
CBSauto,2026-06-14,0.7656648648648648,0.7837837837837838,37,31.0,36,105,CBSauto
CBSauto,2026-06-15,0.67298,0.7,40,24.275,36,106,CBSauto
CBSauto,2026-06-16,0.7164883720930233,0.7441860465116279,43,25.651162790697676,38,107,CBSauto
CBSauto,2026-06-17,0.8857805555555556,0.9166666666666666,36,31.0,31,108,CBSauto
CBSauto,2026-06-18,0.7490300000000001,0.825,40,29.5,35,109,CBSauto
CBSauto,2026-06-19,0.6313181818181818,0.6136363636363636,44,24.5,38,110,CBSauto
CBSauto,2026-06-20,0.7782326086956521,0.8043478260869565,46,22.17391304347826,38,111,CBSauto
CBSauto,2026-06-21,0.7785452830188679,0.8301886792452831,53,25.60377358490566,44,112,CBSauto
CBSauto,2026-06-22,0.7828047619047619,0.8333333333333334,42,24.071428571428573,34,113,CBSauto
CBSauto,2026-06-23,0.8383239130434782,0.8695652173913043,46,29.434782608695652,40,114,CBSauto
CBSauto,2026-06-24,0.749943396226415,0.7924528301886793,53,23.41509433962264,44,115,CBSauto
CBSauto,2026-06-25,0.8031400000000001,0.8333333333333334,30,25.466666666666665,24,116,CBSauto
CBSauto,2026-06-26,0.7976964285714285,0.875,56,28.75,47,117,CBSauto
CBSauto,2026-06-27,0.7978229166666666,0.8541666666666666,48,28.291666666666668,44,118,CBSauto
CBSauto,2026-06-28,0.7975266666666666,0.8333333333333334,30,35.7,27,119,CBSauto
CHICAGOSUNauto,2026-03-01,0.41082,0.32,25,24.88,22,0,CHICAGOSUNauto
CHICAGOSUNauto,2026-03-02,0.4256451612903226,0.41935483870967744,31,27.741935483870968,23,1,CHICAGOSUNauto
CHICAGOSUNauto,2026-03-03,0.5108730769230769,0.46153846153846156,26,22.153846153846153,24,2,CHICAGOSUNauto
CHICAGOSUNauto,2026-03-04,0.3968111111111111,0.3333333333333333,27,30.037037037037038,25,3,CHICAGOSUNauto
CHICAGOSUNauto,2026-03-05,0.3079448275862069,0.27586206896551724,29,26.137931034482758,27,4,CHICAGOSUNauto
CHICAGOSUNauto,2026-03-06,0.3355352941176471,0.29411764705882354,17,35.705882352941174,15,5,CHICAGOSUNauto
CHICAGOSUNauto,2026-03-07,0.4549310344827586,0.3793103448275862,29,22.310344827586206,24,6,CHICAGOSUNauto
CHICAGOSUNauto,2026-03-08,0.46886538461538463,0.4230769230769231,26,29.153846153846153,20,7,CHICAGOSUNauto
CHICAGOSUNauto,2026-03-09,0.4410423076923077,0.4230769230769231,26,25.192307692307693,25,8,CHICAGOSUNauto
CHICAGOSUNauto,2026-03-10,0.5171619047619048,0.5238095238095238,21,22.238095238095237,19,9,CHICAGOSUNauto
CHICAGOSUNauto,2026-03-11,0.5459064516129033,0.5806451612903226,31,28.129032258064516,27,10,CHICAGOSUNauto
CHICAGOSUNauto,2026-03-12,0.4570413793103448,0.41379310344827586,29,22.103448275862068,23,11,CHICAGOSUNauto
CHICAGOSUNauto,2026-03-13,0.4571304347826087,0.391304347826087,23,28.73913043478261,23,12,CHICAGOSUNauto
CHICAGOSUNauto,2026-03-14,0.4177314285714286,0.3142857142857143,35,25.6,32,13,CHICAGOSUNauto
CHICAGOSUNauto,2026-03-15,0.3270363636363636,0.3181818181818182,22,28.272727272727273,20,14,CHICAGOSUNauto
CHICAGOSUNauto,2026-03-16,0.5025105263157895,0.42105263157894735,19,27.210526315789473,17,15,CHICAGOSUNauto
CHICAGOSUNauto,2026-03-17,0.31531304347826083,0.2608695652173913,23,26.869565217391305,21,16,CHICAGOSUNauto
CHICAGOSUNauto,2026-03-18,0.5290129032258064,0.45161290322580644,31,31.161290322580644,25,17,CHICAGOSUNauto
CHICAGOSUNauto,2026-03-19,0.49962142857142855,0.4642857142857143,28,30.642857142857142,21,18,CHICAGOSUNauto
CHICAGOSUNauto,2026-03-20,0.3939923076923077,0.38461538461538464,26,25.26923076923077,24,19,CHICAGOSUNauto
CHICAGOSUNauto,2026-03-21,0.4247352941176471,0.4117647058823529,34,22.41176470588235,27,20,CHICAGOSUNauto
CHICAGOSUNauto,2026-03-22,0.4002466666666667,0.3333333333333333,30,31.666666666666668,26,21,CHICAGOSUNauto
CHICAGOSUNauto,2026-03-23,0.4203807692307692,0.34615384615384615,26,22.26923076923077,23,22,CHICAGOSUNauto
CHICAGOSUNauto,2026-03-24,0.39010357142857144,0.35714285714285715,28,28.142857142857142,22,23,CHICAGOSUNauto
CHICAGOSUNauto,2026-03-25,0.4404962962962963,0.37037037037037035,27,26.333333333333332,23,24,CHICAGOSUNauto
CHICAGOSUNauto,2026-03-26,0.43824,0.36666666666666664,30,22.433333333333334,24,25,CHICAGOSUNauto
CHICAGOSUNauto,2026-03-27,0.39257000000000003,0.36666666666666664,30,21.533333333333335,27,26,CHICAGOSUNauto
CHICAGOSUNauto,2026-03-28,0.457851724137931,0.41379310344827586,29,28.03448275862069,26,27,CHICAGOSUNauto
CHICAGOSUNauto,2026-03-29,0.29630384615384614,0.23076923076923078,26,29.26923076923077,22,28,CHICAGOSUNauto
CHICAGOSUNauto,2026-03-30,0.3708285714285714,0.38095238095238093,21,28.523809523809526,19,29,CHICAGOSUNauto
CHICAGOSUNauto,2026-03-31,0.4941586206896552,0.5172413793103449,29,23.93103448275862,27,30,CHICAGOSUNauto
CHICAGOSUNauto,2026-04-01,0.46729677419354837,0.3870967741935484,31,22.93548387096774,29,31,CHICAGOSUNauto
CHICAGOSUNauto,2026-04-02,0.35386666666666666,0.3333333333333333,18,22.88888888888889,15,32,CHICAGOSUNauto
CHICAGOSUNauto,2026-04-03,0.35660000000000003,0.3125,32,30.46875,26,33,CHICAGOSUNauto
CHICAGOSUNauto,2026-04-04,0.45201071428571427,0.39285714285714285,28,33.285714285714285,24,34,CHICAGOSUNauto
CHICAGOSUNauto,2026-04-05,0.45588181818181817,0.45454545454545453,33,27.636363636363637,26,35,CHICAGOSUNauto
CHICAGOSUNauto,2026-04-06,0.5253592592592592,0.5185185185185185,27,24.74074074074074,25,36,CHICAGOSUNauto
CHICAGOSUNauto,2026-04-07,0.4494939393939394,0.36363636363636365,33,24.363636363636363,30,37,CHICAGOSUNauto
CHICAGOSUNauto,2026-04-08,0.36813333333333337,0.3333333333333333,30,22.133333333333333,24,38,CHICAGOSUNauto
CHICAGOSUNauto,2026-04-09,0.3889263157894737,0.3157894736842105,19,30.473684210526315,18,39,CHICAGOSUNauto
CHICAGOSUNauto,2026-04-10,0.4307846153846154,0.34615384615384615,26,24.615384615384617,25,40,CHICAGOSUNauto
CHICAGOSUNauto,2026-04-11,0.5612551724137931,0.5517241379310345,29,31.551724137931036,28,41,CHICAGOSUNauto
CHICAGOSUNauto,2026-04-12,0.4091484848484849,0.3939393939393939,33,28.12121212121212,28,42,CHICAGOSUNauto
CHICAGOSUNauto,2026-04-13,0.4731896551724138,0.4482758620689655,29,27.379310344827587,28,43,CHICAGOSUNauto
CHICAGOSUNauto,2026-04-14,0.32584074074074076,0.25925925925925924,27,19.074074074074073,22,44,CHICAGOSUNauto
CHICAGOSUNauto,2026-04-15,0.36497407407407406,0.3333333333333333,27,29.333333333333332,23,45,CHICAGOSUNauto
CHICAGOSUNauto,2026-04-16,0.36957419354838705,0.2903225806451613,31,28.387096774193548,28,46,CHICAGOSUNauto
CHICAGOSUNauto,2026-04-17,0.40388214285714286,0.35714285714285715,28,24.107142857142858,25,47,CHICAGOSUNauto
CHICAGOSUNauto,2026-04-18,0.38711153846153845,0.38461538461538464,26,27.307692307692307,21,48,CHICAGOSUNauto
CHICAGOSUNauto,2026-04-19,0.5160361111111111,0.5,36,24.444444444444443,31,49,CHICAGOSUNauto
CHICAGOSUNauto,2026-04-20,0.460737037037037,0.4444444444444444,27,25.51851851851852,24,50,CHICAGOSUNauto
CHICAGOSUNauto,2026-04-21,0.46488292682926824,0.43902439024390244,41,24.5609756097561,36,51,CHICAGOSUNauto
CHICAGOSUNauto,2026-04-22,0.5579125,0.5416666666666666,24,32.125,22,52,CHICAGOSUNauto
CHICAGOSUNauto,2026-04-23,0.31565238095238096,0.2857142857142857,21,30.571428571428573,20,53,CHICAGOSUNauto
CHICAGOSUNauto,2026-04-24,0.4897714285714286,0.42857142857142855,21,26.952380952380953,20,54,CHICAGOSUNauto
CHICAGOSUNauto,2026-04-25,0.4568208333333333,0.4583333333333333,24,26.125,22,55,CHICAGOSUNauto
CHICAGOSUNauto,2026-04-26,0.6152230769230769,0.5384615384615384,26,32.30769230769231,22,56,CHICAGOSUNauto
CHICAGOSUNauto,2026-04-27,0.32824878048780487,0.2682926829268293,41,27.121951219512194,34,57,CHICAGOSUNauto
CHICAGOSUNauto,2026-04-28,0.37015,0.26666666666666666,30,25.666666666666668,28,58,CHICAGOSUNauto
CHICAGOSUNauto,2026-04-29,0.4182,0.3870967741935484,31,29.774193548387096,30,59,CHICAGOSUNauto
CHICAGOSUNauto,2026-04-30,0.35054583333333333,0.2916666666666667,24,26.833333333333332,23,60,CHICAGOSUNauto
CHICAGOSUNauto,2026-05-01,0.334369696969697,0.2727272727272727,33,27.818181818181817,27,61,CHICAGOSUNauto
CHICAGOSUNauto,2026-05-02,0.32074583333333334,0.25,24,26.708333333333332,23,62,CHICAGOSUNauto
CHICAGOSUNauto,2026-05-03,0.4807724137931034,0.41379310344827586,29,24.896551724137932,28,63,CHICAGOSUNauto
CHICAGOSUNauto,2026-05-04,0.4415448275862069,0.41379310344827586,29,24.82758620689655,27,64,CHICAGOSUNauto
CHICAGOSUNauto,2026-05-05,0.49083076923076924,0.46153846153846156,26,28.807692307692307,25,65,CHICAGOSUNauto
CHICAGOSUNauto,2026-05-06,0.4950423076923077,0.46153846153846156,26,27.26923076923077,24,66,CHICAGOSUNauto
CHICAGOSUNauto,2026-05-07,0.2988475,0.25,40,24.925,31,67,CHICAGOSUNauto
CHICAGOSUNauto,2026-05-08,0.5440393939393939,0.48484848484848486,33,29.21212121212121,30,68,CHICAGOSUNauto
CHICAGOSUNauto,2026-05-09,0.30998043478260867,0.2391304347826087,46,24.282608695652176,37,69,CHICAGOSUNauto
CHICAGOSUNauto,2026-05-10,0.5122105263157894,0.47368421052631576,19,29.842105263157894,17,70,CHICAGOSUNauto
CHICAGOSUNauto,2026-05-11,0.49923870967741935,0.4838709677419355,31,24.129032258064516,28,71,CHICAGOSUNauto
CHICAGOSUNauto,2026-05-12,0.22610454545454547,0.22727272727272727,22,28.363636363636363,20,72,CHICAGOSUNauto
CHICAGOSUNauto,2026-05-13,0.442496,0.4,25,26.16,23,73,CHICAGOSUNauto
CHICAGOSUNauto,2026-05-14,0.41118000000000005,0.32,25,20.56,25,74,CHICAGOSUNauto
CHICAGOSUNauto,2026-05-15,0.50905,0.475,40,31.15,36,75,CHICAGOSUNauto
CHICAGOSUNauto,2026-05-16,0.38269393939393936,0.3333333333333333,33,26.363636363636363,32,76,CHICAGOSUNauto
CHICAGOSUNauto,2026-05-17,0.4753034482758621,0.3793103448275862,29,26.24137931034483,27,77,CHICAGOSUNauto
CHICAGOSUNauto,2026-05-18,0.47010952380952387,0.38095238095238093,21,28.857142857142858,20,78,CHICAGOSUNauto
CHICAGOSUNauto,2026-05-19,0.39098571428571427,0.37142857142857144,35,26.428571428571427,33,79,CHICAGOSUNauto
CHICAGOSUNauto,2026-05-20,0.3951567567567567,0.32432432432432434,37,23.56756756756757,34,80,CHICAGOSUNauto
CHICAGOSUNauto,2026-05-21,0.22505483870967743,0.16129032258064516,31,25.580645161290324,30,81,CHICAGOSUNauto
CHICAGOSUNauto,2026-05-22,0.49125384615384615,0.4230769230769231,26,33.57692307692308,20,82,CHICAGOSUNauto
CHICAGOSUNauto,2026-05-23,0.4754785714285714,0.4642857142857143,28,29.428571428571427,27,83,CHICAGOSUNauto
CHICAGOSUNauto,2026-05-24,0.40555185185185183,0.2962962962962963,27,26.925925925925927,25,84,CHICAGOSUNauto
CHICAGOSUNauto,2026-05-25,0.4559823529411765,0.38235294117647056,34,28.264705882352942,32,85,CHICAGOSUNauto
CHICAGOSUNauto,2026-05-26,0.5102655172413793,0.4827586206896552,29,25.75862068965517,27,86,CHICAGOSUNauto
CHICAGOSUNauto,2026-05-27,0.4104757575757576,0.36363636363636365,33,30.0,30,87,CHICAGOSUNauto
CHICAGOSUNauto,2026-05-28,0.5042678571428572,0.5,28,28.5,27,88,CHICAGOSUNauto
CHICAGOSUNauto,2026-05-29,0.19821481481481482,0.18518518518518517,27,22.037037037037038,24,89,CHICAGOSUNauto
CHICAGOSUNauto,2026-05-30,0.4938638888888889,0.4722222222222222,36,31.333333333333332,34,90,CHICAGOSUNauto
CHICAGOSUNauto,2026-05-31,0.3952772727272727,0.4090909090909091,22,33.18181818181818,22,91,CHICAGOSUNauto
CHICAGOSUNauto,2026-06-01,0.47520882352941174,0.4117647058823529,34,28.852941176470587,32,92,CHICAGOSUNauto
CHICAGOSUNauto,2026-06-02,0.4070774193548387,0.3870967741935484,31,27.70967741935484,30,93,CHICAGOSUNauto
CHICAGOSUNauto,2026-06-03,0.394995,0.35,20,33.95,20,94,CHICAGOSUNauto
CHICAGOSUNauto,2026-06-04,0.5433086956521739,0.5217391304347826,23,27.869565217391305,23,95,CHICAGOSUNauto
CHICAGOSUNauto,2026-06-05,0.42575416666666666,0.375,24,21.208333333333332,24,96,CHICAGOSUNauto
CHICAGOSUNauto,2026-06-06,0.48822777777777776,0.5,36,18.194444444444443,35,97,CHICAGOSUNauto
CHICAGOSUNauto,2026-06-07,0.48309499999999994,0.45,20,23.2,19,98,CHICAGOSUNauto
CHICAGOSUNauto,2026-06-08,0.5110388888888889,0.4444444444444444,36,25.416666666666668,34,99,CHICAGOSUNauto
CHICAGOSUNauto,2026-06-09,0.3814962962962963,0.3333333333333333,27,27.48148148148148,26,100,CHICAGOSUNauto
CHICAGOSUNauto,2026-06-10,0.49626666666666663,0.5,24,31.291666666666668,23,101,CHICAGOSUNauto
CHICAGOSUNauto,2026-06-11,0.6133484848484849,0.6060606060606061,33,23.636363636363637,31,102,CHICAGOSUNauto
CHICAGOSUNauto,2026-06-12,0.5124931034482758,0.5172413793103449,29,30.655172413793103,27,103,CHICAGOSUNauto
CHICAGOSUNauto,2026-06-13,0.608316,0.56,25,28.24,23,104,CHICAGOSUNauto
CHICAGOSUNauto,2026-06-14,0.6122702702702703,0.5945945945945946,37,28.756756756756758,32,105,CHICAGOSUNauto
CHICAGOSUNauto,2026-06-15,0.5946814814814815,0.5925925925925926,27,24.74074074074074,26,106,CHICAGOSUNauto
CHICAGOSUNauto,2026-06-16,0.39949565217391303,0.34782608695652173,23,30.52173913043478,23,107,CHICAGOSUNauto
CHICAGOSUNauto,2026-06-17,0.5488999999999999,0.5,30,32.06666666666667,29,108,CHICAGOSUNauto
CHICAGOSUNauto,2026-06-18,0.6030818181818182,0.5909090909090909,22,26.181818181818183,21,109,CHICAGOSUNauto
CHICAGOSUNauto,2026-06-19,0.5685034482758621,0.5862068965517241,29,27.275862068965516,29,110,CHICAGOSUNauto
CHICAGOSUNauto,2026-06-20,0.5951323529411765,0.5588235294117647,34,28.88235294117647,32,111,CHICAGOSUNauto
CHICAGOSUNauto,2026-06-21,0.43683235294117645,0.38235294117647056,34,25.647058823529413,33,112,CHICAGOSUNauto
CHICAGOSUNauto,2026-06-22,0.4126260869565218,0.391304347826087,23,31.08695652173913,21,113,CHICAGOSUNauto
CHICAGOSUNauto,2026-06-23,0.5741314285714285,0.5714285714285714,35,22.142857142857142,31,114,CHICAGOSUNauto
CHICAGOSUNauto,2026-06-24,0.468762962962963,0.4444444444444444,27,30.11111111111111,24,115,CHICAGOSUNauto
CHICAGOSUNauto,2026-06-25,0.6498782608695652,0.6086956521739131,23,26.304347826086957,21,116,CHICAGOSUNauto
CHICAGOSUNauto,2026-06-26,0.6057868421052631,0.5789473684210527,38,32.3421052631579,38,117,CHICAGOSUNauto
CHICAGOSUNauto,2026-06-27,0.45415999999999995,0.44,25,26.28,25,118,CHICAGOSUNauto
CHICAGOSUNauto,2026-06-28,0.7135475,0.75,40,26.475,40,119,CHICAGOSUNauto
CHINADAILYauto,2026-03-01,0.3001594594594595,0.24324324324324326,37,25.945945945945947,32,0,CHINADAILYauto
CHINADAILYauto,2026-03-02,0.28766440677966104,0.22033898305084745,59,25.847457627118644,42,1,CHINADAILYauto
CHINADAILYauto,2026-03-03,0.24753409090909093,0.20454545454545456,44,27.954545454545453,34,2,CHINADAILYauto
CHINADAILYauto,2026-03-04,0.2753813953488372,0.18604651162790697,43,24.093023255813954,36,3,CHINADAILYauto
CHINADAILYauto,2026-03-05,0.22216666666666668,0.15555555555555556,45,28.622222222222224,36,4,CHINADAILYauto
CHINADAILYauto,2026-03-06,0.24861707317073173,0.17073170731707318,41,28.536585365853657,33,5,CHINADAILYauto
CHINADAILYauto,2026-03-07,0.38692564102564103,0.358974358974359,39,30.307692307692307,30,6,CHINADAILYauto
CHINADAILYauto,2026-03-08,0.2703017857142857,0.19642857142857142,56,25.607142857142858,44,7,CHINADAILYauto
CHINADAILYauto,2026-03-09,0.23855,0.1590909090909091,44,22.227272727272727,33,8,CHINADAILYauto
CHINADAILYauto,2026-03-10,0.2669288888888889,0.2222222222222222,45,28.68888888888889,39,9,CHINADAILYauto
CHINADAILYauto,2026-03-11,0.2935127659574468,0.2127659574468085,47,24.97872340425532,39,10,CHINADAILYauto
CHINADAILYauto,2026-03-12,0.30333225806451614,0.22580645161290322,31,31.903225806451612,28,11,CHINADAILYauto
CHINADAILYauto,2026-03-13,0.2489280701754386,0.14035087719298245,57,27.82456140350877,43,12,CHINADAILYauto
CHINADAILYauto,2026-03-14,0.335856862745098,0.27450980392156865,51,28.745098039215687,39,13,CHINADAILYauto
CHINADAILYauto,2026-03-15,0.3083714285714286,0.2857142857142857,42,28.38095238095238,33,14,CHINADAILYauto
CHINADAILYauto,2026-03-16,0.3201489361702128,0.2553191489361702,47,24.638297872340427,37,15,CHINADAILYauto
CHINADAILYauto,2026-03-17,0.27047916666666666,0.20833333333333334,48,27.625,37,16,CHINADAILYauto
CHINADAILYauto,2026-03-18,0.3352452830188679,0.2830188679245283,53,25.07547169811321,40,17,CHINADAILYauto
CHINADAILYauto,2026-03-19,0.356794,0.3,50,24.06,39,18,CHINADAILYauto
CHINADAILYauto,2026-03-20,0.24431724137931035,0.20689655172413793,58,29.75862068965517,41,19,CHINADAILYauto
CHINADAILYauto,2026-03-21,0.26978653846153844,0.17307692307692307,52,31.326923076923077,46,20,CHINADAILYauto
CHINADAILYauto,2026-03-22,0.36337111111111114,0.26666666666666666,45,27.866666666666667,38,21,CHINADAILYauto
CHINADAILYauto,2026-03-23,0.3248309090909091,0.2727272727272727,55,29.01818181818182,46,22,CHINADAILYauto
CHINADAILYauto,2026-03-24,0.37260909090909095,0.34545454545454546,55,27.12727272727273,43,23,CHINADAILYauto
CHINADAILYauto,2026-03-25,0.32960192307692304,0.19230769230769232,52,32.26923076923077,38,24,CHINADAILYauto
CHINADAILYauto,2026-03-26,0.3609232558139535,0.27906976744186046,43,27.25581395348837,36,25,CHINADAILYauto
CHINADAILYauto,2026-03-27,0.32482727272727274,0.20454545454545456,44,27.90909090909091,34,26,CHINADAILYauto
CHINADAILYauto,2026-03-28,0.33621132075471694,0.2641509433962264,53,29.92452830188679,40,27,CHINADAILYauto
CHINADAILYauto,2026-03-29,0.2953517857142857,0.21428571428571427,56,30.035714285714285,40,28,CHINADAILYauto
CHINADAILYauto,2026-03-30,0.36091951219512197,0.3170731707317073,41,29.463414634146343,33,29,CHINADAILYauto
CHINADAILYauto,2026-03-31,0.33603488372093027,0.27906976744186046,43,27.651162790697676,37,30,CHINADAILYauto
CHINADAILYauto,2026-04-01,0.3148425,0.275,40,29.1,27,31,CHINADAILYauto
CHINADAILYauto,2026-04-02,0.2486,0.16279069767441862,43,28.72093023255814,32,32,CHINADAILYauto
CHINADAILYauto,2026-04-03,0.2595142857142857,0.16666666666666666,42,32.476190476190474,37,33,CHINADAILYauto
CHINADAILYauto,2026-04-04,0.26314081632653064,0.16326530612244897,49,29.0,38,34,CHINADAILYauto
CHINADAILYauto,2026-04-05,0.3036981132075472,0.20754716981132076,53,27.433962264150942,38,35,CHINADAILYauto
CHINADAILYauto,2026-04-06,0.27270249999999996,0.2,40,23.0,29,36,CHINADAILYauto
CHINADAILYauto,2026-04-07,0.2745121951219512,0.17073170731707318,41,26.853658536585368,36,37,CHINADAILYauto
CHINADAILYauto,2026-04-08,0.24995,0.1388888888888889,36,31.416666666666668,31,38,CHINADAILYauto
CHINADAILYauto,2026-04-09,0.29919565217391303,0.2608695652173913,46,26.369565217391305,38,39,CHINADAILYauto
CHINADAILYauto,2026-04-10,0.31087017543859646,0.22807017543859648,57,27.859649122807017,45,40,CHINADAILYauto
CHINADAILYauto,2026-04-11,0.1971,0.10869565217391304,46,22.369565217391305,36,41,CHINADAILYauto
CHINADAILYauto,2026-04-12,0.27732558139534885,0.18604651162790697,43,31.27906976744186,37,42,CHINADAILYauto
CHINADAILYauto,2026-04-13,0.27423846153846154,0.19230769230769232,52,30.865384615384617,40,43,CHINADAILYauto
CHINADAILYauto,2026-04-14,0.32989423076923075,0.25,52,28.596153846153847,38,44,CHINADAILYauto
CHINADAILYauto,2026-04-15,0.3135294117647059,0.23529411764705882,51,28.0,39,45,CHINADAILYauto
CHINADAILYauto,2026-04-16,0.271109756097561,0.1951219512195122,41,23.26829268292683,32,46,CHINADAILYauto
CHINADAILYauto,2026-04-17,0.30383333333333334,0.24444444444444444,45,24.977777777777778,39,47,CHINADAILYauto
CHINADAILYauto,2026-04-18,0.22906249999999997,0.125,48,20.520833333333332,39,48,CHINADAILYauto
CHINADAILYauto,2026-04-19,0.24104130434782609,0.17391304347826086,46,25.23913043478261,37,49,CHINADAILYauto
CHINADAILYauto,2026-04-20,0.23676521739130435,0.17391304347826086,46,30.52173913043478,39,50,CHINADAILYauto
CHINADAILYauto,2026-04-21,0.30722093023255814,0.2558139534883721,43,27.372093023255815,36,51,CHINADAILYauto
CHINADAILYauto,2026-04-22,0.3926875,0.3392857142857143,56,24.696428571428573,41,52,CHINADAILYauto
CHINADAILYauto,2026-04-23,0.280304347826087,0.1956521739130435,46,29.652173913043477,37,53,CHINADAILYauto
CHINADAILYauto,2026-04-24,0.2299609756097561,0.17073170731707318,41,25.51219512195122,30,54,CHINADAILYauto
CHINADAILYauto,2026-04-25,0.25940888888888886,0.2,45,24.666666666666668,37,55,CHINADAILYauto
CHINADAILYauto,2026-04-26,0.31108,0.2545454545454545,55,28.054545454545455,45,56,CHINADAILYauto
CHINADAILYauto,2026-04-27,0.3928395348837209,0.3488372093023256,43,28.093023255813954,35,57,CHINADAILYauto
CHINADAILYauto,2026-04-28,0.283247619047619,0.16666666666666666,42,21.30952380952381,37,58,CHINADAILYauto
CHINADAILYauto,2026-04-29,0.26233409090909093,0.1590909090909091,44,28.09090909090909,35,59,CHINADAILYauto
CHINADAILYauto,2026-04-30,0.3310425925925926,0.2222222222222222,54,25.48148148148148,39,60,CHINADAILYauto
CHINADAILYauto,2026-05-01,0.34855600000000003,0.24,50,25.74,39,61,CHINADAILYauto
CHINADAILYauto,2026-05-02,0.2680923076923077,0.20512820512820512,39,23.41025641025641,33,62,CHINADAILYauto
CHINADAILYauto,2026-05-03,0.26788372093023255,0.23255813953488372,43,26.25581395348837,35,63,CHINADAILYauto
CHINADAILYauto,2026-05-04,0.24773773584905662,0.16981132075471697,53,28.471698113207548,39,64,CHINADAILYauto
CHINADAILYauto,2026-05-05,0.36942708333333335,0.2708333333333333,48,27.979166666666668,34,65,CHINADAILYauto
CHINADAILYauto,2026-05-06,0.4170811320754717,0.3584905660377358,53,29.0188679245283,45,66,CHINADAILYauto
CHINADAILYauto,2026-05-07,0.32714444444444446,0.25,36,25.27777777777778,32,67,CHINADAILYauto
CHINADAILYauto,2026-05-08,0.3323658536585366,0.24390243902439024,41,23.804878048780488,34,68,CHINADAILYauto
CHINADAILYauto,2026-05-09,0.28525737704918036,0.21311475409836064,61,25.81967213114754,47,69,CHINADAILYauto
CHINADAILYauto,2026-05-10,0.3713073170731707,0.3170731707317073,41,28.878048780487806,34,70,CHINADAILYauto
CHINADAILYauto,2026-05-11,0.3511228571428572,0.3142857142857143,35,28.314285714285713,27,71,CHINADAILYauto
CHINADAILYauto,2026-05-12,0.298958,0.22,50,24.6,40,72,CHINADAILYauto
CHINADAILYauto,2026-05-13,0.2186684210526316,0.13157894736842105,38,23.81578947368421,31,73,CHINADAILYauto
CHINADAILYauto,2026-05-14,0.3537363636363637,0.2727272727272727,44,27.90909090909091,33,74,CHINADAILYauto
CHINADAILYauto,2026-05-15,0.22653934426229508,0.14754098360655737,61,25.59016393442623,44,75,CHINADAILYauto
CHINADAILYauto,2026-05-16,0.38030810810810806,0.2702702702702703,37,33.16216216216216,30,76,CHINADAILYauto
CHINADAILYauto,2026-05-17,0.35415833333333335,0.3333333333333333,48,22.0,37,77,CHINADAILYauto
CHINADAILYauto,2026-05-18,0.3822046511627907,0.3023255813953488,43,27.74418604651163,33,78,CHINADAILYauto
CHINADAILYauto,2026-05-19,0.42804285714285717,0.40816326530612246,49,26.428571428571427,37,79,CHINADAILYauto
CHINADAILYauto,2026-05-20,0.254054,0.2,50,28.92,37,80,CHINADAILYauto
CHINADAILYauto,2026-05-21,0.2877645833333333,0.1875,48,29.270833333333332,36,81,CHINADAILYauto
CHINADAILYauto,2026-05-22,0.32190714285714284,0.23809523809523808,42,24.69047619047619,37,82,CHINADAILYauto
CHINADAILYauto,2026-05-23,0.21782745098039213,0.13725490196078433,51,27.470588235294116,36,83,CHINADAILYauto
CHINADAILYauto,2026-05-24,0.2545796296296296,0.18518518518518517,54,27.037037037037038,42,84,CHINADAILYauto
CHINADAILYauto,2026-05-25,0.36221190476190473,0.2619047619047619,42,22.547619047619047,33,85,CHINADAILYauto
CHINADAILYauto,2026-05-26,0.32663829787234044,0.2765957446808511,47,26.638297872340427,37,86,CHINADAILYauto
CHINADAILYauto,2026-05-27,0.30999375,0.25,48,24.583333333333332,38,87,CHINADAILYauto
CHINADAILYauto,2026-05-28,0.26110487804878046,0.17073170731707318,41,28.121951219512194,35,88,CHINADAILYauto
CHINADAILYauto,2026-05-29,0.3180704545454545,0.2727272727272727,44,25.84090909090909,35,89,CHINADAILYauto
CHINADAILYauto,2026-05-30,0.41903529411764706,0.37254901960784315,51,31.96078431372549,40,90,CHINADAILYauto
CHINADAILYauto,2026-05-31,0.32663018867924526,0.24528301886792453,53,25.943396226415093,41,91,CHINADAILYauto
CHINADAILYauto,2026-06-01,0.24481153846153847,0.15384615384615385,52,27.692307692307693,40,92,CHINADAILYauto
CHINADAILYauto,2026-06-02,0.36075384615384615,0.28205128205128205,39,30.94871794871795,33,93,CHINADAILYauto
CHINADAILYauto,2026-06-03,0.3321938775510204,0.2857142857142857,49,28.836734693877553,41,94,CHINADAILYauto
CHINADAILYauto,2026-06-04,0.34397346938775514,0.24489795918367346,49,24.73469387755102,40,95,CHINADAILYauto
CHINADAILYauto,2026-06-05,0.2813675,0.2,40,23.35,33,96,CHINADAILYauto
CHINADAILYauto,2026-06-06,0.19294042553191487,0.10638297872340426,47,27.5531914893617,37,97,CHINADAILYauto
CHINADAILYauto,2026-06-07,0.32544347826086956,0.2608695652173913,46,28.47826086956522,40,98,CHINADAILYauto
CHINADAILYauto,2026-06-08,0.3448866666666667,0.3111111111111111,45,27.155555555555555,36,99,CHINADAILYauto
CHINADAILYauto,2026-06-09,0.24253555555555553,0.2,45,31.177777777777777,35,100,CHINADAILYauto
CHINADAILYauto,2026-06-10,0.28759454545454544,0.18181818181818182,55,28.563636363636363,46,101,CHINADAILYauto
CHINADAILYauto,2026-06-11,0.40035652173913044,0.3695652173913043,46,30.891304347826086,38,102,CHINADAILYauto
CHINADAILYauto,2026-06-12,0.28073783783783784,0.16216216216216217,37,28.405405405405407,30,103,CHINADAILYauto
CHINADAILYauto,2026-06-13,0.3789693877551021,0.30612244897959184,49,22.551020408163264,39,104,CHINADAILYauto
CHINADAILYauto,2026-06-14,0.4466015873015873,0.4126984126984127,63,26.92063492063492,49,105,CHINADAILYauto
CHINADAILYauto,2026-06-15,0.29649574468085105,0.23404255319148937,47,26.23404255319149,32,106,CHINADAILYauto
CHINADAILYauto,2026-06-16,0.2274795918367347,0.16326530612244897,49,26.591836734693878,35,107,CHINADAILYauto
CHINADAILYauto,2026-06-17,0.284706,0.22,50,26.46,38,108,CHINADAILYauto
CHINADAILYauto,2026-06-18,0.1724576923076923,0.11538461538461539,52,25.923076923076923,44,109,CHINADAILYauto
CHINADAILYauto,2026-06-19,0.32166949152542373,0.22033898305084745,59,27.322033898305083,43,110,CHINADAILYauto
CHINADAILYauto,2026-06-20,0.23942631578947368,0.15789473684210525,57,30.210526315789473,42,111,CHINADAILYauto
CHINADAILYauto,2026-06-21,0.3441166666666667,0.23809523809523808,42,23.547619047619047,33,112,CHINADAILYauto
CHINADAILYauto,2026-06-22,0.29312727272727274,0.22727272727272727,44,28.045454545454547,34,113,CHINADAILYauto
CHINADAILYauto,2026-06-23,0.204434,0.14,50,29.28,39,114,CHINADAILYauto
CHINADAILYauto,2026-06-24,0.263002,0.18,50,25.86,37,115,CHINADAILYauto
CHINADAILYauto,2026-06-25,0.30866909090909095,0.23636363636363636,55,25.454545454545453,42,116,CHINADAILYauto
CHINADAILYauto,2026-06-26,0.2759945945945946,0.16216216216216217,37,26.216216216216218,32,117,CHINADAILYauto
CHINADAILYauto,2026-06-27,0.25563191489361703,0.1702127659574468,47,25.851063829787233,38,118,CHINADAILYauto
CHINADAILYauto,2026-06-28,0.3127078947368421,0.2631578947368421,38,29.473684210526315,35,119,CHINADAILYauto
Conservative,2026-03-01,0.3698388888888889,0.2777777777777778,18,27.833333333333332,14,0,Conservative
Conservative,2026-03-02,0.323,0.18518518518518517,27,25.037037037037038,22,1,Conservative
Conservative,2026-03-03,0.23222222222222222,0.16666666666666666,18,36.72222222222222,18,2,Conservative
Conservative,2026-03-04,0.17682857142857142,0.14285714285714285,14,23.5,14,3,Conservative
Conservative,2026-03-05,0.42835454545454543,0.3181818181818182,22,27.954545454545453,19,4,Conservative
Conservative,2026-03-06,0.24338260869565218,0.17391304347826086,23,21.17391304347826,22,5,Conservative
Conservative,2026-03-07,0.44074347826086957,0.391304347826087,23,35.08695652173913,19,6,Conservative
Conservative,2026-03-08,0.4042238095238095,0.3333333333333333,21,23.285714285714285,20,7,Conservative
Conservative,2026-03-09,0.3581826086956522,0.2608695652173913,23,35.08695652173913,23,8,Conservative
Conservative,2026-03-10,0.5037421052631579,0.47368421052631576,19,27.842105263157894,17,9,Conservative
Conservative,2026-03-11,0.35448,0.3,20,26.8,17,10,Conservative
Conservative,2026-03-12,0.37383333333333335,0.3333333333333333,21,26.904761904761905,16,11,Conservative
Conservative,2026-03-13,0.239944,0.2,25,22.96,20,12,Conservative
Conservative,2026-03-14,0.22763793103448274,0.06896551724137931,29,21.655172413793103,23,13,Conservative
Conservative,2026-03-15,0.34696842105263154,0.21052631578947367,19,22.210526315789473,18,14,Conservative
Conservative,2026-03-16,0.20416666666666666,0.18518518518518517,27,28.85185185185185,25,15,Conservative
Conservative,2026-03-17,0.34504761904761905,0.2857142857142857,21,23.80952380952381,19,16,Conservative
Conservative,2026-03-18,0.3608578947368421,0.3157894736842105,19,22.0,17,17,Conservative
Conservative,2026-03-19,0.18051333333333333,0.06666666666666667,30,26.866666666666667,26,18,Conservative
Conservative,2026-03-20,0.39879090909090914,0.3181818181818182,22,30.272727272727273,21,19,Conservative
Conservative,2026-03-21,0.33508260869565215,0.21739130434782608,23,29.043478260869566,19,20,Conservative
Conservative,2026-03-22,0.4476833333333334,0.375,24,28.833333333333332,20,21,Conservative
Conservative,2026-03-23,0.285896,0.24,25,24.92,22,22,Conservative
Conservative,2026-03-24,0.28574761904761903,0.2857142857142857,21,20.238095238095237,20,23,Conservative
Conservative,2026-03-25,0.3822,0.2962962962962963,27,24.25925925925926,22,24,Conservative
Conservative,2026-03-26,0.41337407407407406,0.3333333333333333,27,21.296296296296298,24,25,Conservative
Conservative,2026-03-27,0.33793684210526315,0.2631578947368421,19,27.94736842105263,18,26,Conservative
Conservative,2026-03-28,0.3377,0.21739130434782608,23,26.0,18,27,Conservative
Conservative,2026-03-29,0.4972857142857143,0.42857142857142855,21,37.142857142857146,20,28,Conservative
Conservative,2026-03-30,0.286395652173913,0.2608695652173913,23,35.56521739130435,20,29,Conservative
Conservative,2026-03-31,0.21273714285714287,0.14285714285714285,35,20.142857142857142,29,30,Conservative
Conservative,2026-04-01,0.323135,0.3,20,26.95,18,31,Conservative
Conservative,2026-04-02,0.34902105263157895,0.3157894736842105,19,34.36842105263158,18,32,Conservative
Conservative,2026-04-03,0.13309500000000002,0.05,20,26.0,17,33,Conservative
Conservative,2026-04-04,0.3247227272727273,0.2727272727272727,22,29.181818181818183,18,34,Conservative
Conservative,2026-04-05,0.18536249999999999,0.125,24,20.583333333333332,21,35,Conservative
Conservative,2026-04-06,0.33463333333333334,0.2916666666666667,24,27.166666666666668,22,36,Conservative
Conservative,2026-04-07,0.36598,0.3333333333333333,15,26.333333333333332,15,37,Conservative
Conservative,2026-04-08,0.22762272727272725,0.18181818181818182,22,25.227272727272727,21,38,Conservative
Conservative,2026-04-09,0.22182857142857143,0.14285714285714285,21,36.04761904761905,20,39,Conservative
Conservative,2026-04-10,0.3368333333333333,0.25,24,29.125,22,40,Conservative
Conservative,2026-04-11,0.20573181818181815,0.13636363636363635,22,23.136363636363637,17,41,Conservative
Conservative,2026-04-12,0.4877230769230769,0.4230769230769231,26,26.923076923076923,24,42,Conservative
Conservative,2026-04-13,0.359,0.2777777777777778,18,28.61111111111111,17,43,Conservative
Conservative,2026-04-14,0.3222260869565217,0.30434782608695654,23,23.565217391304348,21,44,Conservative
Conservative,2026-04-15,0.4148428571428572,0.35714285714285715,14,27.071428571428573,12,45,Conservative
Conservative,2026-04-16,0.4590952380952381,0.38095238095238093,21,13.285714285714286,18,46,Conservative
Conservative,2026-04-17,0.2826903225806452,0.25806451612903225,31,27.548387096774192,25,47,Conservative
Conservative,2026-04-18,0.2679684210526316,0.21052631578947367,19,31.736842105263158,18,48,Conservative
Conservative,2026-04-19,0.497725,0.4166666666666667,24,22.416666666666668,21,49,Conservative
Conservative,2026-04-20,0.38844210526315787,0.2631578947368421,19,20.894736842105264,16,50,Conservative
Conservative,2026-04-21,0.4607208333333333,0.4166666666666667,24,20.875,21,51,Conservative
Conservative,2026-04-22,0.24955333333333335,0.2,30,31.933333333333334,27,52,Conservative
Conservative,2026-04-23,0.25118235294117647,0.17647058823529413,17,22.529411764705884,14,53,Conservative
Conservative,2026-04-24,0.29786451612903225,0.22580645161290322,31,21.032258064516128,29,54,Conservative
Conservative,2026-04-25,0.34421250000000003,0.2916666666666667,24,26.875,20,55,Conservative
Conservative,2026-04-26,0.33539375,0.3125,16,23.8125,16,56,Conservative
Conservative,2026-04-27,0.3457041666666667,0.2916666666666667,24,22.875,22,57,Conservative
Conservative,2026-04-28,0.3735133333333333,0.3333333333333333,15,28.4,15,58,Conservative
Conservative,2026-04-29,0.22555882352941176,0.17647058823529413,17,21.470588235294116,14,59,Conservative
Conservative,2026-04-30,0.44126521739130437,0.391304347826087,23,27.565217391304348,20,60,Conservative
Conservative,2026-05-01,0.3406206896551724,0.27586206896551724,29,24.862068965517242,25,61,Conservative
Conservative,2026-05-02,0.15828124999999998,0.0625,16,31.3125,16,62,Conservative
Conservative,2026-05-03,0.34873600000000005,0.28,25,34.08,23,63,Conservative
Conservative,2026-05-04,0.36975416666666666,0.25,24,28.958333333333332,21,64,Conservative
Conservative,2026-05-05,0.27880555555555553,0.16666666666666666,18,31.444444444444443,15,65,Conservative
Conservative,2026-05-06,0.313925,0.2,20,27.7,19,66,Conservative
Conservative,2026-05-07,0.28353684210526314,0.21052631578947367,19,37.73684210526316,16,67,Conservative
Conservative,2026-05-08,0.16604814814814814,0.07407407407407407,27,26.22222222222222,22,68,Conservative
Conservative,2026-05-09,0.4446807692307692,0.4230769230769231,26,30.96153846153846,23,69,Conservative
Conservative,2026-05-10,0.371695,0.3,20,27.8,19,70,Conservative
Conservative,2026-05-11,0.4520476190476191,0.38095238095238093,21,27.142857142857142,18,71,Conservative
Conservative,2026-05-12,0.29946875,0.25,16,30.1875,15,72,Conservative
Conservative,2026-05-13,0.279885,0.25,20,24.3,18,73,Conservative
Conservative,2026-05-14,0.21892499999999998,0.15,20,22.7,17,74,Conservative
Conservative,2026-05-15,0.30424090909090906,0.22727272727272727,22,23.454545454545453,19,75,Conservative
Conservative,2026-05-16,0.21529642857142856,0.14285714285714285,28,29.75,26,76,Conservative
Conservative,2026-05-17,0.32473599999999997,0.24,25,29.12,22,77,Conservative
Conservative,2026-05-18,0.33929714285714285,0.3142857142857143,35,26.62857142857143,32,78,Conservative
Conservative,2026-05-19,0.2043708333333333,0.16666666666666666,24,32.166666666666664,20,79,Conservative
Conservative,2026-05-20,0.38543684210526313,0.2631578947368421,19,26.31578947368421,16,80,Conservative
Conservative,2026-05-21,0.25784666666666667,0.2,15,28.133333333333333,14,81,Conservative
Conservative,2026-05-22,0.2597909090909091,0.13636363636363635,22,28.954545454545453,19,82,Conservative
Conservative,2026-05-23,0.3614136363636364,0.22727272727272727,22,26.863636363636363,17,83,Conservative
Conservative,2026-05-24,0.23447333333333334,0.06666666666666667,15,32.46666666666667,15,84,Conservative
Conservative,2026-05-25,0.41321363636363634,0.36363636363636365,22,24.545454545454547,20,85,Conservative
Conservative,2026-05-26,0.41381851851851853,0.3333333333333333,27,21.88888888888889,22,86,Conservative
Conservative,2026-05-27,0.23610370370370373,0.07407407407407407,27,28.074074074074073,23,87,Conservative
Conservative,2026-05-28,0.26337083333333333,0.20833333333333334,24,27.666666666666668,18,88,Conservative
Conservative,2026-05-29,0.1999,0.13636363636363635,22,24.954545454545453,21,89,Conservative
Conservative,2026-05-30,0.2998066666666667,0.26666666666666666,15,30.666666666666668,14,90,Conservative
Conservative,2026-05-31,0.3178142857142857,0.23809523809523808,21,26.0,20,91,Conservative
Conservative,2026-06-01,0.176895,0.1,20,21.8,18,92,Conservative
Conservative,2026-06-02,0.20049999999999998,0.13636363636363635,22,28.0,18,93,Conservative
Conservative,2026-06-03,0.30906,0.24,25,25.96,22,94,Conservative
Conservative,2026-06-04,0.2973684210526316,0.2631578947368421,19,27.0,16,95,Conservative
Conservative,2026-06-05,0.220184375,0.15625,32,24.09375,28,96,Conservative
Conservative,2026-06-06,0.2406157894736842,0.10526315789473684,19,33.68421052631579,17,97,Conservative
Conservative,2026-06-07,0.17599310344827584,0.06896551724137931,29,22.20689655172414,24,98,Conservative
Conservative,2026-06-08,0.1989125,0.125,16,31.8125,13,99,Conservative
Conservative,2026-06-09,0.1452086956521739,0.08695652173913043,23,24.043478260869566,18,100,Conservative
Conservative,2026-06-10,0.3006,0.19047619047619047,21,25.80952380952381,20,101,Conservative
Conservative,2026-06-11,0.22642727272727273,0.13636363636363635,22,27.363636363636363,20,102,Conservative
Conservative,2026-06-12,0.48084117647058827,0.4117647058823529,17,27.41176470588235,16,103,Conservative
Conservative,2026-06-13,0.2396625,0.16666666666666666,24,24.083333333333332,20,104,Conservative
Conservative,2026-06-14,0.22841142857142857,0.14285714285714285,35,23.65714285714286,30,105,Conservative
Conservative,2026-06-15,0.213275,0.0625,16,26.9375,15,106,Conservative
Conservative,2026-06-16,0.15653870967741934,0.06451612903225806,31,30.64516129032258,28,107,Conservative
Conservative,2026-06-17,0.30630833333333335,0.20833333333333334,24,30.208333333333332,21,108,Conservative
Conservative,2026-06-18,0.10752727272727274,0.0,22,30.272727272727273,19,109,Conservative
Conservative,2026-06-19,0.11329999999999998,0.0,21,28.61904761904762,20,110,Conservative
Conservative,2026-06-20,0.17833684210526315,0.0,19,29.31578947368421,16,111,Conservative
Conservative,2026-06-21,0.13451904761904762,0.0,21,24.285714285714285,20,112,Conservative
Conservative,2026-06-22,0.1668,0.05,20,32.3,16,113,Conservative
Conservative,2026-06-23,0.2020869565217391,0.13043478260869565,23,18.869565217391305,19,114,Conservative
Conservative,2026-06-24,0.14965151515151517,0.030303030303030304,33,22.90909090909091,28,115,Conservative
Conservative,2026-06-25,0.2134304347826087,0.13043478260869565,23,35.130434782608695,19,116,Conservative
Conservative,2026-06-26,0.1641842105263158,0.05263157894736842,19,29.157894736842106,17,117,Conservative
Conservative,2026-06-27,0.14323703703703702,0.037037037037037035,27,20.037037037037038,22,118,Conservative
Conservative,2026-06-28,0.09136521739130435,0.0,23,26.043478260869566,18,119,Conservative
DonaldTrumpWhiteHouse,2026-03-01,0.36896190476190477,0.38095238095238093,21,23.38095238095238,21,0,DonaldTrumpWhiteHouse
DonaldTrumpWhiteHouse,2026-03-02,0.388525,0.3611111111111111,36,25.444444444444443,26,1,DonaldTrumpWhiteHouse
DonaldTrumpWhiteHouse,2026-03-03,0.476790625,0.4375,32,24.875,25,2,DonaldTrumpWhiteHouse
DonaldTrumpWhiteHouse,2026-03-04,0.4751296296296296,0.4074074074074074,27,24.51851851851852,22,3,DonaldTrumpWhiteHouse
DonaldTrumpWhiteHouse,2026-03-05,0.3813692307692308,0.3333333333333333,39,27.17948717948718,29,4,DonaldTrumpWhiteHouse
DonaldTrumpWhiteHouse,2026-03-06,0.518141935483871,0.4838709677419355,31,23.612903225806452,27,5,DonaldTrumpWhiteHouse
DonaldTrumpWhiteHouse,2026-03-07,0.3932942857142857,0.3142857142857143,35,26.714285714285715,30,6,DonaldTrumpWhiteHouse
DonaldTrumpWhiteHouse,2026-03-08,0.3338275,0.3,40,34.0,30,7,DonaldTrumpWhiteHouse
DonaldTrumpWhiteHouse,2026-03-09,0.4887333333333333,0.3939393939393939,33,28.060606060606062,24,8,DonaldTrumpWhiteHouse
DonaldTrumpWhiteHouse,2026-03-10,0.448375,0.4166666666666667,36,28.694444444444443,27,9,DonaldTrumpWhiteHouse
DonaldTrumpWhiteHouse,2026-03-11,0.4023481481481482,0.3333333333333333,27,19.444444444444443,23,10,DonaldTrumpWhiteHouse
DonaldTrumpWhiteHouse,2026-03-12,0.5336969696969698,0.48484848484848486,33,29.0,27,11,DonaldTrumpWhiteHouse
DonaldTrumpWhiteHouse,2026-03-13,0.4021568181818182,0.38636363636363635,44,30.318181818181817,32,12,DonaldTrumpWhiteHouse
DonaldTrumpWhiteHouse,2026-03-14,0.34881142857142855,0.3142857142857143,35,31.114285714285714,30,13,DonaldTrumpWhiteHouse
DonaldTrumpWhiteHouse,2026-03-15,0.30294473684210527,0.23684210526315788,38,27.86842105263158,32,14,DonaldTrumpWhiteHouse
DonaldTrumpWhiteHouse,2026-03-16,0.5251574468085106,0.46808510638297873,47,27.80851063829787,35,15,DonaldTrumpWhiteHouse
DonaldTrumpWhiteHouse,2026-03-17,0.33747027027027027,0.32432432432432434,37,22.513513513513512,23,16,DonaldTrumpWhiteHouse
DonaldTrumpWhiteHouse,2026-03-18,0.388996,0.28,25,26.64,21,17,DonaldTrumpWhiteHouse
DonaldTrumpWhiteHouse,2026-03-19,0.3922771428571428,0.34285714285714286,35,26.771428571428572,26,18,DonaldTrumpWhiteHouse
DonaldTrumpWhiteHouse,2026-03-20,0.46707916666666666,0.375,24,32.458333333333336,21,19,DonaldTrumpWhiteHouse
DonaldTrumpWhiteHouse,2026-03-21,0.4099333333333333,0.37037037037037035,27,24.925925925925927,22,20,DonaldTrumpWhiteHouse
DonaldTrumpWhiteHouse,2026-03-22,0.3721511627906977,0.32558139534883723,43,25.813953488372093,29,21,DonaldTrumpWhiteHouse
DonaldTrumpWhiteHouse,2026-03-23,0.4824233333333333,0.4666666666666667,30,17.3,25,22,DonaldTrumpWhiteHouse
DonaldTrumpWhiteHouse,2026-03-24,0.41916756756756757,0.40540540540540543,37,25.08108108108108,27,23,DonaldTrumpWhiteHouse
DonaldTrumpWhiteHouse,2026-03-25,0.35492285714285715,0.3142857142857143,35,31.457142857142856,27,24,DonaldTrumpWhiteHouse
DonaldTrumpWhiteHouse,2026-03-26,0.40795333333333333,0.3333333333333333,30,30.3,23,25,DonaldTrumpWhiteHouse
DonaldTrumpWhiteHouse,2026-03-27,0.28958275862068966,0.1724137931034483,29,25.310344827586206,24,26,DonaldTrumpWhiteHouse
DonaldTrumpWhiteHouse,2026-03-28,0.37565625,0.34375,32,26.625,21,27,DonaldTrumpWhiteHouse
DonaldTrumpWhiteHouse,2026-03-29,0.27773333333333333,0.2222222222222222,27,32.925925925925924,23,28,DonaldTrumpWhiteHouse
DonaldTrumpWhiteHouse,2026-03-30,0.46430769230769225,0.34615384615384615,26,26.653846153846153,20,29,DonaldTrumpWhiteHouse
DonaldTrumpWhiteHouse,2026-03-31,0.3305774193548387,0.25806451612903225,31,22.774193548387096,24,30,DonaldTrumpWhiteHouse
DonaldTrumpWhiteHouse,2026-04-01,0.3865176470588235,0.35294117647058826,34,26.970588235294116,28,31,DonaldTrumpWhiteHouse
DonaldTrumpWhiteHouse,2026-04-02,0.5504135135135135,0.5135135135135135,37,26.027027027027028,27,32,DonaldTrumpWhiteHouse
DonaldTrumpWhiteHouse,2026-04-03,0.3426,0.21875,32,28.34375,25,33,DonaldTrumpWhiteHouse
DonaldTrumpWhiteHouse,2026-04-04,0.40711250000000004,0.375,40,29.625,26,34,DonaldTrumpWhiteHouse
DonaldTrumpWhiteHouse,2026-04-05,0.274648,0.2,25,32.6,21,35,DonaldTrumpWhiteHouse
DonaldTrumpWhiteHouse,2026-04-06,0.438684375,0.375,32,28.875,26,36,DonaldTrumpWhiteHouse
DonaldTrumpWhiteHouse,2026-04-07,0.3974392857142857,0.2857142857142857,28,25.928571428571427,21,37,DonaldTrumpWhiteHouse
DonaldTrumpWhiteHouse,2026-04-08,0.2270121951219512,0.14634146341463414,41,27.024390243902438,32,38,DonaldTrumpWhiteHouse
DonaldTrumpWhiteHouse,2026-04-09,0.398275,0.36363636363636365,44,28.84090909090909,37,39,DonaldTrumpWhiteHouse
DonaldTrumpWhiteHouse,2026-04-10,0.26719767441860465,0.18604651162790697,43,32.325581395348834,33,40,DonaldTrumpWhiteHouse
DonaldTrumpWhiteHouse,2026-04-11,0.4596034482758621,0.41379310344827586,29,27.82758620689655,26,41,DonaldTrumpWhiteHouse
DonaldTrumpWhiteHouse,2026-04-12,0.3074642857142857,0.25,28,27.214285714285715,22,42,DonaldTrumpWhiteHouse
DonaldTrumpWhiteHouse,2026-04-13,0.44210666666666665,0.43333333333333335,30,26.2,26,43,DonaldTrumpWhiteHouse
DonaldTrumpWhiteHouse,2026-04-14,0.4202529411764706,0.38235294117647056,34,31.676470588235293,27,44,DonaldTrumpWhiteHouse
DonaldTrumpWhiteHouse,2026-04-15,0.41893870967741936,0.3548387096774194,31,26.838709677419356,26,45,DonaldTrumpWhiteHouse
DonaldTrumpWhiteHouse,2026-04-16,0.30038297872340425,0.23404255319148937,47,24.23404255319149,30,46,DonaldTrumpWhiteHouse
DonaldTrumpWhiteHouse,2026-04-17,0.4292972222222222,0.3611111111111111,36,24.055555555555557,27,47,DonaldTrumpWhiteHouse
DonaldTrumpWhiteHouse,2026-04-18,0.5384695652173913,0.5217391304347826,23,25.391304347826086,16,48,DonaldTrumpWhiteHouse
DonaldTrumpWhiteHouse,2026-04-19,0.4140833333333333,0.4,30,24.2,27,49,DonaldTrumpWhiteHouse
DonaldTrumpWhiteHouse,2026-04-20,0.511715625,0.5,32,28.15625,26,50,DonaldTrumpWhiteHouse
DonaldTrumpWhiteHouse,2026-04-21,0.230075,0.16666666666666666,36,27.25,30,51,DonaldTrumpWhiteHouse
DonaldTrumpWhiteHouse,2026-04-22,0.38696170212765957,0.3191489361702128,47,31.25531914893617,35,52,DonaldTrumpWhiteHouse
DonaldTrumpWhiteHouse,2026-04-23,0.4211081081081081,0.35135135135135137,37,31.27027027027027,28,53,DonaldTrumpWhiteHouse
DonaldTrumpWhiteHouse,2026-04-24,0.37220000000000003,0.2727272727272727,33,24.666666666666668,27,54,DonaldTrumpWhiteHouse
DonaldTrumpWhiteHouse,2026-04-25,0.44367,0.3333333333333333,30,29.0,26,55,DonaldTrumpWhiteHouse
DonaldTrumpWhiteHouse,2026-04-26,0.388962962962963,0.3333333333333333,27,32.44444444444444,24,56,DonaldTrumpWhiteHouse
DonaldTrumpWhiteHouse,2026-04-27,0.3083739130434783,0.2391304347826087,46,27.76086956521739,32,57,DonaldTrumpWhiteHouse
DonaldTrumpWhiteHouse,2026-04-28,0.4765589743589743,0.4358974358974359,39,29.17948717948718,30,58,DonaldTrumpWhiteHouse
DonaldTrumpWhiteHouse,2026-04-29,0.3718205882352941,0.3235294117647059,34,27.647058823529413,28,59,DonaldTrumpWhiteHouse
DonaldTrumpWhiteHouse,2026-04-30,0.4390105263157895,0.42105263157894735,19,22.105263157894736,15,60,DonaldTrumpWhiteHouse
DonaldTrumpWhiteHouse,2026-05-01,0.3409357142857143,0.2857142857142857,42,28.785714285714285,29,61,DonaldTrumpWhiteHouse
DonaldTrumpWhiteHouse,2026-05-02,0.2638257142857143,0.22857142857142856,35,27.914285714285715,29,62,DonaldTrumpWhiteHouse
DonaldTrumpWhiteHouse,2026-05-03,0.37043225806451613,0.2903225806451613,31,25.677419354838708,26,63,DonaldTrumpWhiteHouse
DonaldTrumpWhiteHouse,2026-05-04,0.457784375,0.40625,32,25.5625,22,64,DonaldTrumpWhiteHouse
DonaldTrumpWhiteHouse,2026-05-05,0.4557333333333334,0.4166666666666667,36,27.38888888888889,24,65,DonaldTrumpWhiteHouse
DonaldTrumpWhiteHouse,2026-05-06,0.48340606060606056,0.42424242424242425,33,29.12121212121212,27,66,DonaldTrumpWhiteHouse
DonaldTrumpWhiteHouse,2026-05-07,0.36646,0.32,25,23.92,24,67,DonaldTrumpWhiteHouse
DonaldTrumpWhiteHouse,2026-05-08,0.28416,0.225,40,21.275,28,68,DonaldTrumpWhiteHouse
DonaldTrumpWhiteHouse,2026-05-09,0.40455238095238094,0.3333333333333333,21,29.095238095238095,19,69,DonaldTrumpWhiteHouse
DonaldTrumpWhiteHouse,2026-05-10,0.4276885714285714,0.37142857142857144,35,24.485714285714284,25,70,DonaldTrumpWhiteHouse
DonaldTrumpWhiteHouse,2026-05-11,0.37051379310344823,0.3448275862068966,29,33.206896551724135,21,71,DonaldTrumpWhiteHouse
DonaldTrumpWhiteHouse,2026-05-12,0.4189173913043478,0.34782608695652173,23,25.434782608695652,20,72,DonaldTrumpWhiteHouse
DonaldTrumpWhiteHouse,2026-05-13,0.4121025641025641,0.38461538461538464,39,29.41025641025641,28,73,DonaldTrumpWhiteHouse
DonaldTrumpWhiteHouse,2026-05-14,0.46484615384615385,0.46153846153846156,26,26.115384615384617,22,74,DonaldTrumpWhiteHouse
DonaldTrumpWhiteHouse,2026-05-15,0.44035151515151516,0.3939393939393939,33,28.87878787878788,29,75,DonaldTrumpWhiteHouse
DonaldTrumpWhiteHouse,2026-05-16,0.35018333333333335,0.2777777777777778,36,29.22222222222222,29,76,DonaldTrumpWhiteHouse
DonaldTrumpWhiteHouse,2026-05-17,0.4974148148148148,0.48148148148148145,27,21.925925925925927,19,77,DonaldTrumpWhiteHouse
DonaldTrumpWhiteHouse,2026-05-18,0.42320487804878043,0.36585365853658536,41,24.78048780487805,30,78,DonaldTrumpWhiteHouse
DonaldTrumpWhiteHouse,2026-05-19,0.42159705882352944,0.38235294117647056,34,28.352941176470587,24,79,DonaldTrumpWhiteHouse
DonaldTrumpWhiteHouse,2026-05-20,0.33690370370370365,0.2962962962962963,27,23.444444444444443,23,80,DonaldTrumpWhiteHouse
DonaldTrumpWhiteHouse,2026-05-21,0.2751063829787234,0.2553191489361702,47,27.829787234042552,34,81,DonaldTrumpWhiteHouse
DonaldTrumpWhiteHouse,2026-05-22,0.2782851851851852,0.18518518518518517,27,21.814814814814813,23,82,DonaldTrumpWhiteHouse
DonaldTrumpWhiteHouse,2026-05-23,0.3713777777777778,0.3055555555555556,36,24.86111111111111,25,83,DonaldTrumpWhiteHouse
DonaldTrumpWhiteHouse,2026-05-24,0.325796875,0.28125,32,28.71875,25,84,DonaldTrumpWhiteHouse
DonaldTrumpWhiteHouse,2026-05-25,0.4816529411764706,0.4411764705882353,34,28.970588235294116,30,85,DonaldTrumpWhiteHouse
DonaldTrumpWhiteHouse,2026-05-26,0.43925000000000003,0.38461538461538464,26,23.846153846153847,21,86,DonaldTrumpWhiteHouse
DonaldTrumpWhiteHouse,2026-05-27,0.32329615384615384,0.3076923076923077,26,25.576923076923077,22,87,DonaldTrumpWhiteHouse
DonaldTrumpWhiteHouse,2026-05-28,0.3467735294117647,0.2647058823529412,34,33.205882352941174,28,88,DonaldTrumpWhiteHouse
DonaldTrumpWhiteHouse,2026-05-29,0.47981999999999997,0.4,25,23.2,22,89,DonaldTrumpWhiteHouse
DonaldTrumpWhiteHouse,2026-05-30,0.4279513513513513,0.40540540540540543,37,26.91891891891892,32,90,DonaldTrumpWhiteHouse
DonaldTrumpWhiteHouse,2026-05-31,0.35588918918918916,0.32432432432432434,37,26.72972972972973,27,91,DonaldTrumpWhiteHouse
DonaldTrumpWhiteHouse,2026-06-01,0.36966666666666664,0.3333333333333333,30,22.766666666666666,22,92,DonaldTrumpWhiteHouse
DonaldTrumpWhiteHouse,2026-06-02,0.3219,0.26666666666666666,30,32.43333333333333,22,93,DonaldTrumpWhiteHouse
DonaldTrumpWhiteHouse,2026-06-03,0.3118576923076923,0.2692307692307692,26,25.76923076923077,23,94,DonaldTrumpWhiteHouse
DonaldTrumpWhiteHouse,2026-06-04,0.3288090909090909,0.30303030303030304,33,26.666666666666668,26,95,DonaldTrumpWhiteHouse
DonaldTrumpWhiteHouse,2026-06-05,0.3103657894736842,0.23684210526315788,38,23.31578947368421,34,96,DonaldTrumpWhiteHouse
DonaldTrumpWhiteHouse,2026-06-06,0.2943882352941176,0.20588235294117646,34,30.08823529411765,27,97,DonaldTrumpWhiteHouse
DonaldTrumpWhiteHouse,2026-06-07,0.3485161290322581,0.2903225806451613,31,27.35483870967742,24,98,DonaldTrumpWhiteHouse
DonaldTrumpWhiteHouse,2026-06-08,0.35571470588235293,0.2647058823529412,34,26.323529411764707,26,99,DonaldTrumpWhiteHouse
DonaldTrumpWhiteHouse,2026-06-09,0.47392666666666666,0.43333333333333335,30,33.1,25,100,DonaldTrumpWhiteHouse
DonaldTrumpWhiteHouse,2026-06-10,0.3698511627906977,0.3023255813953488,43,27.72093023255814,35,101,DonaldTrumpWhiteHouse
DonaldTrumpWhiteHouse,2026-06-11,0.36036875,0.28125,32,26.1875,22,102,DonaldTrumpWhiteHouse
DonaldTrumpWhiteHouse,2026-06-12,0.28398709677419354,0.22580645161290322,31,22.903225806451612,25,103,DonaldTrumpWhiteHouse
DonaldTrumpWhiteHouse,2026-06-13,0.39916410256410256,0.3333333333333333,39,28.153846153846153,28,104,DonaldTrumpWhiteHouse
DonaldTrumpWhiteHouse,2026-06-14,0.3577212121212121,0.3333333333333333,33,31.96969696969697,24,105,DonaldTrumpWhiteHouse
DonaldTrumpWhiteHouse,2026-06-15,0.32012093023255817,0.27906976744186046,43,27.953488372093023,34,106,DonaldTrumpWhiteHouse
DonaldTrumpWhiteHouse,2026-06-16,0.3833866666666667,0.3111111111111111,45,31.955555555555556,35,107,DonaldTrumpWhiteHouse
DonaldTrumpWhiteHouse,2026-06-17,0.31381219512195124,0.24390243902439024,41,29.26829268292683,32,108,DonaldTrumpWhiteHouse
DonaldTrumpWhiteHouse,2026-06-18,0.33440000000000003,0.2222222222222222,27,29.037037037037038,23,109,DonaldTrumpWhiteHouse
DonaldTrumpWhiteHouse,2026-06-19,0.40286875,0.34375,32,26.71875,24,110,DonaldTrumpWhiteHouse
DonaldTrumpWhiteHouse,2026-06-20,0.29616857142857145,0.2,35,30.685714285714287,28,111,DonaldTrumpWhiteHouse
DonaldTrumpWhiteHouse,2026-06-21,0.1492941176470588,0.08823529411764706,34,28.176470588235293,28,112,DonaldTrumpWhiteHouse
DonaldTrumpWhiteHouse,2026-06-22,0.256309375,0.21875,32,27.71875,28,113,DonaldTrumpWhiteHouse
DonaldTrumpWhiteHouse,2026-06-23,0.42055,0.35714285714285715,28,21.464285714285715,25,114,DonaldTrumpWhiteHouse
DonaldTrumpWhiteHouse,2026-06-24,0.3417268292682927,0.2926829268292683,41,25.585365853658537,32,115,DonaldTrumpWhiteHouse
DonaldTrumpWhiteHouse,2026-06-25,0.29202424242424246,0.21212121212121213,33,25.636363636363637,26,116,DonaldTrumpWhiteHouse
DonaldTrumpWhiteHouse,2026-06-26,0.3113294117647059,0.23529411764705882,34,24.41176470588235,25,117,DonaldTrumpWhiteHouse
DonaldTrumpWhiteHouse,2026-06-27,0.40023888888888887,0.3611111111111111,36,30.5,31,118,DonaldTrumpWhiteHouse
DonaldTrumpWhiteHouse,2026-06-28,0.42233225806451613,0.3870967741935484,31,29.29032258064516,23,119,DonaldTrumpWhiteHouse
EcoInternet,2026-03-01,0.31711724137931036,0.2413793103448276,58,26.379310344827587,35,0,EcoInternet
EcoInternet,2026-03-02,0.3814033898305085,0.3220338983050847,59,26.949152542372882,43,1,EcoInternet
EcoInternet,2026-03-03,0.3491204081632653,0.2857142857142857,49,28.081632653061224,36,2,EcoInternet
EcoInternet,2026-03-04,0.318,0.24390243902439024,41,30.048780487804876,28,3,EcoInternet
EcoInternet,2026-03-05,0.3083777777777778,0.24074074074074073,54,25.38888888888889,43,4,EcoInternet
EcoInternet,2026-03-06,0.2902264150943396,0.24528301886792453,53,27.69811320754717,41,5,EcoInternet
EcoInternet,2026-03-07,0.29748823529411766,0.21568627450980393,51,24.352941176470587,34,6,EcoInternet
EcoInternet,2026-03-08,0.2597473684210526,0.19298245614035087,57,26.666666666666668,40,7,EcoInternet
EcoInternet,2026-03-09,0.3992133333333333,0.35,60,27.316666666666666,48,8,EcoInternet
EcoInternet,2026-03-10,0.31966393442622953,0.2459016393442623,61,26.40983606557377,44,9,EcoInternet
EcoInternet,2026-03-11,0.2942704545454546,0.22727272727272727,44,25.863636363636363,30,10,EcoInternet
EcoInternet,2026-03-12,0.2727710526315789,0.18421052631578946,38,24.973684210526315,33,11,EcoInternet
EcoInternet,2026-03-13,0.23340869565217393,0.15217391304347827,46,29.565217391304348,35,12,EcoInternet
EcoInternet,2026-03-14,0.376401724137931,0.27586206896551724,58,28.5,43,13,EcoInternet
EcoInternet,2026-03-15,0.18242592592592594,0.09259259259259259,54,24.925925925925927,42,14,EcoInternet
EcoInternet,2026-03-16,0.33017407407407406,0.25925925925925924,54,30.62962962962963,36,15,EcoInternet
EcoInternet,2026-03-17,0.23805344827586208,0.20689655172413793,58,25.75862068965517,41,16,EcoInternet
EcoInternet,2026-03-18,0.315837037037037,0.2222222222222222,54,27.5,41,17,EcoInternet
EcoInternet,2026-03-19,0.2740791044776119,0.208955223880597,67,27.98507462686567,48,18,EcoInternet
EcoInternet,2026-03-20,0.36376037735849054,0.2641509433962264,53,25.849056603773583,43,19,EcoInternet
EcoInternet,2026-03-21,0.2885196428571429,0.23214285714285715,56,23.214285714285715,43,20,EcoInternet
EcoInternet,2026-03-22,0.253875,0.20833333333333334,48,30.5625,37,21,EcoInternet
EcoInternet,2026-03-23,0.24973333333333333,0.19607843137254902,51,30.627450980392158,40,22,EcoInternet
EcoInternet,2026-03-24,0.4139285714285714,0.3673469387755102,49,28.346938775510203,38,23,EcoInternet
EcoInternet,2026-03-25,0.382938,0.32,50,26.04,39,24,EcoInternet
EcoInternet,2026-03-26,0.2016037037037037,0.14814814814814814,54,28.314814814814813,42,25,EcoInternet
EcoInternet,2026-03-27,0.23077777777777778,0.14814814814814814,54,30.185185185185187,40,26,EcoInternet
EcoInternet,2026-03-28,0.27271249999999997,0.20833333333333334,48,27.291666666666668,40,27,EcoInternet
EcoInternet,2026-03-29,0.3147263157894737,0.24561403508771928,57,27.45614035087719,39,28,EcoInternet
EcoInternet,2026-03-30,0.4886780487804879,0.4634146341463415,41,24.146341463414632,34,29,EcoInternet
EcoInternet,2026-03-31,0.3063224489795918,0.22448979591836735,49,26.224489795918366,41,30,EcoInternet
EcoInternet,2026-04-01,0.3040391304347826,0.2608695652173913,46,27.52173913043478,36,31,EcoInternet
EcoInternet,2026-04-02,0.2951642857142857,0.17857142857142858,56,27.142857142857142,37,32,EcoInternet
EcoInternet,2026-04-03,0.210526,0.14,50,29.44,34,33,EcoInternet
EcoInternet,2026-04-04,0.2432547619047619,0.14285714285714285,42,28.833333333333332,31,34,EcoInternet
EcoInternet,2026-04-05,0.2295529411764706,0.1323529411764706,68,26.529411764705884,53,35,EcoInternet
EcoInternet,2026-04-06,0.23566734693877553,0.12244897959183673,49,23.387755102040817,39,36,EcoInternet
EcoInternet,2026-04-07,0.35134528301886797,0.2830188679245283,53,23.264150943396228,40,37,EcoInternet
EcoInternet,2026-04-08,0.2888470588235294,0.21568627450980393,51,27.823529411764707,36,38,EcoInternet
EcoInternet,2026-04-09,0.3412162790697674,0.27906976744186046,43,28.0,36,39,EcoInternet
EcoInternet,2026-04-10,0.33785652173913044,0.30434782608695654,46,27.97826086956522,35,40,EcoInternet
EcoInternet,2026-04-11,0.36638032786885244,0.2786885245901639,61,31.672131147540984,40,41,EcoInternet
EcoInternet,2026-04-12,0.2806592592592593,0.2222222222222222,54,28.11111111111111,42,42,EcoInternet
EcoInternet,2026-04-13,0.28495882352941176,0.19607843137254902,51,27.49019607843137,41,43,EcoInternet
EcoInternet,2026-04-14,0.29153235294117646,0.20588235294117646,68,28.25,51,44,EcoInternet
EcoInternet,2026-04-15,0.3641,0.2826086956521739,46,29.195652173913043,36,45,EcoInternet
EcoInternet,2026-04-16,0.2847534482758621,0.22413793103448276,58,28.137931034482758,39,46,EcoInternet
EcoInternet,2026-04-17,0.23090600000000003,0.14,50,26.06,37,47,EcoInternet
EcoInternet,2026-04-18,0.25441428571428576,0.1746031746031746,63,24.984126984126984,47,48,EcoInternet
EcoInternet,2026-04-19,0.2795370967741935,0.1774193548387097,62,24.161290322580644,44,49,EcoInternet
EcoInternet,2026-04-20,0.3229690476190476,0.30952380952380953,42,26.69047619047619,33,50,EcoInternet
EcoInternet,2026-04-21,0.33760408163265304,0.2857142857142857,49,28.346938775510203,35,51,EcoInternet
EcoInternet,2026-04-22,0.36299827586206895,0.3103448275862069,58,31.06896551724138,47,52,EcoInternet
EcoInternet,2026-04-23,0.27832407407407406,0.2222222222222222,54,27.703703703703702,38,53,EcoInternet
EcoInternet,2026-04-24,0.26687727272727274,0.19696969696969696,66,27.46969696969697,48,54,EcoInternet
EcoInternet,2026-04-25,0.309406,0.22,50,26.4,36,55,EcoInternet
EcoInternet,2026-04-26,0.3230365079365079,0.2857142857142857,63,29.825396825396826,44,56,EcoInternet
EcoInternet,2026-04-27,0.27508787878787877,0.22727272727272727,66,28.681818181818183,43,57,EcoInternet
EcoInternet,2026-04-28,0.33581466666666665,0.29333333333333333,75,27.986666666666668,55,58,EcoInternet
EcoInternet,2026-04-29,0.32460243902439023,0.2682926829268293,41,28.51219512195122,32,59,EcoInternet
EcoInternet,2026-04-30,0.2403615384615385,0.17307692307692307,52,28.76923076923077,40,60,EcoInternet
EcoInternet,2026-05-01,0.36296666666666666,0.29411764705882354,51,29.50980392156863,37,61,EcoInternet
EcoInternet,2026-05-02,0.25116136363636365,0.13636363636363635,44,30.272727272727273,36,62,EcoInternet
EcoInternet,2026-05-03,0.2713022222222222,0.2222222222222222,45,26.8,35,63,EcoInternet
EcoInternet,2026-05-04,0.3161276595744681,0.2127659574468085,47,31.02127659574468,34,64,EcoInternet
EcoInternet,2026-05-05,0.3219526315789473,0.2631578947368421,57,24.07017543859649,40,65,EcoInternet
EcoInternet,2026-05-06,0.3628130434782609,0.32608695652173914,46,28.02173913043478,37,66,EcoInternet
EcoInternet,2026-05-07,0.30718301886792454,0.22641509433962265,53,24.37735849056604,36,67,EcoInternet
EcoInternet,2026-05-08,0.27215333333333336,0.18333333333333332,60,30.116666666666667,44,68,EcoInternet
EcoInternet,2026-05-09,0.3791779661016949,0.288135593220339,59,26.576271186440678,43,69,EcoInternet
EcoInternet,2026-05-10,0.28830943396226416,0.20754716981132076,53,26.132075471698112,36,70,EcoInternet
EcoInternet,2026-05-11,0.3271816326530612,0.2857142857142857,49,25.979591836734695,33,71,EcoInternet
EcoInternet,2026-05-12,0.3964240740740741,0.35185185185185186,54,26.296296296296298,41,72,EcoInternet
EcoInternet,2026-05-13,0.3420450980392157,0.29411764705882354,51,22.84313725490196,36,73,EcoInternet
EcoInternet,2026-05-14,0.25702428571428576,0.17142857142857143,70,29.485714285714284,46,74,EcoInternet
EcoInternet,2026-05-15,0.13093125,0.08333333333333333,48,30.208333333333332,37,75,EcoInternet
EcoInternet,2026-05-16,0.2948690909090909,0.21818181818181817,55,24.054545454545455,34,76,EcoInternet
EcoInternet,2026-05-17,0.3399066666666667,0.25,60,25.55,43,77,EcoInternet
EcoInternet,2026-05-18,0.296640350877193,0.22807017543859648,57,21.80701754385965,40,78,EcoInternet
EcoInternet,2026-05-19,0.2807174603174603,0.20634920634920634,63,29.714285714285715,44,79,EcoInternet
EcoInternet,2026-05-20,0.23114347826086956,0.13043478260869565,69,26.82608695652174,52,80,EcoInternet
EcoInternet,2026-05-21,0.35297272727272727,0.2727272727272727,55,25.672727272727272,38,81,EcoInternet
EcoInternet,2026-05-22,0.26992105263157895,0.21052631578947367,57,21.017543859649123,42,82,EcoInternet
EcoInternet,2026-05-23,0.27199024390243903,0.17073170731707318,41,25.829268292682926,31,83,EcoInternet
EcoInternet,2026-05-24,0.2768060606060606,0.21212121212121213,66,27.893939393939394,47,84,EcoInternet
EcoInternet,2026-05-25,0.20303636363636363,0.10909090909090909,55,27.21818181818182,37,85,EcoInternet
EcoInternet,2026-05-26,0.448911320754717,0.33962264150943394,53,28.37735849056604,38,86,EcoInternet
EcoInternet,2026-05-27,0.3583313725490196,0.3333333333333333,51,26.50980392156863,39,87,EcoInternet
EcoInternet,2026-05-28,0.3848893617021277,0.3191489361702128,47,26.46808510638298,34,88,EcoInternet
EcoInternet,2026-05-29,0.19498387096774195,0.12903225806451613,62,25.806451612903224,43,89,EcoInternet
EcoInternet,2026-05-30,0.3317681818181818,0.2727272727272727,66,28.393939393939394,45,90,EcoInternet
EcoInternet,2026-05-31,0.2650983606557377,0.13114754098360656,61,27.59016393442623,43,91,EcoInternet
EcoInternet,2026-06-01,0.25891621621621624,0.16216216216216217,37,27.72972972972973,32,92,EcoInternet
EcoInternet,2026-06-02,0.2319875,0.14583333333333334,48,29.25,36,93,EcoInternet
EcoInternet,2026-06-03,0.34079433962264155,0.2641509433962264,53,23.22641509433962,39,94,EcoInternet
EcoInternet,2026-06-04,0.32358166666666666,0.2,60,28.1,42,95,EcoInternet
EcoInternet,2026-06-05,0.313665,0.25,60,25.183333333333334,43,96,EcoInternet
EcoInternet,2026-06-06,0.2407,0.1724137931034483,58,27.724137931034484,38,97,EcoInternet
EcoInternet,2026-06-07,0.40231176470588237,0.3333333333333333,51,27.313725490196077,35,98,EcoInternet
EcoInternet,2026-06-08,0.37321428571428567,0.32142857142857145,56,28.446428571428573,41,99,EcoInternet
EcoInternet,2026-06-09,0.30020444444444444,0.24444444444444444,45,28.2,37,100,EcoInternet
EcoInternet,2026-06-10,0.36025833333333335,0.2833333333333333,60,25.983333333333334,45,101,EcoInternet
EcoInternet,2026-06-11,0.2488440677966102,0.1694915254237288,59,27.28813559322034,45,102,EcoInternet
EcoInternet,2026-06-12,0.34285400000000005,0.28,50,22.94,36,103,EcoInternet
EcoInternet,2026-06-13,0.32885245901639343,0.2459016393442623,61,28.80327868852459,46,104,EcoInternet
EcoInternet,2026-06-14,0.34221999999999997,0.2545454545454545,55,26.927272727272726,37,105,EcoInternet
EcoInternet,2026-06-15,0.40114523809523805,0.3333333333333333,42,23.19047619047619,34,106,EcoInternet
EcoInternet,2026-06-16,0.23666749999999998,0.15,40,27.825,35,107,EcoInternet
EcoInternet,2026-06-17,0.2871215384615385,0.18461538461538463,65,24.615384615384617,45,108,EcoInternet
EcoInternet,2026-06-18,0.25963673469387755,0.14285714285714285,49,29.224489795918366,36,109,EcoInternet
EcoInternet,2026-06-19,0.23294310344827587,0.13793103448275862,58,30.620689655172413,40,110,EcoInternet
EcoInternet,2026-06-20,0.30407611940298507,0.208955223880597,67,24.149253731343283,48,111,EcoInternet
EcoInternet,2026-06-21,0.3275194444444444,0.2777777777777778,36,22.694444444444443,28,112,EcoInternet
EcoInternet,2026-06-22,0.5321214285714285,0.47619047619047616,42,24.404761904761905,34,113,EcoInternet
EcoInternet,2026-06-23,0.21505111111111114,0.13333333333333333,45,23.177777777777777,33,114,EcoInternet
EcoInternet,2026-06-24,0.39083636363636365,0.3181818181818182,44,26.25,36,115,EcoInternet
EcoInternet,2026-06-25,0.30076290322580645,0.20967741935483872,62,29.983870967741936,41,116,EcoInternet
EcoInternet,2026-06-26,0.30590172413793104,0.2413793103448276,58,25.20689655172414,39,117,EcoInternet
EcoInternet,2026-06-27,0.26153061224489793,0.16326530612244897,49,26.387755102040817,35,118,EcoInternet
EcoInternet,2026-06-28,0.27656065573770494,0.18032786885245902,61,26.37704918032787,50,119,EcoInternet
EnoughTrumpSpam,2026-03-01,0.30625833333333335,0.22916666666666666,48,25.833333333333332,31,0,EnoughTrumpSpam
EnoughTrumpSpam,2026-03-02,0.42737560975609756,0.36585365853658536,41,25.853658536585368,26,1,EnoughTrumpSpam
EnoughTrumpSpam,2026-03-03,0.32548125,0.22916666666666666,48,29.104166666666668,31,2,EnoughTrumpSpam
EnoughTrumpSpam,2026-03-04,0.34075789473684215,0.24561403508771928,57,29.45614035087719,32,3,EnoughTrumpSpam
EnoughTrumpSpam,2026-03-05,0.4001913793103448,0.3448275862068966,58,26.46551724137931,30,4,EnoughTrumpSpam
EnoughTrumpSpam,2026-03-06,0.3513346153846154,0.2692307692307692,52,24.076923076923077,29,5,EnoughTrumpSpam
EnoughTrumpSpam,2026-03-07,0.3545941176470588,0.3333333333333333,51,26.50980392156863,37,6,EnoughTrumpSpam
EnoughTrumpSpam,2026-03-08,0.3077146341463415,0.24390243902439024,41,23.121951219512194,29,7,EnoughTrumpSpam
EnoughTrumpSpam,2026-03-09,0.23207708333333332,0.16666666666666666,48,28.958333333333332,25,8,EnoughTrumpSpam
EnoughTrumpSpam,2026-03-10,0.3563093023255814,0.3023255813953488,43,28.511627906976745,26,9,EnoughTrumpSpam
EnoughTrumpSpam,2026-03-11,0.3558659574468085,0.2978723404255319,47,26.19148936170213,28,10,EnoughTrumpSpam
EnoughTrumpSpam,2026-03-12,0.2744109090909091,0.2545454545454545,55,28.89090909090909,31,11,EnoughTrumpSpam
EnoughTrumpSpam,2026-03-13,0.33826666666666666,0.2807017543859649,57,27.140350877192983,33,12,EnoughTrumpSpam
EnoughTrumpSpam,2026-03-14,0.34663750000000004,0.275,40,33.1,26,13,EnoughTrumpSpam
EnoughTrumpSpam,2026-03-15,0.3716796296296296,0.3333333333333333,54,23.27777777777778,36,14,EnoughTrumpSpam
EnoughTrumpSpam,2026-03-16,0.3862827586206896,0.3275862068965517,58,22.70689655172414,30,15,EnoughTrumpSpam
EnoughTrumpSpam,2026-03-17,0.5011320754716981,0.4339622641509434,53,30.169811320754718,33,16,EnoughTrumpSpam
EnoughTrumpSpam,2026-03-18,0.4242796296296297,0.35185185185185186,54,28.35185185185185,30,17,EnoughTrumpSpam
EnoughTrumpSpam,2026-03-19,0.44291400000000003,0.32,50,25.7,33,18,EnoughTrumpSpam
EnoughTrumpSpam,2026-03-20,0.29176341463414635,0.21951219512195122,41,28.682926829268293,28,19,EnoughTrumpSpam
EnoughTrumpSpam,2026-03-21,0.2501549019607843,0.1568627450980392,51,31.333333333333332,31,20,EnoughTrumpSpam
EnoughTrumpSpam,2026-03-22,0.311292,0.2,50,24.54,32,21,EnoughTrumpSpam
EnoughTrumpSpam,2026-03-23,0.29568181818181816,0.22727272727272727,44,23.386363636363637,34,22,EnoughTrumpSpam
EnoughTrumpSpam,2026-03-24,0.41026,0.35555555555555557,45,29.955555555555556,33,23,EnoughTrumpSpam
EnoughTrumpSpam,2026-03-25,0.4403586956521739,0.391304347826087,46,29.956521739130434,28,24,EnoughTrumpSpam
EnoughTrumpSpam,2026-03-26,0.2522,0.21568627450980393,51,24.92156862745098,29,25,EnoughTrumpSpam
EnoughTrumpSpam,2026-03-27,0.37648125000000005,0.2916666666666667,48,25.479166666666668,32,26,EnoughTrumpSpam
EnoughTrumpSpam,2026-03-28,0.25277758620689655,0.15517241379310345,58,28.637931034482758,31,27,EnoughTrumpSpam
EnoughTrumpSpam,2026-03-29,0.4043436363636364,0.36363636363636365,55,25.8,32,28,EnoughTrumpSpam
EnoughTrumpSpam,2026-03-30,0.40647714285714287,0.34285714285714286,35,28.65714285714286,26,29,EnoughTrumpSpam
EnoughTrumpSpam,2026-03-31,0.4136046511627907,0.3488372093023256,43,30.488372093023255,30,30,EnoughTrumpSpam
EnoughTrumpSpam,2026-04-01,0.3347301886792453,0.2641509433962264,53,25.056603773584907,31,31,EnoughTrumpSpam
EnoughTrumpSpam,2026-04-02,0.4426731707317073,0.3902439024390244,41,27.75609756097561,31,32,EnoughTrumpSpam
EnoughTrumpSpam,2026-04-03,0.3833607843137255,0.3333333333333333,51,24.58823529411765,27,33,EnoughTrumpSpam
EnoughTrumpSpam,2026-04-04,0.2715217391304348,0.21739130434782608,46,32.91304347826087,25,34,EnoughTrumpSpam
EnoughTrumpSpam,2026-04-05,0.3983258064516129,0.3225806451612903,31,27.612903225806452,21,35,EnoughTrumpSpam
EnoughTrumpSpam,2026-04-06,0.43269555555555556,0.37777777777777777,45,27.022222222222222,26,36,EnoughTrumpSpam
EnoughTrumpSpam,2026-04-07,0.3956916666666667,0.3333333333333333,48,25.145833333333332,30,37,EnoughTrumpSpam
EnoughTrumpSpam,2026-04-08,0.4421192307692308,0.4230769230769231,52,22.576923076923077,25,38,EnoughTrumpSpam
EnoughTrumpSpam,2026-04-09,0.408928,0.32,50,29.22,30,39,EnoughTrumpSpam
EnoughTrumpSpam,2026-04-10,0.42482631578947366,0.39473684210526316,38,27.789473684210527,29,40,EnoughTrumpSpam
EnoughTrumpSpam,2026-04-11,0.38847894736842103,0.3157894736842105,57,25.82456140350877,35,41,EnoughTrumpSpam
EnoughTrumpSpam,2026-04-12,0.38460188679245283,0.32075471698113206,53,30.169811320754718,26,42,EnoughTrumpSpam
EnoughTrumpSpam,2026-04-13,0.41820681818181815,0.4090909090909091,44,26.068181818181817,23,43,EnoughTrumpSpam
EnoughTrumpSpam,2026-04-14,0.4284857142857143,0.4,35,28.37142857142857,21,44,EnoughTrumpSpam
EnoughTrumpSpam,2026-04-15,0.34536734693877547,0.2857142857142857,49,29.612244897959183,32,45,EnoughTrumpSpam
EnoughTrumpSpam,2026-04-16,0.2304404255319149,0.1276595744680851,47,30.425531914893618,32,46,EnoughTrumpSpam
EnoughTrumpSpam,2026-04-17,0.31908333333333333,0.2777777777777778,36,22.72222222222222,25,47,EnoughTrumpSpam
EnoughTrumpSpam,2026-04-18,0.3478428571428571,0.30952380952380953,42,26.523809523809526,28,48,EnoughTrumpSpam
EnoughTrumpSpam,2026-04-19,0.3530948275862069,0.29310344827586204,58,25.96551724137931,31,49,EnoughTrumpSpam
EnoughTrumpSpam,2026-04-20,0.28389761904761907,0.23809523809523808,42,27.166666666666668,30,50,EnoughTrumpSpam
EnoughTrumpSpam,2026-04-21,0.4230690909090909,0.34545454545454546,55,26.236363636363638,30,51,EnoughTrumpSpam
EnoughTrumpSpam,2026-04-22,0.355948,0.3,50,26.44,26,52,EnoughTrumpSpam
EnoughTrumpSpam,2026-04-23,0.34682142857142856,0.2857142857142857,42,28.476190476190474,24,53,EnoughTrumpSpam
EnoughTrumpSpam,2026-04-24,0.296135,0.23333333333333334,60,27.383333333333333,35,54,EnoughTrumpSpam
EnoughTrumpSpam,2026-04-25,0.2544591836734694,0.16326530612244897,49,30.122448979591837,33,55,EnoughTrumpSpam
EnoughTrumpSpam,2026-04-26,0.3526072727272727,0.32727272727272727,55,24.836363636363636,35,56,EnoughTrumpSpam
EnoughTrumpSpam,2026-04-27,0.3852185185185185,0.35185185185185186,54,24.574074074074073,27,57,EnoughTrumpSpam
EnoughTrumpSpam,2026-04-28,0.3563560975609756,0.3170731707317073,41,28.682926829268293,27,58,EnoughTrumpSpam
EnoughTrumpSpam,2026-04-29,0.37237321428571424,0.30357142857142855,56,28.357142857142858,34,59,EnoughTrumpSpam
EnoughTrumpSpam,2026-04-30,0.3389837837837838,0.2972972972972973,37,31.405405405405407,25,60,EnoughTrumpSpam
EnoughTrumpSpam,2026-05-01,0.47102459016393444,0.4262295081967213,61,26.852459016393443,37,61,EnoughTrumpSpam
EnoughTrumpSpam,2026-05-02,0.3112285714285714,0.23809523809523808,42,21.738095238095237,23,62,EnoughTrumpSpam
EnoughTrumpSpam,2026-05-03,0.37425869565217396,0.32608695652173914,46,24.695652173913043,28,63,EnoughTrumpSpam
EnoughTrumpSpam,2026-05-04,0.25608695652173913,0.21739130434782608,46,25.08695652173913,26,64,EnoughTrumpSpam
EnoughTrumpSpam,2026-05-05,0.41960943396226413,0.3584905660377358,53,29.433962264150942,32,65,EnoughTrumpSpam
EnoughTrumpSpam,2026-05-06,0.4084,0.3584905660377358,53,27.433962264150942,32,66,EnoughTrumpSpam
EnoughTrumpSpam,2026-05-07,0.3049386363636364,0.22727272727272727,44,28.727272727272727,32,67,EnoughTrumpSpam
EnoughTrumpSpam,2026-05-08,0.3777878048780488,0.3170731707317073,41,24.317073170731707,25,68,EnoughTrumpSpam
EnoughTrumpSpam,2026-05-09,0.3367787234042553,0.2765957446808511,47,30.23404255319149,25,69,EnoughTrumpSpam
EnoughTrumpSpam,2026-05-10,0.3353875,0.26785714285714285,56,28.767857142857142,34,70,EnoughTrumpSpam
EnoughTrumpSpam,2026-05-11,0.3162170731707317,0.24390243902439024,41,24.75609756097561,22,71,EnoughTrumpSpam
EnoughTrumpSpam,2026-05-12,0.394208,0.38,50,24.64,32,72,EnoughTrumpSpam
EnoughTrumpSpam,2026-05-13,0.4981857142857143,0.4523809523809524,42,25.785714285714285,27,73,EnoughTrumpSpam
EnoughTrumpSpam,2026-05-14,0.36958,0.28888888888888886,45,32.955555555555556,27,74,EnoughTrumpSpam
EnoughTrumpSpam,2026-05-15,0.29439,0.2,50,22.9,29,75,EnoughTrumpSpam
EnoughTrumpSpam,2026-05-16,0.4002188679245283,0.2830188679245283,53,30.037735849056602,26,76,EnoughTrumpSpam
EnoughTrumpSpam,2026-05-17,0.3943156862745098,0.35294117647058826,51,28.49019607843137,31,77,EnoughTrumpSpam
EnoughTrumpSpam,2026-05-18,0.43957142857142856,0.35714285714285715,42,25.69047619047619,29,78,EnoughTrumpSpam
EnoughTrumpSpam,2026-05-19,0.2898777777777778,0.2037037037037037,54,29.814814814814813,34,79,EnoughTrumpSpam
EnoughTrumpSpam,2026-05-20,0.29449722222222224,0.2222222222222222,36,29.083333333333332,24,80,EnoughTrumpSpam
EnoughTrumpSpam,2026-05-21,0.3621109090909091,0.3090909090909091,55,30.69090909090909,26,81,EnoughTrumpSpam
EnoughTrumpSpam,2026-05-22,0.29509599999999997,0.24,50,24.5,32,82,EnoughTrumpSpam
EnoughTrumpSpam,2026-05-23,0.3794446808510638,0.3617021276595745,47,27.78723404255319,29,83,EnoughTrumpSpam
EnoughTrumpSpam,2026-05-24,0.326225,0.22727272727272727,44,26.59090909090909,23,84,EnoughTrumpSpam
EnoughTrumpSpam,2026-05-25,0.4134239130434782,0.3695652173913043,46,22.869565217391305,24,85,EnoughTrumpSpam
EnoughTrumpSpam,2026-05-26,0.30473720930232556,0.23255813953488372,43,28.72093023255814,24,86,EnoughTrumpSpam
EnoughTrumpSpam,2026-05-27,0.3779666666666667,0.3333333333333333,42,33.333333333333336,25,87,EnoughTrumpSpam
EnoughTrumpSpam,2026-05-28,0.3420888888888889,0.2777777777777778,54,26.074074074074073,29,88,EnoughTrumpSpam
EnoughTrumpSpam,2026-05-29,0.32401052631578947,0.2631578947368421,57,26.24561403508772,29,89,EnoughTrumpSpam
EnoughTrumpSpam,2026-05-30,0.28364545454545453,0.20454545454545456,44,20.5,25,90,EnoughTrumpSpam
EnoughTrumpSpam,2026-05-31,0.430011320754717,0.37735849056603776,53,28.39622641509434,34,91,EnoughTrumpSpam
EnoughTrumpSpam,2026-06-01,0.45967804878048785,0.4146341463414634,41,24.634146341463413,26,92,EnoughTrumpSpam
EnoughTrumpSpam,2026-06-02,0.3784185185185185,0.2962962962962963,54,28.77777777777778,36,93,EnoughTrumpSpam
EnoughTrumpSpam,2026-06-03,0.360054347826087,0.32608695652173914,46,28.130434782608695,29,94,EnoughTrumpSpam
EnoughTrumpSpam,2026-06-04,0.4074125,0.375,48,30.354166666666668,26,95,EnoughTrumpSpam
EnoughTrumpSpam,2026-06-05,0.3091860465116279,0.23255813953488372,43,24.023255813953487,27,96,EnoughTrumpSpam
EnoughTrumpSpam,2026-06-06,0.4890583333333334,0.4375,48,26.5,29,97,EnoughTrumpSpam
EnoughTrumpSpam,2026-06-07,0.333621568627451,0.23529411764705882,51,28.058823529411764,30,98,EnoughTrumpSpam
EnoughTrumpSpam,2026-06-08,0.4893674418604651,0.4418604651162791,43,25.74418604651163,31,99,EnoughTrumpSpam
EnoughTrumpSpam,2026-06-09,0.2600446808510638,0.2127659574468085,47,21.893617021276597,25,100,EnoughTrumpSpam
EnoughTrumpSpam,2026-06-10,0.42848983050847456,0.3559322033898305,59,24.406779661016948,35,101,EnoughTrumpSpam
EnoughTrumpSpam,2026-06-11,0.5224021739130434,0.4782608695652174,46,22.282608695652176,27,102,EnoughTrumpSpam
EnoughTrumpSpam,2026-06-12,0.31159318181818185,0.25,44,22.34090909090909,28,103,EnoughTrumpSpam
EnoughTrumpSpam,2026-06-13,0.40835000000000005,0.36363636363636365,44,26.545454545454547,27,104,EnoughTrumpSpam
EnoughTrumpSpam,2026-06-14,0.35628000000000004,0.3,40,23.95,27,105,EnoughTrumpSpam
EnoughTrumpSpam,2026-06-15,0.37820888888888893,0.3333333333333333,45,26.177777777777777,29,106,EnoughTrumpSpam
EnoughTrumpSpam,2026-06-16,0.43535833333333335,0.375,48,28.291666666666668,30,107,EnoughTrumpSpam
EnoughTrumpSpam,2026-06-17,0.35324791666666666,0.2708333333333333,48,22.291666666666668,31,108,EnoughTrumpSpam
EnoughTrumpSpam,2026-06-18,0.43330980392156865,0.37254901960784315,51,26.294117647058822,29,109,EnoughTrumpSpam
EnoughTrumpSpam,2026-06-19,0.3404877551020408,0.30612244897959184,49,30.20408163265306,28,110,EnoughTrumpSpam
EnoughTrumpSpam,2026-06-20,0.24631590909090909,0.18181818181818182,44,25.931818181818183,24,111,EnoughTrumpSpam
EnoughTrumpSpam,2026-06-21,0.3431490196078431,0.27450980392156865,51,25.745098039215687,32,112,EnoughTrumpSpam
EnoughTrumpSpam,2026-06-22,0.28201086956521737,0.21739130434782608,46,27.58695652173913,27,113,EnoughTrumpSpam
EnoughTrumpSpam,2026-06-23,0.35562499999999997,0.29545454545454547,44,27.863636363636363,26,114,EnoughTrumpSpam
EnoughTrumpSpam,2026-06-24,0.2852295454545455,0.18181818181818182,44,30.5,28,115,EnoughTrumpSpam
EnoughTrumpSpam,2026-06-25,0.30881923076923073,0.25,52,26.807692307692307,30,116,EnoughTrumpSpam
EnoughTrumpSpam,2026-06-26,0.3166909090909091,0.21818181818181817,55,30.945454545454545,30,117,EnoughTrumpSpam
EnoughTrumpSpam,2026-06-27,0.383743137254902,0.3333333333333333,51,29.980392156862745,29,118,EnoughTrumpSpam
EnoughTrumpSpam,2026-06-28,0.40444310344827583,0.3448275862068966,58,28.862068965517242,35,119,EnoughTrumpSpam
FOXauto,2026-03-01,0.2663625,0.14583333333333334,48,25.791666666666668,37,0,FOXauto
FOXauto,2026-03-02,0.21044333333333334,0.16666666666666666,30,34.233333333333334,22,1,FOXauto
FOXauto,2026-03-03,0.35186666666666666,0.30952380952380953,42,21.928571428571427,33,2,FOXauto
FOXauto,2026-03-04,0.24146,0.22857142857142856,35,29.0,31,3,FOXauto
FOXauto,2026-03-05,0.3488282608695652,0.2608695652173913,46,27.804347826086957,36,4,FOXauto
FOXauto,2026-03-06,0.33545,0.22916666666666666,48,28.0,35,5,FOXauto
FOXauto,2026-03-07,0.35322499999999996,0.2708333333333333,48,22.020833333333332,36,6,FOXauto
FOXauto,2026-03-08,0.3748125,0.3,40,31.875,27,7,FOXauto
FOXauto,2026-03-09,0.5108689655172414,0.41379310344827586,29,25.862068965517242,26,8,FOXauto
FOXauto,2026-03-10,0.31744146341463414,0.2926829268292683,41,29.78048780487805,34,9,FOXauto
FOXauto,2026-03-11,0.32534418604651166,0.2558139534883721,43,32.48837209302326,34,10,FOXauto
FOXauto,2026-03-12,0.28301714285714286,0.22857142857142856,35,22.914285714285715,26,11,FOXauto
FOXauto,2026-03-13,0.4162151515151515,0.36363636363636365,33,25.363636363636363,26,12,FOXauto
FOXauto,2026-03-14,0.29249444444444445,0.19444444444444445,36,22.88888888888889,29,13,FOXauto
FOXauto,2026-03-15,0.2912272727272727,0.21212121212121213,33,23.03030303030303,27,14,FOXauto
FOXauto,2026-03-16,0.20869545454545457,0.11363636363636363,44,30.863636363636363,36,15,FOXauto
FOXauto,2026-03-17,0.3182921568627451,0.21568627450980393,51,25.96078431372549,35,16,FOXauto
FOXauto,2026-03-18,0.33438222222222225,0.26666666666666666,45,25.288888888888888,36,17,FOXauto
FOXauto,2026-03-19,0.2987725,0.2,40,24.95,31,18,FOXauto
FOXauto,2026-03-20,0.3066685714285714,0.2,35,31.885714285714286,27,19,FOXauto
FOXauto,2026-03-21,0.2986175,0.2,40,23.2,30,20,FOXauto
FOXauto,2026-03-22,0.3323738095238095,0.21428571428571427,42,28.023809523809526,29,21,FOXauto
FOXauto,2026-03-23,0.37086521739130435,0.2608695652173913,23,27.043478260869566,21,22,FOXauto
FOXauto,2026-03-24,0.3295,0.275,40,26.825,29,23,FOXauto
FOXauto,2026-03-25,0.34084250000000005,0.25,40,20.05,31,24,FOXauto
FOXauto,2026-03-26,0.29503870967741935,0.22580645161290322,31,27.516129032258064,26,25,FOXauto
FOXauto,2026-03-27,0.348668085106383,0.2765957446808511,47,27.574468085106382,37,26,FOXauto
FOXauto,2026-03-28,0.30457021276595747,0.2127659574468085,47,25.74468085106383,36,27,FOXauto
FOXauto,2026-03-29,0.2646148148148148,0.18518518518518517,27,27.925925925925927,23,28,FOXauto
FOXauto,2026-03-30,0.30351724137931035,0.2413793103448276,29,20.689655172413794,25,29,FOXauto
FOXauto,2026-03-31,0.42818222222222224,0.3333333333333333,45,26.533333333333335,30,30,FOXauto
FOXauto,2026-04-01,0.37915111111111105,0.28888888888888886,45,17.511111111111113,35,31,FOXauto
FOXauto,2026-04-02,0.2943034482758621,0.2413793103448276,29,26.379310344827587,26,32,FOXauto
FOXauto,2026-04-03,0.322425,0.25,28,26.535714285714285,21,33,FOXauto
FOXauto,2026-04-04,0.3118731707317073,0.2682926829268293,41,24.585365853658537,30,34,FOXauto
FOXauto,2026-04-05,0.31738571428571427,0.2857142857142857,35,32.114285714285714,27,35,FOXauto
FOXauto,2026-04-06,0.21067727272727274,0.13636363636363635,44,27.09090909090909,35,36,FOXauto
FOXauto,2026-04-07,0.32861702127659576,0.2553191489361702,47,28.829787234042552,33,37,FOXauto
FOXauto,2026-04-08,0.2262390243902439,0.14634146341463414,41,33.36585365853659,32,38,FOXauto
FOXauto,2026-04-09,0.18652777777777776,0.08333333333333333,36,23.916666666666668,27,39,FOXauto
FOXauto,2026-04-10,0.4770595238095238,0.40476190476190477,42,21.261904761904763,31,40,FOXauto
FOXauto,2026-04-11,0.40962045454545454,0.3409090909090909,44,24.454545454545453,35,41,FOXauto
FOXauto,2026-04-12,0.34330540540540544,0.2972972972972973,37,30.486486486486488,31,42,FOXauto
FOXauto,2026-04-13,0.30985526315789474,0.2631578947368421,38,22.342105263157894,26,43,FOXauto
FOXauto,2026-04-14,0.5111,0.46808510638297873,47,22.48936170212766,33,44,FOXauto
FOXauto,2026-04-15,0.2760953488372093,0.23255813953488372,43,27.25581395348837,30,45,FOXauto
FOXauto,2026-04-16,0.320165,0.25,40,24.075,30,46,FOXauto
FOXauto,2026-04-17,0.27021,0.175,40,28.25,31,47,FOXauto
FOXauto,2026-04-18,0.40427209302325584,0.32558139534883723,43,27.093023255813954,29,48,FOXauto
FOXauto,2026-04-19,0.3200292682926829,0.24390243902439024,41,26.4390243902439,30,49,FOXauto
FOXauto,2026-04-20,0.3422589743589744,0.2564102564102564,39,26.641025641025642,35,50,FOXauto
FOXauto,2026-04-21,0.3536413793103448,0.3103448275862069,29,25.17241379310345,27,51,FOXauto
FOXauto,2026-04-22,0.5521689655172414,0.4827586206896552,29,30.03448275862069,23,52,FOXauto
FOXauto,2026-04-23,0.3881,0.32,50,28.46,35,53,FOXauto
FOXauto,2026-04-24,0.4129527777777778,0.3333333333333333,36,29.555555555555557,31,54,FOXauto
FOXauto,2026-04-25,0.23272727272727273,0.22727272727272727,22,27.818181818181817,19,55,FOXauto
FOXauto,2026-04-26,0.2848514285714286,0.22857142857142856,35,35.57142857142857,28,56,FOXauto
FOXauto,2026-04-27,0.18828857142857142,0.11428571428571428,35,26.34285714285714,31,57,FOXauto
FOXauto,2026-04-28,0.3965727272727273,0.36363636363636365,44,19.704545454545453,33,58,FOXauto
FOXauto,2026-04-29,0.35498837209302325,0.3023255813953488,43,30.930232558139537,34,59,FOXauto
FOXauto,2026-04-30,0.3241261904761905,0.23809523809523808,42,26.61904761904762,35,60,FOXauto
FOXauto,2026-05-01,0.2095060606060606,0.12121212121212122,33,28.848484848484848,28,61,FOXauto
FOXauto,2026-05-02,0.3721969696969697,0.30303030303030304,33,27.181818181818183,28,62,FOXauto
FOXauto,2026-05-03,0.41029999999999994,0.36585365853658536,41,33.4390243902439,30,63,FOXauto
FOXauto,2026-05-04,0.3123630434782609,0.2826086956521739,46,28.130434782608695,33,64,FOXauto
FOXauto,2026-05-05,0.3851468085106383,0.3404255319148936,47,26.914893617021278,38,65,FOXauto
FOXauto,2026-05-06,0.24923214285714287,0.17857142857142858,28,30.285714285714285,24,66,FOXauto
FOXauto,2026-05-07,0.37894897959183677,0.30612244897959184,49,25.591836734693878,33,67,FOXauto
FOXauto,2026-05-08,0.28022,0.225,40,30.65,30,68,FOXauto
FOXauto,2026-05-09,0.42895,0.3611111111111111,36,23.444444444444443,30,69,FOXauto
FOXauto,2026-05-10,0.3439655172413793,0.27586206896551724,29,27.655172413793103,27,70,FOXauto
FOXauto,2026-05-11,0.30916521739130437,0.2608695652173913,46,26.456521739130434,35,71,FOXauto
FOXauto,2026-05-12,0.3248106382978723,0.23404255319148937,47,33.06382978723404,35,72,FOXauto
FOXauto,2026-05-13,0.22467,0.13333333333333333,30,25.533333333333335,25,73,FOXauto
FOXauto,2026-05-14,0.339671875,0.21875,32,22.34375,25,74,FOXauto
FOXauto,2026-05-15,0.412528125,0.375,32,27.28125,26,75,FOXauto
FOXauto,2026-05-16,0.4127172413793103,0.3793103448275862,29,26.344827586206897,25,76,FOXauto
FOXauto,2026-05-17,0.3554906976744186,0.3023255813953488,43,28.069767441860463,29,77,FOXauto
FOXauto,2026-05-18,0.3942451612903226,0.3548387096774194,31,22.419354838709676,25,78,FOXauto
FOXauto,2026-05-19,0.388505,0.375,40,26.8,33,79,FOXauto
FOXauto,2026-05-20,0.2779309523809524,0.19047619047619047,42,28.0,34,80,FOXauto
FOXauto,2026-05-21,0.285758064516129,0.22580645161290322,31,26.677419354838708,25,81,FOXauto
FOXauto,2026-05-22,0.35912941176470586,0.29411764705882354,34,24.852941176470587,29,82,FOXauto
FOXauto,2026-05-23,0.2613155555555556,0.2,45,25.155555555555555,40,83,FOXauto
FOXauto,2026-05-24,0.4189552631578947,0.3684210526315789,38,19.92105263157895,29,84,FOXauto
FOXauto,2026-05-25,0.2922742857142857,0.2571428571428571,35,29.8,29,85,FOXauto
FOXauto,2026-05-26,0.34141632653061227,0.30612244897959184,49,23.591836734693878,34,86,FOXauto
FOXauto,2026-05-27,0.33343478260869563,0.2608695652173913,46,22.717391304347824,33,87,FOXauto
FOXauto,2026-05-28,0.3421725,0.325,40,31.75,31,88,FOXauto
FOXauto,2026-05-29,0.21589375,0.125,32,27.3125,25,89,FOXauto
FOXauto,2026-05-30,0.2790975,0.225,40,27.925,33,90,FOXauto
FOXauto,2026-05-31,0.2468206896551724,0.1724137931034483,29,30.620689655172413,27,91,FOXauto
FOXauto,2026-06-01,0.39135833333333336,0.3333333333333333,36,23.666666666666668,30,92,FOXauto
FOXauto,2026-06-02,0.3758371428571428,0.34285714285714286,35,26.742857142857144,29,93,FOXauto
FOXauto,2026-06-03,0.3391454545454546,0.24242424242424243,33,27.393939393939394,27,94,FOXauto
FOXauto,2026-06-04,0.2616242424242424,0.21212121212121213,33,28.939393939393938,25,95,FOXauto
FOXauto,2026-06-05,0.2028264705882353,0.14705882352941177,34,23.823529411764707,28,96,FOXauto
FOXauto,2026-06-06,0.17326190476190476,0.11904761904761904,42,30.761904761904763,29,97,FOXauto
FOXauto,2026-06-07,0.2914023809523809,0.19047619047619047,42,23.761904761904763,33,98,FOXauto
FOXauto,2026-06-08,0.5320361111111112,0.4444444444444444,36,25.305555555555557,27,99,FOXauto
FOXauto,2026-06-09,0.19579666666666667,0.1,30,32.4,24,100,FOXauto
FOXauto,2026-06-10,0.3706666666666667,0.3,30,32.46666666666667,27,101,FOXauto
FOXauto,2026-06-11,0.3072846153846154,0.23076923076923078,39,25.307692307692307,35,102,FOXauto
FOXauto,2026-06-12,0.2918422222222222,0.2222222222222222,45,30.0,34,103,FOXauto
FOXauto,2026-06-13,0.34569062500000003,0.28125,32,30.0,23,104,FOXauto
FOXauto,2026-06-14,0.36799375,0.3125,32,23.875,25,105,FOXauto
FOXauto,2026-06-15,0.27266666666666667,0.2,30,24.733333333333334,26,106,FOXauto
FOXauto,2026-06-16,0.31982,0.28888888888888886,45,24.555555555555557,38,107,FOXauto
FOXauto,2026-06-17,0.3805210526315789,0.3684210526315789,38,33.73684210526316,30,108,FOXauto
FOXauto,2026-06-18,0.4323314285714286,0.42857142857142855,35,31.114285714285714,31,109,FOXauto
FOXauto,2026-06-19,0.33514444444444447,0.28888888888888886,45,27.155555555555555,37,110,FOXauto
FOXauto,2026-06-20,0.303185,0.25,40,27.375,26,111,FOXauto
FOXauto,2026-06-21,0.45840810810810806,0.40540540540540543,37,18.56756756756757,32,112,FOXauto
FOXauto,2026-06-22,0.3059705882352941,0.23529411764705882,34,24.941176470588236,28,113,FOXauto
FOXauto,2026-06-23,0.2421,0.14893617021276595,47,30.29787234042553,36,114,FOXauto
FOXauto,2026-06-24,0.2356030303030303,0.15151515151515152,33,29.78787878787879,27,115,FOXauto
FOXauto,2026-06-25,0.302072972972973,0.2702702702702703,37,24.45945945945946,29,116,FOXauto
FOXauto,2026-06-26,0.3439945945945946,0.24324324324324326,37,28.10810810810811,28,117,FOXauto
FOXauto,2026-06-27,0.31941951219512194,0.24390243902439024,41,36.1219512195122,28,118,FOXauto
FOXauto,2026-06-28,0.2865962962962963,0.18518518518518517,27,28.25925925925926,22,119,FOXauto
FRANCE24auto,2026-03-01,0.22277714285714287,0.14285714285714285,35,25.02857142857143,26,0,FRANCE24auto
FRANCE24auto,2026-03-02,0.094104,0.04,25,27.52,21,1,FRANCE24auto
FRANCE24auto,2026-03-03,0.1440923076923077,0.0,26,23.26923076923077,23,2,FRANCE24auto
FRANCE24auto,2026-03-04,0.2518323529411765,0.17647058823529413,34,20.91176470588235,25,3,FRANCE24auto
FRANCE24auto,2026-03-05,0.23131923076923075,0.19230769230769232,26,19.96153846153846,20,4,FRANCE24auto
FRANCE24auto,2026-03-06,0.333992,0.2,25,27.4,21,5,FRANCE24auto
FRANCE24auto,2026-03-07,0.3769153846153846,0.3076923076923077,26,26.576923076923077,23,6,FRANCE24auto
FRANCE24auto,2026-03-08,0.2471,0.1935483870967742,31,23.967741935483872,21,7,FRANCE24auto
FRANCE24auto,2026-03-09,0.305465625,0.21875,32,32.78125,25,8,FRANCE24auto
FRANCE24auto,2026-03-10,0.19027777777777777,0.1388888888888889,36,28.083333333333332,30,9,FRANCE24auto
FRANCE24auto,2026-03-11,0.14776999999999998,0.06666666666666667,30,29.1,27,10,FRANCE24auto
FRANCE24auto,2026-03-12,0.21590666666666666,0.13333333333333333,30,23.833333333333332,22,11,FRANCE24auto
FRANCE24auto,2026-03-13,0.1199125,0.0625,32,24.34375,23,12,FRANCE24auto
FRANCE24auto,2026-03-14,0.1776478260869565,0.0,23,28.52173913043478,14,13,FRANCE24auto
FRANCE24auto,2026-03-15,0.19373333333333334,0.13333333333333333,30,22.433333333333334,23,14,FRANCE24auto
FRANCE24auto,2026-03-16,0.1736125,0.03125,32,28.15625,26,15,FRANCE24auto
FRANCE24auto,2026-03-17,0.20297878787878787,0.12121212121212122,33,23.303030303030305,29,16,FRANCE24auto
FRANCE24auto,2026-03-18,0.1904875,0.08333333333333333,24,26.958333333333332,23,17,FRANCE24auto
FRANCE24auto,2026-03-19,0.1512911764705882,0.058823529411764705,34,31.176470588235293,28,18,FRANCE24auto
FRANCE24auto,2026-03-20,0.06943846153846153,0.0,26,23.5,23,19,FRANCE24auto
FRANCE24auto,2026-03-21,0.15588333333333332,0.0,30,25.833333333333332,27,20,FRANCE24auto
FRANCE24auto,2026-03-22,0.19671724137931032,0.10344827586206896,29,26.82758620689655,23,21,FRANCE24auto
FRANCE24auto,2026-03-23,0.20686774193548388,0.0967741935483871,31,21.35483870967742,24,22,FRANCE24auto
FRANCE24auto,2026-03-24,0.2985897435897436,0.23076923076923078,39,32.61538461538461,32,23,FRANCE24auto
FRANCE24auto,2026-03-25,0.15536,0.08,25,23.92,21,24,FRANCE24auto
FRANCE24auto,2026-03-26,0.28384827586206895,0.1724137931034483,29,27.344827586206897,24,25,FRANCE24auto
FRANCE24auto,2026-03-27,0.17117500000000002,0.03571428571428571,28,29.178571428571427,24,26,FRANCE24auto
FRANCE24auto,2026-03-28,0.18920882352941176,0.11764705882352941,34,25.91176470588235,22,27,FRANCE24auto
FRANCE24auto,2026-03-29,0.24533125,0.15625,32,30.28125,27,28,FRANCE24auto
FRANCE24auto,2026-03-30,0.23712222222222223,0.18518518518518517,27,29.88888888888889,20,29,FRANCE24auto
FRANCE24auto,2026-03-31,0.2829814814814815,0.18518518518518517,27,25.333333333333332,23,30,FRANCE24auto
FRANCE24auto,2026-04-01,0.28820526315789474,0.2631578947368421,19,24.736842105263158,15,31,FRANCE24auto
FRANCE24auto,2026-04-02,0.19251666666666667,0.08333333333333333,36,26.22222222222222,32,32,FRANCE24auto
FRANCE24auto,2026-04-03,0.2885,0.21428571428571427,28,23.035714285714285,25,33,FRANCE24auto
FRANCE24auto,2026-04-04,0.1136576923076923,0.038461538461538464,26,31.615384615384617,23,34,FRANCE24auto
FRANCE24auto,2026-04-05,0.16895384615384618,0.11538461538461539,26,19.115384615384617,21,35,FRANCE24auto
FRANCE24auto,2026-04-06,0.20067,0.1,20,18.45,17,36,FRANCE24auto
FRANCE24auto,2026-04-07,0.1619,0.06896551724137931,29,28.275862068965516,25,37,FRANCE24auto
FRANCE24auto,2026-04-08,0.17589411764705884,0.058823529411764705,34,29.264705882352942,29,38,FRANCE24auto
FRANCE24auto,2026-04-09,0.12133333333333333,0.06666666666666667,30,19.466666666666665,25,39,FRANCE24auto
FRANCE24auto,2026-04-10,0.12374193548387097,0.0,31,27.580645161290324,25,40,FRANCE24auto
FRANCE24auto,2026-04-11,0.23892857142857146,0.14285714285714285,35,27.771428571428572,28,41,FRANCE24auto
FRANCE24auto,2026-04-12,0.19183125,0.09375,32,19.5625,28,42,FRANCE24auto
FRANCE24auto,2026-04-13,0.17916296296296294,0.14814814814814814,27,28.037037037037038,20,43,FRANCE24auto
FRANCE24auto,2026-04-14,0.2042037037037037,0.1111111111111111,27,21.77777777777778,24,44,FRANCE24auto
FRANCE24auto,2026-04-15,0.23554444444444445,0.1388888888888889,36,34.916666666666664,32,45,FRANCE24auto
FRANCE24auto,2026-04-16,0.20527499999999999,0.15625,32,23.5,28,46,FRANCE24auto
FRANCE24auto,2026-04-17,0.19003478260869566,0.13043478260869565,23,28.565217391304348,20,47,FRANCE24auto
FRANCE24auto,2026-04-18,0.14886206896551724,0.034482758620689655,29,28.103448275862068,24,48,FRANCE24auto
FRANCE24auto,2026-04-19,0.13238076923076922,0.0,26,25.153846153846153,21,49,FRANCE24auto
FRANCE24auto,2026-04-20,0.26108387096774194,0.16129032258064516,31,27.225806451612904,23,50,FRANCE24auto
FRANCE24auto,2026-04-21,0.1952103448275862,0.10344827586206896,29,19.93103448275862,28,51,FRANCE24auto
FRANCE24auto,2026-04-22,0.097412,0.0,25,23.04,20,52,FRANCE24auto
FRANCE24auto,2026-04-23,0.24673636363636364,0.15151515151515152,33,32.81818181818182,29,53,FRANCE24auto
FRANCE24auto,2026-04-24,0.1700846153846154,0.038461538461538464,26,25.23076923076923,24,54,FRANCE24auto
FRANCE24auto,2026-04-25,0.21695757575757577,0.09090909090909091,33,20.0,30,55,FRANCE24auto
FRANCE24auto,2026-04-26,0.2616454545454545,0.18181818181818182,22,29.272727272727273,19,56,FRANCE24auto
FRANCE24auto,2026-04-27,0.13443214285714286,0.03571428571428571,28,33.107142857142854,26,57,FRANCE24auto
FRANCE24auto,2026-04-28,0.23476060606060606,0.15151515151515152,33,30.363636363636363,24,58,FRANCE24auto
FRANCE24auto,2026-04-29,0.29704615384615385,0.23076923076923078,26,26.653846153846153,24,59,FRANCE24auto
FRANCE24auto,2026-04-30,0.19569166666666668,0.125,24,23.958333333333332,22,60,FRANCE24auto
FRANCE24auto,2026-05-01,0.15773939393939393,0.06060606060606061,33,26.12121212121212,24,61,FRANCE24auto
FRANCE24auto,2026-05-02,0.17597931034482758,0.10344827586206896,29,32.10344827586207,27,62,FRANCE24auto
FRANCE24auto,2026-05-03,0.32258518518518514,0.2222222222222222,27,25.25925925925926,21,63,FRANCE24auto
FRANCE24auto,2026-05-04,0.1756578947368421,0.10526315789473684,38,30.736842105263158,35,64,FRANCE24auto
FRANCE24auto,2026-05-05,0.30417037037037037,0.2962962962962963,27,35.55555555555556,22,65,FRANCE24auto
FRANCE24auto,2026-05-06,0.29643043478260866,0.21739130434782608,23,26.217391304347824,19,66,FRANCE24auto
FRANCE24auto,2026-05-07,0.17446060606060607,0.09090909090909091,33,30.060606060606062,28,67,FRANCE24auto
FRANCE24auto,2026-05-08,0.131478125,0.0625,32,31.84375,29,68,FRANCE24auto
FRANCE24auto,2026-05-09,0.19786176470588235,0.08823529411764706,34,20.352941176470587,32,69,FRANCE24auto
FRANCE24auto,2026-05-10,0.15472692307692307,0.11538461538461539,26,29.153846153846153,22,70,FRANCE24auto
FRANCE24auto,2026-05-11,0.12639199999999998,0.04,25,35.36,22,71,FRANCE24auto
FRANCE24auto,2026-05-12,0.14942608695652174,0.08695652173913043,23,28.0,21,72,FRANCE24auto
FRANCE24auto,2026-05-13,0.1894695652173913,0.08695652173913043,23,29.434782608695652,21,73,FRANCE24auto
FRANCE24auto,2026-05-14,0.15364347826086955,0.043478260869565216,23,20.82608695652174,21,74,FRANCE24auto
FRANCE24auto,2026-05-15,0.16941025641025642,0.02564102564102564,39,22.41025641025641,34,75,FRANCE24auto
FRANCE24auto,2026-05-16,0.24131379310344828,0.13793103448275862,29,20.862068965517242,27,76,FRANCE24auto
FRANCE24auto,2026-05-17,0.11203,0.0,20,27.5,20,77,FRANCE24auto
FRANCE24auto,2026-05-18,0.201796,0.12,25,30.92,24,78,FRANCE24auto
FRANCE24auto,2026-05-19,0.16351875,0.0625,32,31.375,26,79,FRANCE24auto
FRANCE24auto,2026-05-20,0.251978125,0.15625,32,32.03125,31,80,FRANCE24auto
FRANCE24auto,2026-05-21,0.268,0.16666666666666666,24,28.541666666666668,20,81,FRANCE24auto
FRANCE24auto,2026-05-22,0.3331321428571429,0.21428571428571427,28,25.821428571428573,27,82,FRANCE24auto
FRANCE24auto,2026-05-23,0.33337241379310345,0.2413793103448276,29,23.20689655172414,28,83,FRANCE24auto
FRANCE24auto,2026-05-24,0.251248,0.12,25,30.36,19,84,FRANCE24auto
FRANCE24auto,2026-05-25,0.20258064516129032,0.12903225806451613,31,31.096774193548388,27,85,FRANCE24auto
FRANCE24auto,2026-05-26,0.19187666666666667,0.13333333333333333,30,31.3,26,86,FRANCE24auto
FRANCE24auto,2026-05-27,0.3176527777777778,0.25,36,24.13888888888889,34,87,FRANCE24auto
FRANCE24auto,2026-05-28,0.185490625,0.0625,32,27.71875,28,88,FRANCE24auto
FRANCE24auto,2026-05-29,0.21237777777777775,0.14814814814814814,27,28.925925925925927,24,89,FRANCE24auto
FRANCE24auto,2026-05-30,0.3080962962962963,0.2962962962962963,27,17.814814814814813,25,90,FRANCE24auto
FRANCE24auto,2026-05-31,0.1993448275862069,0.10344827586206896,29,26.344827586206897,26,91,FRANCE24auto
FRANCE24auto,2026-06-01,0.23768055555555556,0.16666666666666666,36,25.72222222222222,32,92,FRANCE24auto
FRANCE24auto,2026-06-02,0.2815068965517242,0.20689655172413793,29,28.586206896551722,24,93,FRANCE24auto
FRANCE24auto,2026-06-03,0.4516545454545454,0.4090909090909091,22,22.454545454545453,21,94,FRANCE24auto
FRANCE24auto,2026-06-04,0.423825641025641,0.358974358974359,39,28.256410256410255,33,95,FRANCE24auto
FRANCE24auto,2026-06-05,0.25005757575757576,0.15151515151515152,33,25.757575757575758,29,96,FRANCE24auto
FRANCE24auto,2026-06-06,0.5849259259259258,0.5555555555555556,27,27.74074074074074,25,97,FRANCE24auto
FRANCE24auto,2026-06-07,0.349752380952381,0.30952380952380953,42,26.88095238095238,38,98,FRANCE24auto
FRANCE24auto,2026-06-08,0.27823235294117643,0.17647058823529413,34,23.91176470588235,32,99,FRANCE24auto
FRANCE24auto,2026-06-09,0.35594642857142855,0.32142857142857145,28,29.821428571428573,25,100,FRANCE24auto
FRANCE24auto,2026-06-10,0.3531,0.2727272727272727,22,23.545454545454547,21,101,FRANCE24auto
FRANCE24auto,2026-06-11,0.1786862068965517,0.10344827586206896,29,32.0,25,102,FRANCE24auto
FRANCE24auto,2026-06-12,0.2683933333333333,0.23333333333333334,30,27.066666666666666,27,103,FRANCE24auto
FRANCE24auto,2026-06-13,0.4758225806451613,0.41935483870967744,31,24.387096774193548,27,104,FRANCE24auto
FRANCE24auto,2026-06-14,0.26918749999999997,0.25,32,26.8125,30,105,FRANCE24auto
FRANCE24auto,2026-06-15,0.5486037037037037,0.5185185185185185,27,27.296296296296298,23,106,FRANCE24auto
FRANCE24auto,2026-06-16,0.3742625,0.34375,32,30.5,30,107,FRANCE24auto
FRANCE24auto,2026-06-17,0.29626956521739134,0.2608695652173913,23,29.73913043478261,21,108,FRANCE24auto
FRANCE24auto,2026-06-18,0.36548823529411767,0.2647058823529412,34,25.235294117647058,30,109,FRANCE24auto
FRANCE24auto,2026-06-19,0.42063684210526314,0.3684210526315789,38,27.13157894736842,38,110,FRANCE24auto
FRANCE24auto,2026-06-20,0.3327344827586207,0.3103448275862069,29,28.93103448275862,28,111,FRANCE24auto
FRANCE24auto,2026-06-21,0.5137435897435898,0.46153846153846156,39,24.974358974358974,37,112,FRANCE24auto
FRANCE24auto,2026-06-22,0.5593037037037037,0.5555555555555556,27,31.925925925925927,23,113,FRANCE24auto
FRANCE24auto,2026-06-23,0.4059925925925926,0.37037037037037035,27,26.62962962962963,27,114,FRANCE24auto
FRANCE24auto,2026-06-24,0.3984594594594595,0.3783783783783784,37,29.35135135135135,35,115,FRANCE24auto
FRANCE24auto,2026-06-25,0.41645909090909095,0.36363636363636365,22,28.318181818181817,21,116,FRANCE24auto
FRANCE24auto,2026-06-26,0.5199081081081081,0.5135135135135135,37,22.72972972972973,37,117,FRANCE24auto
FRANCE24auto,2026-06-27,0.35025161290322576,0.3225806451612903,31,22.70967741935484,28,118,FRANCE24auto
FRANCE24auto,2026-06-28,0.5098518518518519,0.48148148148148145,27,20.48148148148148,20,119,FRANCE24auto
Futurology,2026-03-01,0.40479130434782606,0.34782608695652173,23,27.565217391304348,19,0,Futurology
Futurology,2026-03-02,0.2666366666666667,0.16666666666666666,30,30.866666666666667,26,1,Futurology
Futurology,2026-03-03,0.25322,0.2,25,23.12,20,2,Futurology
Futurology,2026-03-04,0.43970882352941176,0.35294117647058826,34,25.0,29,3,Futurology
Futurology,2026-03-05,0.3464172413793104,0.27586206896551724,29,25.551724137931036,27,4,Futurology
Futurology,2026-03-06,0.41618421052631577,0.3157894736842105,38,22.31578947368421,35,5,Futurology
Futurology,2026-03-07,0.37276333333333334,0.26666666666666666,30,25.833333333333332,25,6,Futurology
Futurology,2026-03-08,0.36673018867924534,0.3018867924528302,53,22.471698113207548,43,7,Futurology
Futurology,2026-03-09,0.4583771428571428,0.37142857142857144,35,24.257142857142856,28,8,Futurology
Futurology,2026-03-10,0.4021379310344828,0.3448275862068966,29,26.24137931034483,26,9,Futurology
Futurology,2026-03-11,0.34505121951219514,0.2926829268292683,41,24.341463414634145,36,10,Futurology
Futurology,2026-03-12,0.26912571428571425,0.2,35,25.685714285714287,29,11,Futurology
Futurology,2026-03-13,0.36105510204081637,0.30612244897959184,49,25.224489795918366,40,12,Futurology
Futurology,2026-03-14,0.3046384615384615,0.2564102564102564,39,26.128205128205128,32,13,Futurology
Futurology,2026-03-15,0.33329705882352945,0.29411764705882354,34,23.441176470588236,28,14,Futurology
Futurology,2026-03-16,0.4096388888888889,0.3333333333333333,36,23.27777777777778,31,15,Futurology
Futurology,2026-03-17,0.31470000000000004,0.24324324324324326,37,31.054054054054053,33,16,Futurology
Futurology,2026-03-18,0.4682133333333333,0.4,30,23.133333333333333,28,17,Futurology
Futurology,2026-03-19,0.4980882352941176,0.47058823529411764,34,27.970588235294116,29,18,Futurology
Futurology,2026-03-20,0.21799,0.13333333333333333,30,29.733333333333334,25,19,Futurology
Futurology,2026-03-21,0.30175555555555555,0.25,36,26.444444444444443,30,20,Futurology
Futurology,2026-03-22,0.29915238095238095,0.21428571428571427,42,23.214285714285715,35,21,Futurology
Futurology,2026-03-23,0.3194392857142857,0.21428571428571427,28,22.892857142857142,25,22,Futurology
Futurology,2026-03-24,0.39999,0.3,30,29.033333333333335,27,23,Futurology
Futurology,2026-03-25,0.4446512195121951,0.4146341463414634,41,30.70731707317073,34,24,Futurology
Futurology,2026-03-26,0.3542516129032258,0.2903225806451613,31,31.096774193548388,28,25,Futurology
Futurology,2026-03-27,0.4313969696969697,0.3939393939393939,33,27.696969696969695,31,26,Futurology
Futurology,2026-03-28,0.3148375,0.25,32,32.15625,27,27,Futurology
Futurology,2026-03-29,0.47377250000000004,0.425,40,26.0,34,28,Futurology
Futurology,2026-03-30,0.4155,0.3783783783783784,37,26.216216216216218,29,29,Futurology
Futurology,2026-03-31,0.44616749999999994,0.4,40,29.65,38,30,Futurology
Futurology,2026-04-01,0.36926857142857145,0.34285714285714286,35,29.057142857142857,29,31,Futurology
Futurology,2026-04-02,0.3532482758620689,0.27586206896551724,29,26.06896551724138,27,32,Futurology
Futurology,2026-04-03,0.30433333333333334,0.2777777777777778,36,30.916666666666668,34,33,Futurology
Futurology,2026-04-04,0.27336388888888885,0.19444444444444445,36,25.63888888888889,31,34,Futurology
Futurology,2026-04-05,0.33315897435897435,0.28205128205128205,39,27.58974358974359,36,35,Futurology
Futurology,2026-04-06,0.31164878048780487,0.21951219512195122,41,26.78048780487805,38,36,Futurology
Futurology,2026-04-07,0.36673783783783787,0.2972972972972973,37,25.216216216216218,31,37,Futurology
Futurology,2026-04-08,0.3362827586206897,0.27586206896551724,29,21.586206896551722,27,38,Futurology
Futurology,2026-04-09,0.27344444444444443,0.18518518518518517,27,27.22222222222222,23,39,Futurology
Futurology,2026-04-10,0.47861785714285715,0.42857142857142855,28,28.75,26,40,Futurology
Futurology,2026-04-11,0.37313142857142856,0.3142857142857143,35,29.2,32,41,Futurology
Futurology,2026-04-12,0.40436944444444445,0.3611111111111111,36,28.22222222222222,34,42,Futurology
Futurology,2026-04-13,0.43257083333333335,0.3333333333333333,24,32.708333333333336,21,43,Futurology
Futurology,2026-04-14,0.3876648648648649,0.3783783783783784,37,27.324324324324323,31,44,Futurology
Futurology,2026-04-15,0.35563235294117646,0.29411764705882354,34,26.176470588235293,28,45,Futurology
Futurology,2026-04-16,0.47266944444444436,0.3888888888888889,36,24.97222222222222,32,46,Futurology
Futurology,2026-04-17,0.41913333333333336,0.3611111111111111,36,26.416666666666668,34,47,Futurology
Futurology,2026-04-18,0.26918333333333333,0.20833333333333334,24,21.166666666666668,20,48,Futurology
Futurology,2026-04-19,0.3931790697674419,0.32558139534883723,43,29.627906976744185,35,49,Futurology
Futurology,2026-04-20,0.3740275862068966,0.3103448275862069,29,25.75862068965517,27,50,Futurology
Futurology,2026-04-21,0.28527407407407407,0.2222222222222222,27,31.85185185185185,25,51,Futurology
Futurology,2026-04-22,0.5074365853658537,0.4878048780487805,41,27.48780487804878,36,52,Futurology
Futurology,2026-04-23,0.3264944444444444,0.25,36,27.25,34,53,Futurology
Futurology,2026-04-24,0.27261578947368426,0.23684210526315788,38,27.342105263157894,31,54,Futurology
Futurology,2026-04-25,0.31632439024390246,0.2682926829268293,41,27.146341463414632,37,55,Futurology
Futurology,2026-04-26,0.2728260869565218,0.21739130434782608,46,26.608695652173914,42,56,Futurology
Futurology,2026-04-27,0.4252783783783784,0.3783783783783784,37,24.324324324324323,37,57,Futurology
Futurology,2026-04-28,0.47854090909090913,0.4090909090909091,22,27.136363636363637,22,58,Futurology
Futurology,2026-04-29,0.29968709677419353,0.2903225806451613,31,25.774193548387096,28,59,Futurology
Futurology,2026-04-30,0.5313022222222222,0.4888888888888889,45,27.11111111111111,39,60,Futurology
Futurology,2026-05-01,0.14950434782608696,0.13043478260869565,23,23.304347826086957,23,61,Futurology
Futurology,2026-05-02,0.2909921052631579,0.18421052631578946,38,21.05263157894737,31,62,Futurology
Futurology,2026-05-03,0.375065625,0.34375,32,26.5625,30,63,Futurology
Futurology,2026-05-04,0.2718875,0.20833333333333334,24,26.916666666666668,21,64,Futurology
Futurology,2026-05-05,0.40768,0.36666666666666664,30,27.9,26,65,Futurology
Futurology,2026-05-06,0.42075625,0.34375,32,31.3125,29,66,Futurology
Futurology,2026-05-07,0.2314548387096774,0.12903225806451613,31,23.70967741935484,28,67,Futurology
Futurology,2026-05-08,0.38803863636363634,0.36363636363636365,44,27.545454545454547,37,68,Futurology
Futurology,2026-05-09,0.364015625,0.28125,32,27.84375,27,69,Futurology
Futurology,2026-05-10,0.34677368421052635,0.3157894736842105,19,23.526315789473685,17,70,Futurology
Futurology,2026-05-11,0.35384242424242424,0.30303030303030304,33,29.757575757575758,30,71,Futurology
Futurology,2026-05-12,0.4413967741935484,0.41935483870967744,31,29.0,27,72,Futurology
Futurology,2026-05-13,0.2744933333333333,0.2222222222222222,45,31.333333333333332,35,73,Futurology
Futurology,2026-05-14,0.27984848484848485,0.21212121212121213,33,26.818181818181817,30,74,Futurology
Futurology,2026-05-15,0.22242142857142855,0.16666666666666666,42,26.238095238095237,38,75,Futurology
Futurology,2026-05-16,0.2784,0.22580645161290322,31,28.903225806451612,30,76,Futurology
Futurology,2026-05-17,0.2694463414634146,0.21951219512195122,41,26.51219512195122,36,77,Futurology
Futurology,2026-05-18,0.40142352941176473,0.29411764705882354,34,24.705882352941178,28,78,Futurology
Futurology,2026-05-19,0.3417710526315789,0.23684210526315788,38,31.210526315789473,38,79,Futurology
Futurology,2026-05-20,0.42667179487179485,0.38461538461538464,39,28.128205128205128,34,80,Futurology
Futurology,2026-05-21,0.4584242424242424,0.42424242424242425,33,24.303030303030305,33,81,Futurology
Futurology,2026-05-22,0.29757142857142854,0.19047619047619047,42,22.261904761904763,37,82,Futurology
Futurology,2026-05-23,0.3480720930232558,0.23255813953488372,43,25.209302325581394,38,83,Futurology
Futurology,2026-05-24,0.27760625,0.21875,32,22.0625,31,84,Futurology
Futurology,2026-05-25,0.36083157894736845,0.34210526315789475,38,32.13157894736842,34,85,Futurology
Futurology,2026-05-26,0.433996875,0.34375,32,22.09375,30,86,Futurology
Futurology,2026-05-27,0.504437037037037,0.48148148148148145,27,30.22222222222222,26,87,Futurology
Futurology,2026-05-28,0.572978125,0.5625,32,21.375,29,88,Futurology
Futurology,2026-05-29,0.5059882352941177,0.47058823529411764,34,26.264705882352942,33,89,Futurology
Futurology,2026-05-30,0.4427261904761905,0.35714285714285715,42,28.166666666666668,37,90,Futurology
Futurology,2026-05-31,0.5128461538461538,0.46153846153846156,26,26.692307692307693,26,91,Futurology
Futurology,2026-06-01,0.3788272727272727,0.36363636363636365,22,28.59090909090909,20,92,Futurology
Futurology,2026-06-02,0.48883125,0.53125,32,25.90625,31,93,Futurology
Futurology,2026-06-03,0.4837066666666667,0.4666666666666667,30,27.3,26,94,Futurology
Futurology,2026-06-04,0.3665088235294118,0.35294117647058826,34,30.61764705882353,32,95,Futurology
Futurology,2026-06-05,0.45772,0.425,40,29.75,35,96,Futurology
Futurology,2026-06-06,0.4840527777777777,0.4722222222222222,36,30.916666666666668,35,97,Futurology
Futurology,2026-06-07,0.5307148148148149,0.5185185185185185,27,22.48148148148148,27,98,Futurology
Futurology,2026-06-08,0.5095166666666666,0.5238095238095238,42,28.976190476190474,41,99,Futurology
Futurology,2026-06-09,0.5351918918918919,0.4864864864864865,37,23.216216216216218,30,100,Futurology
Futurology,2026-06-10,0.5230714285714286,0.4857142857142857,35,27.771428571428572,34,101,Futurology
Futurology,2026-06-11,0.5581366666666666,0.5333333333333333,30,28.066666666666666,28,102,Futurology
Futurology,2026-06-12,0.38487307692307693,0.34615384615384615,26,28.653846153846153,25,103,Futurology
Futurology,2026-06-13,0.55347,0.55,40,27.65,36,104,Futurology
Futurology,2026-06-14,0.5860571428571428,0.5714285714285714,35,30.17142857142857,34,105,Futurology
Futurology,2026-06-15,0.5747833333333333,0.5555555555555556,36,26.77777777777778,34,106,Futurology
Futurology,2026-06-16,0.5192571428571429,0.4523809523809524,42,22.047619047619047,37,107,Futurology
Futurology,2026-06-17,0.6144,0.5666666666666667,30,27.933333333333334,28,108,Futurology
Futurology,2026-06-18,0.7353000000000001,0.7,30,29.433333333333334,27,109,Futurology
Futurology,2026-06-19,0.6409970588235294,0.6470588235294118,34,25.38235294117647,33,110,Futurology
Futurology,2026-06-20,0.6245514285714286,0.6571428571428571,35,25.285714285714285,31,111,Futurology
Futurology,2026-06-21,0.6953470588235294,0.6176470588235294,34,23.205882352941178,32,112,Futurology
Futurology,2026-06-22,0.6834171428571428,0.6857142857142857,35,30.085714285714285,34,113,Futurology
Futurology,2026-06-23,0.670214705882353,0.6764705882352942,34,28.205882352941178,33,114,Futurology
Futurology,2026-06-24,0.5889232558139534,0.6046511627906976,43,30.13953488372093,41,115,Futurology
Futurology,2026-06-25,0.5472592592592592,0.5185185185185185,27,32.03703703703704,26,116,Futurology
Futurology,2026-06-26,0.6096030303030303,0.6060606060606061,33,32.484848484848484,32,117,Futurology
Futurology,2026-06-27,0.5296676470588235,0.5294117647058824,34,25.88235294117647,31,118,Futurology
Futurology,2026-06-28,0.6285999999999999,0.625,24,29.5,24,119,Futurology
GUARDIANauto,2026-03-01,0.4677442307692308,0.4230769230769231,52,20.942307692307693,32,0,GUARDIANauto
GUARDIANauto,2026-03-02,0.5186388888888889,0.48148148148148145,54,29.462962962962962,34,1,GUARDIANauto
GUARDIANauto,2026-03-03,0.5528255813953489,0.5116279069767442,43,28.697674418604652,29,2,GUARDIANauto
GUARDIANauto,2026-03-04,0.48611020408163264,0.46938775510204084,49,25.93877551020408,33,3,GUARDIANauto
GUARDIANauto,2026-03-05,0.4362965517241379,0.41379310344827586,58,28.896551724137932,41,4,GUARDIANauto
GUARDIANauto,2026-03-06,0.3933925925925926,0.37037037037037035,54,26.444444444444443,41,5,GUARDIANauto
GUARDIANauto,2026-03-07,0.4579648148148148,0.37037037037037035,54,27.61111111111111,37,6,GUARDIANauto
GUARDIANauto,2026-03-08,0.295183606557377,0.2459016393442623,61,24.0327868852459,39,7,GUARDIANauto
GUARDIANauto,2026-03-09,0.5505326086956522,0.5434782608695652,46,28.130434782608695,37,8,GUARDIANauto
GUARDIANauto,2026-03-10,0.4267146341463415,0.4146341463414634,41,27.5609756097561,32,9,GUARDIANauto
GUARDIANauto,2026-03-11,0.5014092592592593,0.46296296296296297,54,25.27777777777778,43,10,GUARDIANauto
GUARDIANauto,2026-03-12,0.47106000000000003,0.4,50,28.1,32,11,GUARDIANauto
GUARDIANauto,2026-03-13,0.42239166666666667,0.375,48,28.770833333333332,35,12,GUARDIANauto
GUARDIANauto,2026-03-14,0.41131999999999996,0.38181818181818183,55,27.2,40,13,GUARDIANauto
GUARDIANauto,2026-03-15,0.575821568627451,0.5490196078431373,51,24.901960784313726,36,14,GUARDIANauto
GUARDIANauto,2026-03-16,0.4415770833333333,0.4375,48,25.041666666666668,32,15,GUARDIANauto
GUARDIANauto,2026-03-17,0.40644897959183673,0.3877551020408163,49,28.06122448979592,29,16,GUARDIANauto
GUARDIANauto,2026-03-18,0.5373604651162791,0.5116279069767442,43,25.976744186046513,31,17,GUARDIANauto
GUARDIANauto,2026-03-19,0.5112717948717949,0.46153846153846156,39,27.46153846153846,29,18,GUARDIANauto
GUARDIANauto,2026-03-20,0.5071678571428572,0.5,56,23.803571428571427,34,19,GUARDIANauto
GUARDIANauto,2026-03-21,0.29063684210526314,0.23684210526315788,38,28.842105263157894,27,20,GUARDIANauto
GUARDIANauto,2026-03-22,0.48575294117647055,0.4117647058823529,34,28.11764705882353,26,21,GUARDIANauto
GUARDIANauto,2026-03-23,0.414465,0.36666666666666664,60,25.416666666666668,39,22,GUARDIANauto
GUARDIANauto,2026-03-24,0.5643962264150943,0.5094339622641509,53,25.169811320754718,35,23,GUARDIANauto
GUARDIANauto,2026-03-25,0.46157800000000004,0.46,50,25.62,31,24,GUARDIANauto
GUARDIANauto,2026-03-26,0.4835169811320755,0.4339622641509434,53,28.30188679245283,39,25,GUARDIANauto
GUARDIANauto,2026-03-27,0.4322358490566038,0.39622641509433965,53,24.867924528301888,32,26,GUARDIANauto
GUARDIANauto,2026-03-28,0.3927071428571428,0.30357142857142855,56,25.821428571428573,40,27,GUARDIANauto
GUARDIANauto,2026-03-29,0.5072,0.4888888888888889,45,27.22222222222222,29,28,GUARDIANauto
GUARDIANauto,2026-03-30,0.3093,0.25,52,21.53846153846154,36,29,GUARDIANauto
GUARDIANauto,2026-03-31,0.4495681818181818,0.3787878787878788,66,20.318181818181817,42,30,GUARDIANauto
GUARDIANauto,2026-04-01,0.41737441860465113,0.3488372093023256,43,20.976744186046513,31,31,GUARDIANauto
GUARDIANauto,2026-04-02,0.3869870370370371,0.35185185185185186,54,25.24074074074074,36,32,GUARDIANauto
GUARDIANauto,2026-04-03,0.5207895833333334,0.5,48,26.5,33,33,GUARDIANauto
GUARDIANauto,2026-04-04,0.4975725,0.475,40,30.575,31,34,GUARDIANauto
GUARDIANauto,2026-04-05,0.4177929824561403,0.3684210526315789,57,27.0,41,35,GUARDIANauto
GUARDIANauto,2026-04-06,0.38425714285714285,0.2857142857142857,42,24.547619047619047,30,36,GUARDIANauto
GUARDIANauto,2026-04-07,0.47507818181818184,0.43636363636363634,55,23.509090909090908,38,37,GUARDIANauto
GUARDIANauto,2026-04-08,0.4146103448275862,0.39655172413793105,58,27.655172413793103,40,38,GUARDIANauto
GUARDIANauto,2026-04-09,0.567698,0.56,50,29.74,37,39,GUARDIANauto
GUARDIANauto,2026-04-10,0.3323618181818182,0.2727272727272727,55,26.4,38,40,GUARDIANauto
GUARDIANauto,2026-04-11,0.38043793103448276,0.3448275862068966,58,32.0,42,41,GUARDIANauto
GUARDIANauto,2026-04-12,0.3924452380952381,0.3333333333333333,42,27.261904761904763,33,42,GUARDIANauto
GUARDIANauto,2026-04-13,0.6150732142857143,0.5714285714285714,56,22.642857142857142,37,43,GUARDIANauto
GUARDIANauto,2026-04-14,0.4702491228070176,0.45614035087719296,57,27.473684210526315,39,44,GUARDIANauto
GUARDIANauto,2026-04-15,0.45233999999999996,0.4,40,27.525,26,45,GUARDIANauto
GUARDIANauto,2026-04-16,0.5001472727272727,0.41818181818181815,55,29.145454545454545,36,46,GUARDIANauto
GUARDIANauto,2026-04-17,0.3924831168831169,0.33766233766233766,77,27.87012987012987,53,47,GUARDIANauto
GUARDIANauto,2026-04-18,0.6017473684210526,0.5614035087719298,57,22.263157894736842,44,48,GUARDIANauto
GUARDIANauto,2026-04-19,0.4912911111111111,0.4666666666666667,45,28.244444444444444,33,49,GUARDIANauto
GUARDIANauto,2026-04-20,0.39634761904761906,0.38095238095238093,63,24.38095238095238,44,50,GUARDIANauto
GUARDIANauto,2026-04-21,0.5317370967741936,0.5161290322580645,62,22.403225806451612,39,51,GUARDIANauto
GUARDIANauto,2026-04-22,0.5386245283018868,0.5283018867924528,53,25.867924528301888,36,52,GUARDIANauto
GUARDIANauto,2026-04-23,0.44081186440677966,0.423728813559322,59,26.694915254237287,39,53,GUARDIANauto
GUARDIANauto,2026-04-24,0.3376340909090909,0.25,44,31.227272727272727,35,54,GUARDIANauto
GUARDIANauto,2026-04-25,0.45710392156862745,0.39215686274509803,51,24.54901960784314,38,55,GUARDIANauto
GUARDIANauto,2026-04-26,0.46591052631578944,0.43859649122807015,57,30.17543859649123,39,56,GUARDIANauto
GUARDIANauto,2026-04-27,0.46592264150943397,0.41509433962264153,53,25.037735849056602,35,57,GUARDIANauto
GUARDIANauto,2026-04-28,0.46416481481481486,0.42592592592592593,54,27.59259259259259,35,58,GUARDIANauto
GUARDIANauto,2026-04-29,0.487368,0.48,50,26.02,32,59,GUARDIANauto
GUARDIANauto,2026-04-30,0.3630925925925926,0.3333333333333333,54,23.85185185185185,31,60,GUARDIANauto
GUARDIANauto,2026-05-01,0.4321890625,0.34375,64,25.46875,40,61,GUARDIANauto
GUARDIANauto,2026-05-02,0.3543309090909091,0.2545454545454545,55,27.09090909090909,38,62,GUARDIANauto
GUARDIANauto,2026-05-03,0.5298106382978723,0.5319148936170213,47,30.617021276595743,34,63,GUARDIANauto
GUARDIANauto,2026-05-04,0.411295652173913,0.3695652173913043,46,26.695652173913043,31,64,GUARDIANauto
GUARDIANauto,2026-05-05,0.41837419354838706,0.4032258064516129,62,25.403225806451612,38,65,GUARDIANauto
GUARDIANauto,2026-05-06,0.5377135135135135,0.5405405405405406,37,15.594594594594595,30,66,GUARDIANauto
GUARDIANauto,2026-05-07,0.48533396226415093,0.4716981132075472,53,27.471698113207548,40,67,GUARDIANauto
GUARDIANauto,2026-05-08,0.34494255319148937,0.2765957446808511,47,22.53191489361702,35,68,GUARDIANauto
GUARDIANauto,2026-05-09,0.47517368421052636,0.43859649122807015,57,28.29824561403509,39,69,GUARDIANauto
GUARDIANauto,2026-05-10,0.48427761194029856,0.4626865671641791,67,31.567164179104477,41,70,GUARDIANauto
GUARDIANauto,2026-05-11,0.47361,0.45,60,26.3,41,71,GUARDIANauto
GUARDIANauto,2026-05-12,0.4935827586206897,0.46551724137931033,58,30.06896551724138,36,72,GUARDIANauto
GUARDIANauto,2026-05-13,0.4291111111111111,0.4074074074074074,54,27.01851851851852,39,73,GUARDIANauto
GUARDIANauto,2026-05-14,0.410922641509434,0.3584905660377358,53,24.37735849056604,38,74,GUARDIANauto
GUARDIANauto,2026-05-15,0.5252964912280702,0.47368421052631576,57,25.92982456140351,43,75,GUARDIANauto
GUARDIANauto,2026-05-16,0.37991206896551727,0.3103448275862069,58,27.913793103448278,38,76,GUARDIANauto
GUARDIANauto,2026-05-17,0.4076188679245283,0.3584905660377358,53,23.264150943396228,41,77,GUARDIANauto
GUARDIANauto,2026-05-18,0.44547272727272724,0.36363636363636365,44,26.136363636363637,32,78,GUARDIANauto
GUARDIANauto,2026-05-19,0.43331470588235294,0.38235294117647056,34,22.558823529411764,28,79,GUARDIANauto
GUARDIANauto,2026-05-20,0.33828823529411767,0.29411764705882354,51,20.568627450980394,36,80,GUARDIANauto
GUARDIANauto,2026-05-21,0.4317612244897959,0.3469387755102041,49,28.653061224489797,32,81,GUARDIANauto
GUARDIANauto,2026-05-22,0.3568888888888889,0.3333333333333333,36,22.88888888888889,30,82,GUARDIANauto
GUARDIANauto,2026-05-23,0.4511085106382979,0.3829787234042553,47,28.06382978723404,36,83,GUARDIANauto
GUARDIANauto,2026-05-24,0.46491999999999994,0.4,45,28.622222222222224,29,84,GUARDIANauto
GUARDIANauto,2026-05-25,0.5651636363636364,0.5227272727272727,44,22.318181818181817,26,85,GUARDIANauto
GUARDIANauto,2026-05-26,0.48651428571428573,0.4107142857142857,56,27.910714285714285,39,86,GUARDIANauto
GUARDIANauto,2026-05-27,0.5044116279069768,0.46511627906976744,43,26.11627906976744,28,87,GUARDIANauto
GUARDIANauto,2026-05-28,0.37550392156862744,0.3333333333333333,51,27.529411764705884,34,88,GUARDIANauto
GUARDIANauto,2026-05-29,0.4656385964912281,0.42105263157894735,57,29.736842105263158,36,89,GUARDIANauto
GUARDIANauto,2026-05-30,0.3846344827586207,0.3448275862068966,58,27.810344827586206,38,90,GUARDIANauto
GUARDIANauto,2026-05-31,0.5028565217391304,0.45652173913043476,46,25.108695652173914,35,91,GUARDIANauto
GUARDIANauto,2026-06-01,0.436053125,0.40625,32,27.78125,23,92,GUARDIANauto
GUARDIANauto,2026-06-02,0.5115952380952381,0.47619047619047616,42,24.095238095238095,35,93,GUARDIANauto
GUARDIANauto,2026-06-03,0.3586666666666667,0.3541666666666667,48,31.520833333333332,33,94,GUARDIANauto
GUARDIANauto,2026-06-04,0.5719176470588235,0.5294117647058824,51,28.098039215686274,40,95,GUARDIANauto
GUARDIANauto,2026-06-05,0.40518771929824565,0.3508771929824561,57,29.894736842105264,40,96,GUARDIANauto
GUARDIANauto,2026-06-06,0.407863829787234,0.3829787234042553,47,24.97872340425532,35,97,GUARDIANauto
GUARDIANauto,2026-06-07,0.45301632653061225,0.46938775510204084,49,25.836734693877553,33,98,GUARDIANauto
GUARDIANauto,2026-06-08,0.5562107692307693,0.5538461538461539,65,28.215384615384615,45,99,GUARDIANauto
GUARDIANauto,2026-06-09,0.43610000000000004,0.3695652173913043,46,28.543478260869566,34,100,GUARDIANauto
GUARDIANauto,2026-06-10,0.5019303571428572,0.4642857142857143,56,25.464285714285715,36,101,GUARDIANauto
GUARDIANauto,2026-06-11,0.5212583333333334,0.48333333333333334,60,29.533333333333335,45,102,GUARDIANauto
GUARDIANauto,2026-06-12,0.4513377358490566,0.41509433962264153,53,26.754716981132077,44,103,GUARDIANauto
GUARDIANauto,2026-06-13,0.4973942307692308,0.4807692307692308,52,26.0,36,104,GUARDIANauto
GUARDIANauto,2026-06-14,0.48157500000000003,0.4423076923076923,52,24.51923076923077,36,105,GUARDIANauto
GUARDIANauto,2026-06-15,0.4225,0.38,50,25.42,37,106,GUARDIANauto
GUARDIANauto,2026-06-16,0.43366382978723406,0.425531914893617,47,22.914893617021278,38,107,GUARDIANauto
GUARDIANauto,2026-06-17,0.5026542372881356,0.4576271186440678,59,24.576271186440678,41,108,GUARDIANauto
GUARDIANauto,2026-06-18,0.4300538461538462,0.40384615384615385,52,26.865384615384617,35,109,GUARDIANauto
GUARDIANauto,2026-06-19,0.3169882352941176,0.2647058823529412,34,19.676470588235293,27,110,GUARDIANauto
GUARDIANauto,2026-06-20,0.3789291666666667,0.3125,48,25.041666666666668,37,111,GUARDIANauto
GUARDIANauto,2026-06-21,0.4382415094339623,0.39622641509433965,53,19.41509433962264,36,112,GUARDIANauto
GUARDIANauto,2026-06-22,0.41747115384615385,0.40384615384615385,52,27.98076923076923,38,113,GUARDIANauto
GUARDIANauto,2026-06-23,0.4597098360655738,0.4426229508196721,61,30.131147540983605,38,114,GUARDIANauto
GUARDIANauto,2026-06-24,0.4920133333333333,0.4222222222222222,45,27.4,32,115,GUARDIANauto
GUARDIANauto,2026-06-25,0.43116363636363636,0.36363636363636365,44,22.068181818181817,31,116,GUARDIANauto
GUARDIANauto,2026-06-26,0.4485137931034483,0.41379310344827586,58,25.896551724137932,45,117,GUARDIANauto
GUARDIANauto,2026-06-27,0.5966981132075472,0.5660377358490566,53,28.18867924528302,39,118,GUARDIANauto
GUARDIANauto,2026-06-28,0.41309629629629624,0.37037037037037035,54,27.296296296296298,35,119,GUARDIANauto
HTauto,2026-03-01,0.2598981132075472,0.18867924528301888,53,25.32075471698113,40,0,HTauto
HTauto,2026-03-02,0.2774804347826087,0.21739130434782608,46,31.804347826086957,40,1,HTauto
HTauto,2026-03-03,0.37731777777777775,0.3333333333333333,45,31.044444444444444,37,2,HTauto
HTauto,2026-03-04,0.23802962962962962,0.16666666666666666,54,29.09259259259259,41,3,HTauto
HTauto,2026-03-05,0.3150068181818182,0.22727272727272727,44,27.954545454545453,35,4,HTauto
HTauto,2026-03-06,0.22463265306122449,0.12244897959183673,49,27.020408163265305,36,5,HTauto
HTauto,2026-03-07,0.3196055555555556,0.2222222222222222,54,28.796296296296298,36,6,HTauto
HTauto,2026-03-08,0.3809,0.3148148148148148,54,26.90740740740741,39,7,HTauto
HTauto,2026-03-09,0.22711632653061226,0.14285714285714285,49,29.183673469387756,37,8,HTauto
HTauto,2026-03-10,0.2914679245283019,0.22641509433962265,53,24.32075471698113,41,9,HTauto
HTauto,2026-03-11,0.28540000000000004,0.21052631578947367,57,27.70175438596491,43,10,HTauto
HTauto,2026-03-12,0.3735588235294118,0.27450980392156865,51,25.333333333333332,40,11,HTauto
HTauto,2026-03-13,0.2190967741935484,0.14516129032258066,62,24.387096774193548,44,12,HTauto
HTauto,2026-03-14,0.22031481481481482,0.14814814814814814,54,29.425925925925927,39,13,HTauto
HTauto,2026-03-15,0.22230816326530614,0.14285714285714285,49,26.142857142857142,39,14,HTauto
HTauto,2026-03-16,0.28908823529411765,0.19607843137254902,51,25.58823529411765,38,15,HTauto
HTauto,2026-03-17,0.24807380952380953,0.16666666666666666,42,28.80952380952381,35,16,HTauto
HTauto,2026-03-18,0.15893000000000002,0.08,50,26.68,37,17,HTauto
HTauto,2026-03-19,0.23123555555555556,0.13333333333333333,45,28.0,35,18,HTauto
HTauto,2026-03-20,0.19677380952380952,0.11904761904761904,42,30.642857142857142,35,19,HTauto
HTauto,2026-03-21,0.28691724137931035,0.1896551724137931,58,27.982758620689655,44,20,HTauto
HTauto,2026-03-22,0.3471388888888889,0.2222222222222222,54,26.62962962962963,35,21,HTauto
HTauto,2026-03-23,0.3052282608695652,0.1956521739130435,46,28.347826086956523,36,22,HTauto
HTauto,2026-03-24,0.239342,0.12,50,20.18,40,23,HTauto
HTauto,2026-03-25,0.27060666666666666,0.2222222222222222,45,29.42222222222222,32,24,HTauto
HTauto,2026-03-26,0.24020384615384616,0.15384615384615385,52,25.634615384615383,42,25,HTauto
HTauto,2026-03-27,0.28407333333333334,0.18333333333333332,60,30.316666666666666,48,26,HTauto
HTauto,2026-03-28,0.277416,0.18,50,29.28,40,27,HTauto
HTauto,2026-03-29,0.3168022222222222,0.2222222222222222,45,22.755555555555556,36,28,HTauto
HTauto,2026-03-30,0.3192081632653061,0.2857142857142857,49,29.959183673469386,36,29,HTauto
HTauto,2026-03-31,0.3349235294117647,0.27450980392156865,51,27.686274509803923,38,30,HTauto
HTauto,2026-04-01,0.24764464285714285,0.19642857142857142,56,28.5,42,31,HTauto
HTauto,2026-04-02,0.19570196078431373,0.09803921568627451,51,22.58823529411765,43,32,HTauto
HTauto,2026-04-03,0.16846956521739131,0.10869565217391304,46,21.956521739130434,38,33,HTauto
HTauto,2026-04-04,0.19701052631578947,0.10526315789473684,57,28.70175438596491,48,34,HTauto
HTauto,2026-04-05,0.21017291666666668,0.125,48,28.666666666666668,39,35,HTauto
HTauto,2026-04-06,0.13955227272727272,0.09090909090909091,44,28.795454545454547,37,36,HTauto
HTauto,2026-04-07,0.3563051282051282,0.28205128205128205,39,25.333333333333332,30,37,HTauto
HTauto,2026-04-08,0.27195,0.23809523809523808,42,28.547619047619047,34,38,HTauto
HTauto,2026-04-09,0.31503888888888887,0.24074074074074073,54,23.166666666666668,36,39,HTauto
HTauto,2026-04-10,0.23035,0.12962962962962962,54,28.833333333333332,45,40,HTauto
HTauto,2026-04-11,0.21787555555555554,0.15555555555555556,45,27.644444444444446,34,41,HTauto
HTauto,2026-04-12,0.26934833333333336,0.18333333333333332,60,26.866666666666667,47,42,HTauto
HTauto,2026-04-13,0.2649925925925926,0.16666666666666666,54,26.27777777777778,42,43,HTauto
HTauto,2026-04-14,0.3023185185185185,0.24074074074074073,54,20.77777777777778,46,44,HTauto
HTauto,2026-04-15,0.30110847457627116,0.2542372881355932,59,28.06779661016949,43,45,HTauto
HTauto,2026-04-16,0.2577373134328358,0.16417910447761194,67,21.059701492537314,52,46,HTauto
HTauto,2026-04-17,0.25863148148148146,0.18518518518518517,54,26.01851851851852,45,47,HTauto
HTauto,2026-04-18,0.23505319148936168,0.14893617021276595,47,25.170212765957448,36,48,HTauto
HTauto,2026-04-19,0.2356804347826087,0.15217391304347827,46,27.043478260869566,34,49,HTauto
HTauto,2026-04-20,0.33078222222222226,0.26666666666666666,45,26.57777777777778,37,50,HTauto
HTauto,2026-04-21,0.32513043478260867,0.21739130434782608,46,29.76086956521739,38,51,HTauto
HTauto,2026-04-22,0.2883351851851852,0.18518518518518517,54,26.35185185185185,41,52,HTauto
HTauto,2026-04-23,0.35358214285714284,0.26785714285714285,56,28.178571428571427,37,53,HTauto
HTauto,2026-04-24,0.15485714285714286,0.061224489795918366,49,25.020408163265305,40,54,HTauto
HTauto,2026-04-25,0.37916181818181816,0.2909090909090909,55,24.490909090909092,40,55,HTauto
HTauto,2026-04-26,0.22713461538461538,0.15384615384615385,26,30.923076923076923,26,56,HTauto
HTauto,2026-04-27,0.22389,0.1,50,30.1,40,57,HTauto
HTauto,2026-04-28,0.324856,0.24,50,28.26,38,58,HTauto
HTauto,2026-04-29,0.3492071428571429,0.2619047619047619,42,31.928571428571427,33,59,HTauto
HTauto,2026-04-30,0.270215,0.2,40,31.175,31,60,HTauto
HTauto,2026-05-01,0.29807906976744186,0.20930232558139536,43,25.11627906976744,31,61,HTauto
HTauto,2026-05-02,0.2200942307692308,0.11538461538461539,52,28.21153846153846,39,62,HTauto
HTauto,2026-05-03,0.2828510204081633,0.22448979591836735,49,24.06122448979592,34,63,HTauto
HTauto,2026-05-04,0.25568,0.18,50,25.62,38,64,HTauto
HTauto,2026-05-05,0.30163555555555555,0.2222222222222222,45,26.91111111111111,36,65,HTauto
HTauto,2026-05-06,0.3375941176470589,0.29411764705882354,51,30.80392156862745,39,66,HTauto
HTauto,2026-05-07,0.21317083333333334,0.14583333333333334,48,30.5625,39,67,HTauto
HTauto,2026-05-08,0.2082142857142857,0.125,56,30.357142857142858,42,68,HTauto
HTauto,2026-05-09,0.3012365384615385,0.21153846153846154,52,25.807692307692307,43,69,HTauto
HTauto,2026-05-10,0.251755737704918,0.14754098360655737,61,25.75409836065574,47,70,HTauto
HTauto,2026-05-11,0.3388644444444444,0.28888888888888886,45,24.244444444444444,37,71,HTauto
HTauto,2026-05-12,0.2780480769230769,0.23076923076923078,52,28.0,36,72,HTauto
HTauto,2026-05-13,0.17561568627450982,0.0784313725490196,51,23.11764705882353,41,73,HTauto
HTauto,2026-05-14,0.3166719298245614,0.22807017543859648,57,26.50877192982456,44,74,HTauto
HTauto,2026-05-15,0.26361372549019607,0.19607843137254902,51,30.0,44,75,HTauto
HTauto,2026-05-16,0.26194375,0.125,48,28.8125,41,76,HTauto
HTauto,2026-05-17,0.19115121951219513,0.0975609756097561,41,29.170731707317074,32,77,HTauto
HTauto,2026-05-18,0.2614842105263158,0.19298245614035087,57,28.666666666666668,44,78,HTauto
HTauto,2026-05-19,0.276847619047619,0.23809523809523808,42,29.166666666666668,35,79,HTauto
HTauto,2026-05-20,0.2617479166666667,0.20833333333333334,48,32.0,37,80,HTauto
HTauto,2026-05-21,0.19838039215686273,0.058823529411764705,51,25.823529411764707,43,81,HTauto
HTauto,2026-05-22,0.1805478260869565,0.06521739130434782,46,30.282608695652176,35,82,HTauto
HTauto,2026-05-23,0.1874104166666667,0.08333333333333333,48,27.0625,37,83,HTauto
HTauto,2026-05-24,0.22172127659574467,0.14893617021276595,47,25.78723404255319,35,84,HTauto
HTauto,2026-05-25,0.3312758620689655,0.29310344827586204,58,27.93103448275862,45,85,HTauto
HTauto,2026-05-26,0.30893939393939396,0.18181818181818182,33,25.181818181818183,30,86,HTauto
HTauto,2026-05-27,0.23222156862745097,0.13725490196078433,51,26.19607843137255,41,87,HTauto
HTauto,2026-05-28,0.30765,0.21666666666666667,60,30.983333333333334,46,88,HTauto
HTauto,2026-05-29,0.20427592592592594,0.12962962962962962,54,28.166666666666668,41,89,HTauto
HTauto,2026-05-30,0.222424,0.12,50,22.14,41,90,HTauto
HTauto,2026-05-31,0.36215555555555556,0.2962962962962963,27,25.555555555555557,22,91,HTauto
HTauto,2026-06-01,0.2890307692307692,0.23076923076923078,65,27.523076923076925,44,92,HTauto
HTauto,2026-06-02,0.25881166666666666,0.15,60,25.6,43,93,HTauto
HTauto,2026-06-03,0.25628,0.2,40,25.225,32,94,HTauto
HTauto,2026-06-04,0.14474807692307692,0.07692307692307693,52,25.53846153846154,40,95,HTauto
HTauto,2026-06-05,0.1675261904761905,0.09523809523809523,42,28.11904761904762,29,96,HTauto
HTauto,2026-06-06,0.28995952380952383,0.21428571428571427,42,25.11904761904762,31,97,HTauto
HTauto,2026-06-07,0.23883684210526313,0.15789473684210525,38,27.289473684210527,29,98,HTauto
HTauto,2026-06-08,0.3374875,0.2916666666666667,48,30.520833333333332,40,99,HTauto
HTauto,2026-06-09,0.3654627450980392,0.3333333333333333,51,29.176470588235293,38,100,HTauto
HTauto,2026-06-10,0.2726875,0.21428571428571427,56,30.0,44,101,HTauto
HTauto,2026-06-11,0.2661735294117647,0.20588235294117646,68,23.558823529411764,48,102,HTauto
HTauto,2026-06-12,0.3085,0.20930232558139536,43,24.6046511627907,36,103,HTauto
HTauto,2026-06-13,0.20440465116279072,0.13953488372093023,43,25.976744186046513,36,104,HTauto
HTauto,2026-06-14,0.24825178571428572,0.19642857142857142,56,24.0,43,105,HTauto
HTauto,2026-06-15,0.22858478260869566,0.17391304347826086,46,27.17391304347826,37,106,HTauto
HTauto,2026-06-16,0.2655126984126984,0.19047619047619047,63,27.761904761904763,46,107,HTauto
HTauto,2026-06-17,0.21695454545454543,0.13636363636363635,44,27.613636363636363,34,108,HTauto
HTauto,2026-06-18,0.147925,0.08928571428571429,56,29.357142857142858,41,109,HTauto
HTauto,2026-06-19,0.25509464285714284,0.17857142857142858,56,24.017857142857142,46,110,HTauto
HTauto,2026-06-20,0.206775,0.13333333333333333,60,31.433333333333334,42,111,HTauto
HTauto,2026-06-21,0.2515790697674419,0.18604651162790697,43,25.441860465116278,35,112,HTauto
HTauto,2026-06-22,0.3708444444444444,0.3111111111111111,45,25.77777777777778,38,113,HTauto
HTauto,2026-06-23,0.38028750000000006,0.3541666666666667,48,28.145833333333332,39,114,HTauto
HTauto,2026-06-24,0.32326086956521743,0.2608695652173913,46,26.369565217391305,39,115,HTauto
HTauto,2026-06-25,0.15331698113207548,0.03773584905660377,53,24.92452830188679,43,116,HTauto
HTauto,2026-06-26,0.2501111111111111,0.1111111111111111,54,27.77777777777778,48,117,HTauto
HTauto,2026-06-27,0.22103818181818183,0.14545454545454545,55,28.69090909090909,47,118,HTauto
HTauto,2026-06-28,0.2563375,0.1875,48,24.458333333333332,37,119,HTauto
INDEPENDENTauto,2026-03-01,0.294209375,0.25,32,24.3125,23,0,INDEPENDENTauto
INDEPENDENTauto,2026-03-02,0.297328125,0.21875,32,33.75,25,1,INDEPENDENTauto
INDEPENDENTauto,2026-03-03,0.3124,0.22580645161290322,31,31.225806451612904,26,2,INDEPENDENTauto
INDEPENDENTauto,2026-03-04,0.2775666666666667,0.19047619047619047,21,16.285714285714285,20,3,INDEPENDENTauto
INDEPENDENTauto,2026-03-05,0.22593548387096773,0.12903225806451613,31,28.129032258064516,26,4,INDEPENDENTauto
INDEPENDENTauto,2026-03-06,0.110732,0.04,25,28.0,24,5,INDEPENDENTauto
INDEPENDENTauto,2026-03-07,0.259872,0.16,25,24.48,22,6,INDEPENDENTauto
INDEPENDENTauto,2026-03-08,0.14616666666666667,0.07407407407407407,27,27.40740740740741,22,7,INDEPENDENTauto
INDEPENDENTauto,2026-03-09,0.3066133333333333,0.16666666666666666,30,20.366666666666667,25,8,INDEPENDENTauto
INDEPENDENTauto,2026-03-10,0.2656461538461538,0.19230769230769232,26,26.346153846153847,21,9,INDEPENDENTauto
INDEPENDENTauto,2026-03-11,0.2676448275862069,0.1724137931034483,29,25.379310344827587,25,10,INDEPENDENTauto
INDEPENDENTauto,2026-03-12,0.23761428571428572,0.19047619047619047,21,28.38095238095238,18,11,INDEPENDENTauto
INDEPENDENTauto,2026-03-13,0.25351875,0.1875,32,29.4375,23,12,INDEPENDENTauto
INDEPENDENTauto,2026-03-14,0.37836785714285714,0.25,28,25.035714285714285,23,13,INDEPENDENTauto
INDEPENDENTauto,2026-03-15,0.27952272727272726,0.13636363636363635,22,29.772727272727273,20,14,INDEPENDENTauto
INDEPENDENTauto,2026-03-16,0.2637130434782609,0.21739130434782608,23,27.347826086956523,21,15,INDEPENDENTauto
INDEPENDENTauto,2026-03-17,0.29801785714285717,0.21428571428571427,28,27.107142857142858,21,16,INDEPENDENTauto
INDEPENDENTauto,2026-03-18,0.2640477272727273,0.18181818181818182,44,30.204545454545453,32,17,INDEPENDENTauto
INDEPENDENTauto,2026-03-19,0.18445925925925924,0.1111111111111111,27,29.74074074074074,23,18,INDEPENDENTauto
INDEPENDENTauto,2026-03-20,0.21642857142857141,0.047619047619047616,21,24.666666666666668,20,19,INDEPENDENTauto
INDEPENDENTauto,2026-03-21,0.187272,0.08,25,19.08,24,20,INDEPENDENTauto
INDEPENDENTauto,2026-03-22,0.23978000000000002,0.05,20,29.95,18,21,INDEPENDENTauto
INDEPENDENTauto,2026-03-23,0.20508,0.15,20,28.65,18,22,INDEPENDENTauto
INDEPENDENTauto,2026-03-24,0.15062368421052633,0.05263157894736842,38,27.55263157894737,29,23,INDEPENDENTauto
INDEPENDENTauto,2026-03-25,0.222192,0.16,25,36.44,20,24,INDEPENDENTauto
INDEPENDENTauto,2026-03-26,0.24923076923076926,0.23076923076923078,26,24.653846153846153,24,25,INDEPENDENTauto
INDEPENDENTauto,2026-03-27,0.3071833333333333,0.20833333333333334,24,24.125,22,26,INDEPENDENTauto
INDEPENDENTauto,2026-03-28,0.2988441176470588,0.14705882352941177,34,27.11764705882353,29,27,INDEPENDENTauto
INDEPENDENTauto,2026-03-29,0.24483333333333335,0.16666666666666666,24,27.25,23,28,INDEPENDENTauto
INDEPENDENTauto,2026-03-30,0.26206060606060605,0.15151515151515152,33,30.636363636363637,29,29,INDEPENDENTauto
INDEPENDENTauto,2026-03-31,0.26433,0.2,30,31.466666666666665,29,30,INDEPENDENTauto
INDEPENDENTauto,2026-04-01,0.17888846153846152,0.15384615384615385,26,28.0,24,31,INDEPENDENTauto
INDEPENDENTauto,2026-04-02,0.23863529411764706,0.14705882352941177,34,31.647058823529413,28,32,INDEPENDENTauto
INDEPENDENTauto,2026-04-03,0.163209375,0.09375,32,24.4375,26,33,INDEPENDENTauto
INDEPENDENTauto,2026-04-04,0.2420264705882353,0.11764705882352941,34,25.941176470588236,29,34,INDEPENDENTauto
INDEPENDENTauto,2026-04-05,0.14336206896551723,0.06896551724137931,29,24.03448275862069,27,35,INDEPENDENTauto
INDEPENDENTauto,2026-04-06,0.19006842105263158,0.15789473684210525,19,26.94736842105263,18,36,INDEPENDENTauto
INDEPENDENTauto,2026-04-07,0.241272,0.12,25,27.2,20,37,INDEPENDENTauto
INDEPENDENTauto,2026-04-08,0.13914074074074076,0.037037037037037035,27,25.51851851851852,23,38,INDEPENDENTauto
INDEPENDENTauto,2026-04-09,0.23240416666666666,0.16666666666666666,24,28.333333333333332,18,39,INDEPENDENTauto
INDEPENDENTauto,2026-04-10,0.20863939393939396,0.09090909090909091,33,20.757575757575758,27,40,INDEPENDENTauto
INDEPENDENTauto,2026-04-11,0.2611809523809524,0.19047619047619047,21,24.571428571428573,20,41,INDEPENDENTauto
INDEPENDENTauto,2026-04-12,0.17872142857142856,0.10714285714285714,28,27.892857142857142,26,42,INDEPENDENTauto
INDEPENDENTauto,2026-04-13,0.23383809523809523,0.19047619047619047,21,27.714285714285715,21,43,INDEPENDENTauto
INDEPENDENTauto,2026-04-14,0.10710714285714286,0.0,28,22.607142857142858,25,44,INDEPENDENTauto
INDEPENDENTauto,2026-04-15,0.20905294117647058,0.11764705882352941,17,30.470588235294116,17,45,INDEPENDENTauto
INDEPENDENTauto,2026-04-16,0.2584393939393939,0.18181818181818182,33,24.12121212121212,31,46,INDEPENDENTauto
INDEPENDENTauto,2026-04-17,0.22371666666666667,0.13333333333333333,30,31.8,25,47,INDEPENDENTauto
INDEPENDENTauto,2026-04-18,0.18982500000000002,0.08333333333333333,24,25.75,21,48,INDEPENDENTauto
INDEPENDENTauto,2026-04-19,0.2754037037037037,0.18518518518518517,27,25.48148148148148,22,49,INDEPENDENTauto
INDEPENDENTauto,2026-04-20,0.27133636363636365,0.1590909090909091,44,29.25,37,50,INDEPENDENTauto
INDEPENDENTauto,2026-04-21,0.28957777777777777,0.2222222222222222,27,28.37037037037037,26,51,INDEPENDENTauto
INDEPENDENTauto,2026-04-22,0.1464388888888889,0.0,18,30.166666666666668,17,52,INDEPENDENTauto
INDEPENDENTauto,2026-04-23,0.1673225806451613,0.06451612903225806,31,30.612903225806452,26,53,INDEPENDENTauto
INDEPENDENTauto,2026-04-24,0.150264,0.08,25,23.72,22,54,INDEPENDENTauto
INDEPENDENTauto,2026-04-25,0.11476521739130434,0.043478260869565216,23,30.608695652173914,20,55,INDEPENDENTauto
INDEPENDENTauto,2026-04-26,0.24204666666666666,0.16666666666666666,30,26.5,26,56,INDEPENDENTauto
INDEPENDENTauto,2026-04-27,0.25253783783783784,0.16216216216216217,37,24.594594594594593,35,57,INDEPENDENTauto
INDEPENDENTauto,2026-04-28,0.22775151515151518,0.09090909090909091,33,33.121212121212125,27,58,INDEPENDENTauto
INDEPENDENTauto,2026-04-29,0.12704444444444446,0.037037037037037035,27,35.148148148148145,23,59,INDEPENDENTauto
INDEPENDENTauto,2026-04-30,0.194636,0.12,25,24.4,20,60,INDEPENDENTauto
INDEPENDENTauto,2026-05-01,0.2141076923076923,0.15384615384615385,26,25.153846153846153,25,61,INDEPENDENTauto
INDEPENDENTauto,2026-05-02,0.2035103448275862,0.13793103448275862,29,29.724137931034484,24,62,INDEPENDENTauto
INDEPENDENTauto,2026-05-03,0.2253037037037037,0.07407407407407407,27,24.51851851851852,25,63,INDEPENDENTauto
INDEPENDENTauto,2026-05-04,0.20186249999999997,0.16666666666666666,24,26.833333333333332,24,64,INDEPENDENTauto
INDEPENDENTauto,2026-05-05,0.25973125,0.1875,32,30.46875,25,65,INDEPENDENTauto
INDEPENDENTauto,2026-05-06,0.19865714285714287,0.10714285714285714,28,25.25,26,66,INDEPENDENTauto
INDEPENDENTauto,2026-05-07,0.28503870967741934,0.16129032258064516,31,30.322580645161292,30,67,INDEPENDENTauto
INDEPENDENTauto,2026-05-08,0.20098333333333332,0.08333333333333333,24,32.833333333333336,23,68,INDEPENDENTauto
INDEPENDENTauto,2026-05-09,0.17964324324324324,0.10810810810810811,37,30.43243243243243,30,69,INDEPENDENTauto
INDEPENDENTauto,2026-05-10,0.2773962962962963,0.2222222222222222,27,26.555555555555557,27,70,INDEPENDENTauto
INDEPENDENTauto,2026-05-11,0.2527785714285714,0.17857142857142858,28,29.321428571428573,26,71,INDEPENDENTauto
INDEPENDENTauto,2026-05-12,0.2253133333333333,0.1,30,27.133333333333333,28,72,INDEPENDENTauto
INDEPENDENTauto,2026-05-13,0.1775,0.08333333333333333,24,26.791666666666668,22,73,INDEPENDENTauto
INDEPENDENTauto,2026-05-14,0.17205600000000001,0.08,25,30.24,22,74,INDEPENDENTauto
INDEPENDENTauto,2026-05-15,0.19801034482758623,0.10344827586206896,29,19.482758620689655,26,75,INDEPENDENTauto
INDEPENDENTauto,2026-05-16,0.249425,0.125,24,27.166666666666668,19,76,INDEPENDENTauto
INDEPENDENTauto,2026-05-17,0.0839578947368421,0.05263157894736842,19,29.105263157894736,19,77,INDEPENDENTauto
INDEPENDENTauto,2026-05-18,0.11653947368421051,0.02631578947368421,38,31.5,34,78,INDEPENDENTauto
INDEPENDENTauto,2026-05-19,0.22768800000000003,0.12,25,30.28,23,79,INDEPENDENTauto
INDEPENDENTauto,2026-05-20,0.22435,0.19230769230769232,26,26.96153846153846,23,80,INDEPENDENTauto
INDEPENDENTauto,2026-05-21,0.16648181818181818,0.06060606060606061,33,26.90909090909091,31,81,INDEPENDENTauto
INDEPENDENTauto,2026-05-22,0.29669285714285715,0.21428571428571427,28,27.678571428571427,26,82,INDEPENDENTauto
INDEPENDENTauto,2026-05-23,0.2364483870967742,0.1935483870967742,31,30.548387096774192,29,83,INDEPENDENTauto
INDEPENDENTauto,2026-05-24,0.2763777777777778,0.18518518518518517,27,29.59259259259259,25,84,INDEPENDENTauto
INDEPENDENTauto,2026-05-25,0.3047615384615385,0.2692307692307692,26,26.76923076923077,22,85,INDEPENDENTauto
INDEPENDENTauto,2026-05-26,0.19305,0.13333333333333333,30,25.7,28,86,INDEPENDENTauto
INDEPENDENTauto,2026-05-27,0.2720193548387097,0.12903225806451613,31,22.0,28,87,INDEPENDENTauto
INDEPENDENTauto,2026-05-28,0.20833888888888888,0.1111111111111111,36,28.5,31,88,INDEPENDENTauto
INDEPENDENTauto,2026-05-29,0.25082333333333334,0.13333333333333333,30,30.4,29,89,INDEPENDENTauto
INDEPENDENTauto,2026-05-30,0.26006153846153846,0.15384615384615385,26,28.5,24,90,INDEPENDENTauto
INDEPENDENTauto,2026-05-31,0.31541,0.23333333333333334,30,24.733333333333334,28,91,INDEPENDENTauto
INDEPENDENTauto,2026-06-01,0.3491766666666667,0.23333333333333334,30,28.766666666666666,27,92,INDEPENDENTauto
INDEPENDENTauto,2026-06-02,0.16942083333333335,0.125,24,25.791666666666668,24,93,INDEPENDENTauto
INDEPENDENTauto,2026-06-03,0.24374193548387096,0.16129032258064516,31,28.387096774193548,29,94,INDEPENDENTauto
INDEPENDENTauto,2026-06-04,0.41827692307692305,0.3076923076923077,26,25.346153846153847,23,95,INDEPENDENTauto
INDEPENDENTauto,2026-06-05,0.27527,0.26666666666666666,30,26.333333333333332,26,96,INDEPENDENTauto
INDEPENDENTauto,2026-06-06,0.3439038461538461,0.3076923076923077,26,29.423076923076923,23,97,INDEPENDENTauto
INDEPENDENTauto,2026-06-07,0.27494545454545455,0.22727272727272727,22,30.181818181818183,21,98,INDEPENDENTauto
INDEPENDENTauto,2026-06-08,0.3515638888888889,0.2777777777777778,36,28.72222222222222,31,99,INDEPENDENTauto
INDEPENDENTauto,2026-06-09,0.348392,0.24,25,25.52,22,100,INDEPENDENTauto
INDEPENDENTauto,2026-06-10,0.30858285714285716,0.2571428571428571,35,26.571428571428573,33,101,INDEPENDENTauto
INDEPENDENTauto,2026-06-11,0.41680370370370373,0.37037037037037035,27,24.88888888888889,26,102,INDEPENDENTauto
INDEPENDENTauto,2026-06-12,0.3335184210526316,0.2631578947368421,38,26.473684210526315,35,103,INDEPENDENTauto
INDEPENDENTauto,2026-06-13,0.21319333333333335,0.16666666666666666,30,23.633333333333333,29,104,INDEPENDENTauto
INDEPENDENTauto,2026-06-14,0.36111739130434783,0.30434782608695654,23,23.17391304347826,23,105,INDEPENDENTauto
INDEPENDENTauto,2026-06-15,0.3953678571428571,0.32142857142857145,28,23.321428571428573,26,106,INDEPENDENTauto
INDEPENDENTauto,2026-06-16,0.3033636363636364,0.22727272727272727,22,24.818181818181817,21,107,INDEPENDENTauto
INDEPENDENTauto,2026-06-17,0.4186333333333333,0.42857142857142855,21,29.952380952380953,20,108,INDEPENDENTauto
INDEPENDENTauto,2026-06-18,0.21943703703703704,0.1111111111111111,27,26.77777777777778,25,109,INDEPENDENTauto
INDEPENDENTauto,2026-06-19,0.4115625,0.375,24,28.708333333333332,23,110,INDEPENDENTauto
INDEPENDENTauto,2026-06-20,0.2644033333333333,0.23333333333333334,30,28.966666666666665,29,111,INDEPENDENTauto
INDEPENDENTauto,2026-06-21,0.4698096774193548,0.45161290322580644,31,24.258064516129032,29,112,INDEPENDENTauto
INDEPENDENTauto,2026-06-22,0.5670653846153846,0.5769230769230769,26,26.923076923076923,26,113,INDEPENDENTauto
INDEPENDENTauto,2026-06-23,0.49439444444444447,0.5,18,30.166666666666668,17,114,INDEPENDENTauto
INDEPENDENTauto,2026-06-24,0.508612,0.52,25,30.64,25,115,INDEPENDENTauto
INDEPENDENTauto,2026-06-25,0.49140999999999996,0.425,40,26.275,37,116,INDEPENDENTauto
INDEPENDENTauto,2026-06-26,0.48507307692307694,0.46153846153846156,26,25.53846153846154,23,117,INDEPENDENTauto
INDEPENDENTauto,2026-06-27,0.30174285714285715,0.25,28,23.535714285714285,28,118,INDEPENDENTauto
INDEPENDENTauto,2026-06-28,0.4106296296296296,0.3333333333333333,27,29.185185185185187,26,119,INDEPENDENTauto
IOLauto,2026-03-01,0.531738888888889,0.5,18,21.38888888888889,18,0,IOLauto
IOLauto,2026-03-02,0.5430416666666666,0.4166666666666667,12,26.666666666666668,11,1,IOLauto
IOLauto,2026-03-03,0.5925954545454546,0.5909090909090909,22,23.136363636363637,18,2,IOLauto
IOLauto,2026-03-04,0.5783833333333334,0.625,24,32.375,20,3,IOLauto
IOLauto,2026-03-05,0.5392066666666667,0.6,15,32.53333333333333,13,4,IOLauto
IOLauto,2026-03-06,0.38455555555555554,0.3888888888888889,18,22.944444444444443,17,5,IOLauto
IOLauto,2026-03-07,0.36605263157894735,0.3684210526315789,19,28.68421052631579,15,6,IOLauto
IOLauto,2026-03-08,0.5107923076923077,0.5,26,27.76923076923077,18,7,IOLauto
IOLauto,2026-03-09,0.4786105263157895,0.42105263157894735,19,23.05263157894737,18,8,IOLauto
IOLauto,2026-03-10,0.5483826086956521,0.5217391304347826,23,26.17391304347826,22,9,IOLauto
IOLauto,2026-03-11,0.5415285714285714,0.47619047619047616,21,22.857142857142858,16,10,IOLauto
IOLauto,2026-03-12,0.45629230769230766,0.3076923076923077,13,26.076923076923077,13,11,IOLauto
IOLauto,2026-03-13,0.585755,0.6,20,22.95,17,12,IOLauto
IOLauto,2026-03-14,0.5130473684210526,0.5263157894736842,19,28.842105263157894,18,13,IOLauto
IOLauto,2026-03-15,0.4305368421052631,0.42105263157894735,19,30.94736842105263,16,14,IOLauto
IOLauto,2026-03-16,0.4977,0.46153846153846156,13,28.153846153846153,13,15,IOLauto
IOLauto,2026-03-17,0.589688,0.6,25,26.8,18,16,IOLauto
IOLauto,2026-03-18,0.6099470588235294,0.5882352941176471,17,28.647058823529413,14,17,IOLauto
IOLauto,2026-03-19,0.4508913043478261,0.43478260869565216,23,23.217391304347824,19,18,IOLauto
IOLauto,2026-03-20,0.48308666666666666,0.4666666666666667,15,26.866666666666667,13,19,IOLauto
IOLauto,2026-03-21,0.4788869565217391,0.4782608695652174,23,22.47826086956522,19,20,IOLauto
IOLauto,2026-03-22,0.6052869565217391,0.6086956521739131,23,33.130434782608695,18,21,IOLauto
IOLauto,2026-03-23,0.4293588235294118,0.35294117647058826,17,30.0,13,22,IOLauto
IOLauto,2026-03-24,0.621090909090909,0.5909090909090909,22,24.318181818181817,18,23,IOLauto
IOLauto,2026-03-25,0.49360714285714286,0.5,28,21.964285714285715,23,24,IOLauto
IOLauto,2026-03-26,0.6926933333333333,0.7333333333333333,15,23.4,14,25,IOLauto
IOLauto,2026-03-27,0.4960428571428571,0.47619047619047616,21,26.666666666666668,18,26,IOLauto
IOLauto,2026-03-28,0.43499499999999997,0.4,20,29.75,17,27,IOLauto
IOLauto,2026-03-29,0.4826636363636364,0.45454545454545453,22,26.318181818181817,19,28,IOLauto
IOLauto,2026-03-30,0.5424666666666667,0.5,24,20.708333333333332,17,29,IOLauto
IOLauto,2026-03-31,0.32325333333333334,0.3333333333333333,15,31.866666666666667,14,30,IOLauto
IOLauto,2026-04-01,0.47355882352941175,0.4117647058823529,17,20.058823529411764,17,31,IOLauto
IOLauto,2026-04-02,0.41386500000000004,0.4,20,23.1,14,32,IOLauto
IOLauto,2026-04-03,0.6268529411764705,0.5882352941176471,17,25.058823529411764,16,33,IOLauto
IOLauto,2026-04-04,0.49103461538461535,0.46153846153846156,26,20.26923076923077,21,34,IOLauto
IOLauto,2026-04-05,0.5308416666666667,0.5416666666666666,24,25.5,18,35,IOLauto
IOLauto,2026-04-06,0.6633444444444444,0.6666666666666666,27,25.0,20,36,IOLauto
IOLauto,2026-04-07,0.57418,0.55,20,22.0,16,37,IOLauto
IOLauto,2026-04-08,0.5426954545454545,0.5,22,19.363636363636363,19,38,IOLauto
IOLauto,2026-04-09,0.355075,0.25,20,20.65,18,39,IOLauto
IOLauto,2026-04-10,0.6000045454545454,0.5909090909090909,22,25.772727272727273,16,40,IOLauto
IOLauto,2026-04-11,0.504736,0.52,25,29.4,22,41,IOLauto
IOLauto,2026-04-12,0.5545166666666667,0.5555555555555556,18,29.38888888888889,16,42,IOLauto
IOLauto,2026-04-13,0.5495315789473685,0.5789473684210527,19,27.894736842105264,17,43,IOLauto
IOLauto,2026-04-14,0.5684130434782608,0.5217391304347826,23,19.0,17,44,IOLauto
IOLauto,2026-04-15,0.6532157894736842,0.631578947368421,19,27.36842105263158,16,45,IOLauto
IOLauto,2026-04-16,0.494921052631579,0.5263157894736842,19,29.210526315789473,18,46,IOLauto
IOLauto,2026-04-17,0.5426,0.5294117647058824,17,29.647058823529413,14,47,IOLauto
IOLauto,2026-04-18,0.5621111111111111,0.5,18,31.77777777777778,16,48,IOLauto
IOLauto,2026-04-19,0.50078125,0.4375,32,23.34375,23,49,IOLauto
IOLauto,2026-04-20,0.7368083333333333,0.75,12,23.666666666666668,11,50,IOLauto
IOLauto,2026-04-21,0.54115,0.5,26,24.884615384615383,21,51,IOLauto
IOLauto,2026-04-22,0.55118125,0.5625,16,33.125,16,52,IOLauto
IOLauto,2026-04-23,0.36871304347826084,0.391304347826087,23,23.17391304347826,19,53,IOLauto
IOLauto,2026-04-24,0.4607409090909091,0.4090909090909091,22,27.545454545454547,17,54,IOLauto
IOLauto,2026-04-25,0.5577190476190476,0.5714285714285714,21,32.142857142857146,17,55,IOLauto
IOLauto,2026-04-26,0.33909333333333336,0.3333333333333333,15,23.933333333333334,13,56,IOLauto
IOLauto,2026-04-27,0.57065,0.5714285714285714,14,28.5,12,57,IOLauto
IOLauto,2026-04-28,0.33701111111111115,0.3333333333333333,18,22.166666666666668,16,58,IOLauto
IOLauto,2026-04-29,0.4057411764705882,0.35294117647058826,17,32.35294117647059,16,59,IOLauto
IOLauto,2026-04-30,0.4773863636363636,0.45454545454545453,22,26.90909090909091,20,60,IOLauto
IOLauto,2026-05-01,0.51149375,0.4375,16,28.375,15,61,IOLauto
IOLauto,2026-05-02,0.49195,0.5,20,30.75,16,62,IOLauto
IOLauto,2026-05-03,0.53466875,0.5,16,28.5625,13,63,IOLauto
IOLauto,2026-05-04,0.5396923076923077,0.5384615384615384,13,24.153846153846153,13,64,IOLauto
IOLauto,2026-05-05,0.38465666666666665,0.3333333333333333,30,31.7,23,65,IOLauto
IOLauto,2026-05-06,0.6256833333333334,0.6111111111111112,18,25.444444444444443,15,66,IOLauto
IOLauto,2026-05-07,0.5414666666666668,0.5238095238095238,21,27.761904761904763,17,67,IOLauto
IOLauto,2026-05-08,0.4497333333333333,0.42857142857142855,21,26.0,18,68,IOLauto
IOLauto,2026-05-09,0.3312173913043478,0.2608695652173913,23,28.17391304347826,20,69,IOLauto
IOLauto,2026-05-10,0.5156227272727273,0.5,22,26.272727272727273,18,70,IOLauto
IOLauto,2026-05-11,0.546175,0.5416666666666666,24,26.125,20,71,IOLauto
IOLauto,2026-05-12,0.5050049999999999,0.45,20,21.6,18,72,IOLauto
IOLauto,2026-05-13,0.6542470588235294,0.7058823529411765,17,27.176470588235293,15,73,IOLauto
IOLauto,2026-05-14,0.4353869565217391,0.391304347826087,23,25.17391304347826,20,74,IOLauto
IOLauto,2026-05-15,0.62191,0.65,20,26.2,16,75,IOLauto
IOLauto,2026-05-16,0.33535714285714285,0.2857142857142857,14,24.142857142857142,14,76,IOLauto
IOLauto,2026-05-17,0.5344095238095238,0.47619047619047616,21,24.142857142857142,17,77,IOLauto
IOLauto,2026-05-18,0.4007833333333333,0.3333333333333333,18,29.22222222222222,15,78,IOLauto
IOLauto,2026-05-19,0.6052483870967742,0.6129032258064516,31,33.58064516129032,26,79,IOLauto
IOLauto,2026-05-20,0.34756,0.28,25,29.2,21,80,IOLauto
IOLauto,2026-05-21,0.44530000000000003,0.4,20,32.5,17,81,IOLauto
IOLauto,2026-05-22,0.37075714285714284,0.35714285714285715,14,31.357142857142858,12,82,IOLauto
IOLauto,2026-05-23,0.4681611111111111,0.4444444444444444,18,29.5,14,83,IOLauto
IOLauto,2026-05-24,0.5364555555555556,0.5,18,22.166666666666668,16,84,IOLauto
IOLauto,2026-05-25,0.4469625,0.4583333333333333,24,28.875,21,85,IOLauto
IOLauto,2026-05-26,0.4040473684210526,0.3157894736842105,19,26.473684210526315,15,86,IOLauto
IOLauto,2026-05-27,0.644408695652174,0.6521739130434783,23,30.08695652173913,20,87,IOLauto
IOLauto,2026-05-28,0.6682608695652175,0.6521739130434783,23,28.91304347826087,16,88,IOLauto
IOLauto,2026-05-29,0.44472142857142855,0.35714285714285715,14,21.214285714285715,13,89,IOLauto
IOLauto,2026-05-30,0.43074375,0.375,16,34.5,12,90,IOLauto
IOLauto,2026-05-31,0.5654571428571429,0.5714285714285714,14,23.214285714285715,11,91,IOLauto
IOLauto,2026-06-01,0.79035,0.8333333333333334,18,28.11111111111111,15,92,IOLauto
IOLauto,2026-06-02,0.5949263157894736,0.5789473684210527,19,28.0,19,93,IOLauto
IOLauto,2026-06-03,0.34199999999999997,0.2222222222222222,9,25.22222222222222,9,94,IOLauto
IOLauto,2026-06-04,0.4965607142857143,0.4642857142857143,28,22.178571428571427,23,95,IOLauto
IOLauto,2026-06-05,0.4764235294117647,0.47058823529411764,17,24.294117647058822,14,96,IOLauto
IOLauto,2026-06-06,0.45586363636363636,0.45454545454545453,22,26.227272727272727,19,97,IOLauto
IOLauto,2026-06-07,0.4253470588235294,0.35294117647058826,17,29.647058823529413,13,98,IOLauto
IOLauto,2026-06-08,0.5129894736842106,0.47368421052631576,19,30.210526315789473,16,99,IOLauto
IOLauto,2026-06-09,0.530888,0.52,25,24.72,24,100,IOLauto
IOLauto,2026-06-10,0.503208695652174,0.5217391304347826,23,29.217391304347824,19,101,IOLauto
IOLauto,2026-06-11,0.5008,0.5,24,27.166666666666668,22,102,IOLauto
IOLauto,2026-06-12,0.39090714285714284,0.35714285714285715,14,23.714285714285715,11,103,IOLauto
IOLauto,2026-06-13,0.65205,0.625,16,20.875,16,104,IOLauto
IOLauto,2026-06-14,0.3048863636363636,0.18181818181818182,22,28.954545454545453,18,105,IOLauto
IOLauto,2026-06-15,0.41096666666666665,0.3333333333333333,21,28.666666666666668,18,106,IOLauto
IOLauto,2026-06-16,0.5664529411764706,0.5294117647058824,17,22.941176470588236,15,107,IOLauto
IOLauto,2026-06-17,0.48946666666666666,0.4444444444444444,18,20.666666666666668,14,108,IOLauto
IOLauto,2026-06-18,0.584695,0.55,20,30.5,17,109,IOLauto
IOLauto,2026-06-19,0.32389999999999997,0.35294117647058826,17,26.235294117647058,15,110,IOLauto
IOLauto,2026-06-20,0.36846842105263156,0.3157894736842105,19,22.63157894736842,18,111,IOLauto
IOLauto,2026-06-21,0.45198499999999997,0.4,20,20.75,18,112,IOLauto
IOLauto,2026-06-22,0.2708,0.23529411764705882,17,22.705882352941178,13,113,IOLauto
IOLauto,2026-06-23,0.5043578947368421,0.47368421052631576,19,27.94736842105263,17,114,IOLauto
IOLauto,2026-06-24,0.4074357142857143,0.2857142857142857,14,25.571428571428573,11,115,IOLauto
IOLauto,2026-06-25,0.3086148148148148,0.25925925925925924,27,19.85185185185185,24,116,IOLauto
IOLauto,2026-06-26,0.4778866666666667,0.4666666666666667,15,34.666666666666664,15,117,IOLauto
IOLauto,2026-06-27,0.4349318181818182,0.4090909090909091,22,17.954545454545453,17,118,IOLauto
IOLauto,2026-06-28,0.42014285714285715,0.38095238095238093,21,35.23809523809524,18,119,IOLauto
IRISHTIMESauto,2026-03-01,0.2544222222222222,0.16666666666666666,36,22.52777777777778,27,0,IRISHTIMESauto
IRISHTIMESauto,2026-03-02,0.3311102564102564,0.23076923076923078,39,19.923076923076923,32,1,IRISHTIMESauto
IRISHTIMESauto,2026-03-03,0.30404285714285717,0.22857142857142856,35,26.685714285714287,23,2,IRISHTIMESauto
IRISHTIMESauto,2026-03-04,0.24842857142857142,0.11904761904761904,42,26.714285714285715,30,3,IRISHTIMESauto
IRISHTIMESauto,2026-03-05,0.22718181818181818,0.1590909090909091,44,30.704545454545453,24,4,IRISHTIMESauto
IRISHTIMESauto,2026-03-06,0.3287894736842105,0.2894736842105263,38,29.842105263157894,29,5,IRISHTIMESauto
IRISHTIMESauto,2026-03-07,0.24725952380952382,0.11904761904761904,42,28.857142857142858,31,6,IRISHTIMESauto
IRISHTIMESauto,2026-03-08,0.19663589743589743,0.10256410256410256,39,26.58974358974359,27,7,IRISHTIMESauto
IRISHTIMESauto,2026-03-09,0.2555925,0.15,40,27.4,31,8,IRISHTIMESauto
IRISHTIMESauto,2026-03-10,0.3312782608695652,0.2391304347826087,46,26.47826086956522,31,9,IRISHTIMESauto
IRISHTIMESauto,2026-03-11,0.22375142857142857,0.11428571428571428,35,25.742857142857144,28,10,IRISHTIMESauto
IRISHTIMESauto,2026-03-12,0.21102702702702703,0.13513513513513514,37,25.56756756756757,25,11,IRISHTIMESauto
IRISHTIMESauto,2026-03-13,0.22372121212121213,0.09090909090909091,33,26.848484848484848,24,12,IRISHTIMESauto
IRISHTIMESauto,2026-03-14,0.3697113636363636,0.22727272727272727,44,27.90909090909091,32,13,IRISHTIMESauto
IRISHTIMESauto,2026-03-15,0.22084615384615383,0.1282051282051282,39,29.28205128205128,26,14,IRISHTIMESauto
IRISHTIMESauto,2026-03-16,0.32325384615384617,0.2692307692307692,26,28.807692307692307,19,15,IRISHTIMESauto
IRISHTIMESauto,2026-03-17,0.21451071428571428,0.17857142857142858,28,24.714285714285715,18,16,IRISHTIMESauto
IRISHTIMESauto,2026-03-18,0.3358428571428571,0.2619047619047619,42,26.047619047619047,29,17,IRISHTIMESauto
IRISHTIMESauto,2026-03-19,0.26523103448275864,0.13793103448275862,29,29.448275862068964,21,18,IRISHTIMESauto
IRISHTIMESauto,2026-03-20,0.34396470588235295,0.23529411764705882,34,29.705882352941178,25,19,IRISHTIMESauto
IRISHTIMESauto,2026-03-21,0.280155,0.2,40,28.175,25,20,IRISHTIMESauto
IRISHTIMESauto,2026-03-22,0.2874025,0.225,40,29.475,29,21,IRISHTIMESauto
IRISHTIMESauto,2026-03-23,0.3425071428571429,0.2619047619047619,42,22.428571428571427,27,22,IRISHTIMESauto
IRISHTIMESauto,2026-03-24,0.3558235294117647,0.2647058823529412,34,20.352941176470587,22,23,IRISHTIMESauto
IRISHTIMESauto,2026-03-25,0.330371875,0.21875,32,23.5,25,24,IRISHTIMESauto
IRISHTIMESauto,2026-03-26,0.2093655172413793,0.1724137931034483,29,30.862068965517242,25,25,IRISHTIMESauto
IRISHTIMESauto,2026-03-27,0.28859,0.16666666666666666,30,27.2,24,26,IRISHTIMESauto
IRISHTIMESauto,2026-03-28,0.16252,0.075,40,29.15,28,27,IRISHTIMESauto
IRISHTIMESauto,2026-03-29,0.3382366666666667,0.26666666666666666,30,23.666666666666668,24,28,IRISHTIMESauto
IRISHTIMESauto,2026-03-30,0.4169181818181818,0.3181818181818182,22,27.772727272727273,16,29,IRISHTIMESauto
IRISHTIMESauto,2026-03-31,0.41718055555555555,0.3611111111111111,36,28.833333333333332,25,30,IRISHTIMESauto
IRISHTIMESauto,2026-04-01,0.22459166666666666,0.16666666666666666,36,24.833333333333332,24,31,IRISHTIMESauto
IRISHTIMESauto,2026-04-02,0.20053636363636365,0.12121212121212122,33,24.90909090909091,26,32,IRISHTIMESauto
IRISHTIMESauto,2026-04-03,0.19059743589743589,0.10256410256410256,39,23.76923076923077,26,33,IRISHTIMESauto
IRISHTIMESauto,2026-04-04,0.27188249999999997,0.2,40,23.0,29,34,IRISHTIMESauto
IRISHTIMESauto,2026-04-05,0.21046562500000002,0.1875,32,30.21875,24,35,IRISHTIMESauto
IRISHTIMESauto,2026-04-06,0.19760882352941178,0.11764705882352941,34,28.38235294117647,26,36,IRISHTIMESauto
IRISHTIMESauto,2026-04-07,0.4676375,0.40625,32,24.9375,24,37,IRISHTIMESauto
IRISHTIMESauto,2026-04-08,0.38519666666666663,0.36666666666666664,30,25.466666666666665,25,38,IRISHTIMESauto
IRISHTIMESauto,2026-04-09,0.29189411764705886,0.20588235294117646,34,24.11764705882353,27,39,IRISHTIMESauto
IRISHTIMESauto,2026-04-10,0.21541666666666667,0.1111111111111111,36,26.666666666666668,24,40,IRISHTIMESauto
IRISHTIMESauto,2026-04-11,0.19858787878787879,0.15151515151515152,33,27.393939393939394,24,41,IRISHTIMESauto
IRISHTIMESauto,2026-04-12,0.26883214285714285,0.17857142857142858,28,28.214285714285715,18,42,IRISHTIMESauto
IRISHTIMESauto,2026-04-13,0.2526542857142857,0.17142857142857143,35,19.62857142857143,19,43,IRISHTIMESauto
IRISHTIMESauto,2026-04-14,0.3046041666666667,0.22916666666666666,48,21.583333333333332,33,44,IRISHTIMESauto
IRISHTIMESauto,2026-04-15,0.2236344827586207,0.10344827586206896,29,27.137931034482758,24,45,IRISHTIMESauto
IRISHTIMESauto,2026-04-16,0.24569666666666665,0.16666666666666666,30,29.2,24,46,IRISHTIMESauto
IRISHTIMESauto,2026-04-17,0.19662285714285715,0.11428571428571428,35,28.97142857142857,29,47,IRISHTIMESauto
IRISHTIMESauto,2026-04-18,0.19897777777777778,0.1388888888888889,36,26.63888888888889,25,48,IRISHTIMESauto
IRISHTIMESauto,2026-04-19,0.3076888888888889,0.18518518518518517,27,25.14814814814815,21,49,IRISHTIMESauto
IRISHTIMESauto,2026-04-20,0.28563076923076924,0.23076923076923078,26,27.923076923076923,20,50,IRISHTIMESauto
IRISHTIMESauto,2026-04-21,0.3965714285714286,0.3142857142857143,35,28.885714285714286,26,51,IRISHTIMESauto
IRISHTIMESauto,2026-04-22,0.22082903225806452,0.12903225806451613,31,25.161290322580644,20,52,IRISHTIMESauto
IRISHTIMESauto,2026-04-23,0.25681,0.2,30,25.333333333333332,23,53,IRISHTIMESauto
IRISHTIMESauto,2026-04-24,0.22725945945945947,0.16216216216216217,37,27.0,27,54,IRISHTIMESauto
IRISHTIMESauto,2026-04-25,0.30157222222222224,0.2222222222222222,36,24.666666666666668,24,55,IRISHTIMESauto
IRISHTIMESauto,2026-04-26,0.2370875,0.16666666666666666,48,26.958333333333332,31,56,IRISHTIMESauto
IRISHTIMESauto,2026-04-27,0.19574864864864866,0.13513513513513514,37,32.86486486486486,26,57,IRISHTIMESauto
IRISHTIMESauto,2026-04-28,0.19507297297297296,0.10810810810810811,37,25.18918918918919,27,58,IRISHTIMESauto
IRISHTIMESauto,2026-04-29,0.2251216216216216,0.16216216216216217,37,30.864864864864863,25,59,IRISHTIMESauto
IRISHTIMESauto,2026-04-30,0.2698361111111111,0.19444444444444445,36,24.916666666666668,26,60,IRISHTIMESauto
IRISHTIMESauto,2026-05-01,0.23945,0.15789473684210525,38,26.05263157894737,22,61,IRISHTIMESauto
IRISHTIMESauto,2026-05-02,0.19921666666666665,0.1,30,27.4,21,62,IRISHTIMESauto
IRISHTIMESauto,2026-05-03,0.2712454545454545,0.18181818181818182,44,30.227272727272727,28,63,IRISHTIMESauto
IRISHTIMESauto,2026-05-04,0.29226285714285716,0.22857142857142856,35,28.857142857142858,23,64,IRISHTIMESauto
IRISHTIMESauto,2026-05-05,0.40890540540540543,0.35135135135135137,37,30.54054054054054,27,65,IRISHTIMESauto
IRISHTIMESauto,2026-05-06,0.36283076923076923,0.28205128205128205,39,26.897435897435898,27,66,IRISHTIMESauto
IRISHTIMESauto,2026-05-07,0.39236666666666664,0.3333333333333333,36,29.694444444444443,23,67,IRISHTIMESauto
IRISHTIMESauto,2026-05-08,0.29086285714285715,0.17142857142857143,35,26.942857142857143,27,68,IRISHTIMESauto
IRISHTIMESauto,2026-05-09,0.21714999999999998,0.125,32,22.125,22,69,IRISHTIMESauto
IRISHTIMESauto,2026-05-10,0.2154818181818182,0.12121212121212122,33,29.0,21,70,IRISHTIMESauto
IRISHTIMESauto,2026-05-11,0.31517560975609754,0.2682926829268293,41,28.634146341463413,30,71,IRISHTIMESauto
IRISHTIMESauto,2026-05-12,0.30536176470588233,0.2647058823529412,34,25.264705882352942,22,72,IRISHTIMESauto
IRISHTIMESauto,2026-05-13,0.25767575757575756,0.18181818181818182,33,27.151515151515152,25,73,IRISHTIMESauto
IRISHTIMESauto,2026-05-14,0.22505142857142857,0.17142857142857143,35,26.8,23,74,IRISHTIMESauto
IRISHTIMESauto,2026-05-15,0.2297,0.09090909090909091,33,23.757575757575758,24,75,IRISHTIMESauto
IRISHTIMESauto,2026-05-16,0.26977666666666666,0.2,30,25.833333333333332,23,76,IRISHTIMESauto
IRISHTIMESauto,2026-05-17,0.20271904761904763,0.09523809523809523,21,28.857142857142858,19,77,IRISHTIMESauto
IRISHTIMESauto,2026-05-18,0.2919074074074074,0.18518518518518517,27,34.2962962962963,21,78,IRISHTIMESauto
IRISHTIMESauto,2026-05-19,0.31820000000000004,0.2682926829268293,41,26.341463414634145,24,79,IRISHTIMESauto
IRISHTIMESauto,2026-05-20,0.43464583333333334,0.4166666666666667,24,31.875,20,80,IRISHTIMESauto
IRISHTIMESauto,2026-05-21,0.20037222222222223,0.16666666666666666,36,30.944444444444443,24,81,IRISHTIMESauto
IRISHTIMESauto,2026-05-22,0.21535405405405406,0.13513513513513514,37,26.324324324324323,28,82,IRISHTIMESauto
IRISHTIMESauto,2026-05-23,0.18976857142857143,0.08571428571428572,35,29.857142857142858,27,83,IRISHTIMESauto
IRISHTIMESauto,2026-05-24,0.1591157894736842,0.13157894736842105,38,28.263157894736842,25,84,IRISHTIMESauto
IRISHTIMESauto,2026-05-25,0.24953055555555556,0.1388888888888889,36,26.77777777777778,24,85,IRISHTIMESauto
IRISHTIMESauto,2026-05-26,0.2407052631578947,0.18421052631578946,38,29.42105263157895,26,86,IRISHTIMESauto
IRISHTIMESauto,2026-05-27,0.1776,0.06451612903225806,31,21.161290322580644,24,87,IRISHTIMESauto
IRISHTIMESauto,2026-05-28,0.13470526315789474,0.05263157894736842,38,31.105263157894736,28,88,IRISHTIMESauto
IRISHTIMESauto,2026-05-29,0.2720107142857143,0.14285714285714285,28,23.25,20,89,IRISHTIMESauto
IRISHTIMESauto,2026-05-30,0.2519054054054054,0.16216216216216217,37,18.216216216216218,28,90,IRISHTIMESauto
IRISHTIMESauto,2026-05-31,0.13076756756756758,0.05405405405405406,37,26.324324324324323,26,91,IRISHTIMESauto
IRISHTIMESauto,2026-06-01,0.23664117647058824,0.17647058823529413,34,25.470588235294116,27,92,IRISHTIMESauto
IRISHTIMESauto,2026-06-02,0.3176964285714286,0.21428571428571427,28,26.321428571428573,21,93,IRISHTIMESauto
IRISHTIMESauto,2026-06-03,0.2023128205128205,0.1282051282051282,39,26.82051282051282,27,94,IRISHTIMESauto
IRISHTIMESauto,2026-06-04,0.23815757575757576,0.15151515151515152,33,27.21212121212121,23,95,IRISHTIMESauto
IRISHTIMESauto,2026-06-05,0.2098682926829268,0.07317073170731707,41,29.78048780487805,30,96,IRISHTIMESauto
IRISHTIMESauto,2026-06-06,0.18392045454545453,0.11363636363636363,44,29.295454545454547,28,97,IRISHTIMESauto
IRISHTIMESauto,2026-06-07,0.18590256410256412,0.05128205128205128,39,24.846153846153847,26,98,IRISHTIMESauto
IRISHTIMESauto,2026-06-08,0.2097529411764706,0.11764705882352941,34,27.058823529411764,27,99,IRISHTIMESauto
IRISHTIMESauto,2026-06-09,0.2370578947368421,0.15789473684210525,38,26.763157894736842,29,100,IRISHTIMESauto
IRISHTIMESauto,2026-06-10,0.14932926829268295,0.04878048780487805,41,28.48780487804878,28,101,IRISHTIMESauto
IRISHTIMESauto,2026-06-11,0.21065277777777777,0.08333333333333333,36,22.02777777777778,26,102,IRISHTIMESauto
IRISHTIMESauto,2026-06-12,0.15788214285714286,0.03571428571428571,28,27.964285714285715,24,103,IRISHTIMESauto
IRISHTIMESauto,2026-06-13,0.12221666666666667,0.027777777777777776,36,25.63888888888889,26,104,IRISHTIMESauto
IRISHTIMESauto,2026-06-14,0.26930000000000004,0.1794871794871795,39,24.897435897435898,27,105,IRISHTIMESauto
IRISHTIMESauto,2026-06-15,0.22451212121212122,0.15151515151515152,33,28.393939393939394,24,106,IRISHTIMESauto
IRISHTIMESauto,2026-06-16,0.21799032258064516,0.12903225806451613,31,25.032258064516128,19,107,IRISHTIMESauto
IRISHTIMESauto,2026-06-17,0.17396,0.075,40,25.45,29,108,IRISHTIMESauto
IRISHTIMESauto,2026-06-18,0.1495030303030303,0.09090909090909091,33,31.636363636363637,28,109,IRISHTIMESauto
IRISHTIMESauto,2026-06-19,0.1557135135135135,0.05405405405405406,37,24.72972972972973,29,110,IRISHTIMESauto
IRISHTIMESauto,2026-06-20,0.21017096774193547,0.0967741935483871,31,21.387096774193548,23,111,IRISHTIMESauto
IRISHTIMESauto,2026-06-21,0.14333823529411766,0.0,34,21.91176470588235,23,112,IRISHTIMESauto
IRISHTIMESauto,2026-06-22,0.20383,0.13333333333333333,30,24.033333333333335,24,113,IRISHTIMESauto
IRISHTIMESauto,2026-06-23,0.2331578947368421,0.10526315789473684,38,26.842105263157894,29,114,IRISHTIMESauto
IRISHTIMESauto,2026-06-24,0.09168275862068966,0.034482758620689655,29,32.37931034482759,18,115,IRISHTIMESauto
IRISHTIMESauto,2026-06-25,0.15857500000000002,0.05555555555555555,36,21.083333333333332,27,116,IRISHTIMESauto
IRISHTIMESauto,2026-06-26,0.18382222222222222,0.05555555555555555,36,31.444444444444443,26,117,IRISHTIMESauto
IRISHTIMESauto,2026-06-27,0.12036428571428572,0.03571428571428571,28,28.142857142857142,26,118,IRISHTIMESauto
IRISHTIMESauto,2026-06-28,0.09188214285714287,0.0,28,32.5,20,119,IRISHTIMESauto
MBauto,2026-03-01,0.2348241379310345,0.13793103448275862,58,31.017241379310345,38,0,MBauto
MBauto,2026-03-02,0.1861796875,0.078125,64,29.734375,39,1,MBauto
MBauto,2026-03-03,0.216903125,0.15625,64,27.40625,34,2,MBauto
MBauto,2026-03-04,0.21152307692307692,0.1346153846153846,52,26.46153846153846,34,3,MBauto
MBauto,2026-03-05,0.2575046875,0.21875,64,31.265625,43,4,MBauto
MBauto,2026-03-06,0.3369448275862069,0.29310344827586204,58,27.051724137931036,39,5,MBauto
MBauto,2026-03-07,0.24145961538461538,0.15384615384615385,52,27.596153846153847,38,6,MBauto
MBauto,2026-03-08,0.23632982456140353,0.14035087719298245,57,24.94736842105263,36,7,MBauto
MBauto,2026-03-09,0.30615818181818183,0.21818181818181817,55,23.527272727272727,39,8,MBauto
MBauto,2026-03-10,0.3707052631578947,0.2982456140350877,57,29.719298245614034,43,9,MBauto
MBauto,2026-03-11,0.2852818181818182,0.21212121212121213,66,21.575757575757574,35,10,MBauto
MBauto,2026-03-12,0.26566181818181817,0.18181818181818182,55,32.63636363636363,37,11,MBauto
MBauto,2026-03-13,0.1637404255319149,0.0425531914893617,47,28.872340425531913,30,12,MBauto
MBauto,2026-03-14,0.19411166666666665,0.06666666666666667,60,33.8,42,13,MBauto
MBauto,2026-03-15,0.3276671875,0.28125,64,25.71875,41,14,MBauto
MBauto,2026-03-16,0.24689622641509434,0.1509433962264151,53,28.90566037735849,37,15,MBauto
MBauto,2026-03-17,0.37284897959183677,0.2653061224489796,49,27.693877551020407,39,16,MBauto
MBauto,2026-03-18,0.28465365853658536,0.1951219512195122,41,26.78048780487805,31,17,MBauto
MBauto,2026-03-19,0.22916981132075473,0.16981132075471697,53,28.71698113207547,35,18,MBauto
MBauto,2026-03-20,0.21719591836734695,0.14285714285714285,49,29.755102040816325,37,19,MBauto
MBauto,2026-03-21,0.2992276923076923,0.15384615384615385,65,28.49230769230769,43,20,MBauto
MBauto,2026-03-22,0.23331,0.15,60,26.766666666666666,40,21,MBauto
MBauto,2026-03-23,0.266536170212766,0.19148936170212766,47,28.46808510638298,35,22,MBauto
MBauto,2026-03-24,0.30667142857142854,0.24489795918367346,49,28.428571428571427,38,23,MBauto
MBauto,2026-03-25,0.1975333333333333,0.14285714285714285,63,29.46031746031746,40,24,MBauto
MBauto,2026-03-26,0.15223934426229507,0.06557377049180328,61,24.721311475409838,39,25,MBauto
MBauto,2026-03-27,0.30509615384615385,0.2692307692307692,26,27.615384615384617,20,26,MBauto
MBauto,2026-03-28,0.2222511627906977,0.09302325581395349,43,30.58139534883721,32,27,MBauto
MBauto,2026-03-29,0.32981206896551724,0.25862068965517243,58,26.051724137931036,37,28,MBauto
MBauto,2026-03-30,0.19170857142857142,0.08571428571428572,35,30.314285714285713,27,29,MBauto
MBauto,2026-03-31,0.24745999999999999,0.21666666666666667,60,29.55,32,30,MBauto
MBauto,2026-04-01,0.22581458333333335,0.16666666666666666,48,29.166666666666668,37,31,MBauto
MBauto,2026-04-02,0.2691508771929825,0.17543859649122806,57,26.350877192982455,45,32,MBauto
MBauto,2026-04-03,0.24258245614035087,0.22807017543859648,57,25.017543859649123,36,33,MBauto
MBauto,2026-04-04,0.2157515625,0.140625,64,24.265625,42,34,MBauto
MBauto,2026-04-05,0.28353478260869563,0.21739130434782608,46,27.847826086956523,36,35,MBauto
MBauto,2026-04-06,0.25031333333333333,0.2,45,27.933333333333334,30,36,MBauto
MBauto,2026-04-07,0.21005072463768115,0.11594202898550725,69,25.159420289855074,43,37,MBauto
MBauto,2026-04-08,0.2601589285714286,0.19642857142857142,56,22.160714285714285,40,38,MBauto
MBauto,2026-04-09,0.23241276595744684,0.1702127659574468,47,27.48936170212766,33,39,MBauto
MBauto,2026-04-10,0.16630303030303029,0.07575757575757576,66,29.0,47,40,MBauto
MBauto,2026-04-11,0.2592326530612245,0.1836734693877551,49,28.3265306122449,37,41,MBauto
MBauto,2026-04-12,0.243325,0.15625,64,32.75,44,42,MBauto
MBauto,2026-04-13,0.2424323076923077,0.13846153846153847,65,28.76923076923077,45,43,MBauto
MBauto,2026-04-14,0.25129999999999997,0.16,50,30.38,35,44,MBauto
MBauto,2026-04-15,0.23610714285714285,0.125,56,28.5,41,45,MBauto
MBauto,2026-04-16,0.25177499999999997,0.15384615384615385,52,28.28846153846154,40,46,MBauto
MBauto,2026-04-17,0.3393142857142857,0.2698412698412698,63,26.476190476190474,48,47,MBauto
MBauto,2026-04-18,0.22244117647058823,0.1568627450980392,51,27.058823529411764,33,48,MBauto
MBauto,2026-04-19,0.308162,0.24,50,29.2,39,49,MBauto
MBauto,2026-04-20,0.2302264150943396,0.1320754716981132,53,20.962264150943398,43,50,MBauto
MBauto,2026-04-21,0.27227999999999997,0.2,50,23.94,37,51,MBauto
MBauto,2026-04-22,0.21721698113207547,0.1509433962264151,53,27.9811320754717,44,52,MBauto
MBauto,2026-04-23,0.278955,0.2,60,27.0,45,53,MBauto
MBauto,2026-04-24,0.20313508771929822,0.07017543859649122,57,27.771929824561404,40,54,MBauto
MBauto,2026-04-25,0.279492,0.16,50,26.56,43,55,MBauto
MBauto,2026-04-26,0.18808444444444442,0.1111111111111111,45,29.066666666666666,34,56,MBauto
MBauto,2026-04-27,0.30337142857142857,0.20634920634920634,63,26.793650793650794,46,57,MBauto
MBauto,2026-04-28,0.2629660377358491,0.16981132075471697,53,25.830188679245282,31,58,MBauto
MBauto,2026-04-29,0.2655524590163934,0.18032786885245902,61,26.950819672131146,48,59,MBauto
MBauto,2026-04-30,0.22383333333333333,0.12962962962962962,54,29.185185185185187,40,60,MBauto
MBauto,2026-05-01,0.2398406779661017,0.15254237288135594,59,28.152542372881356,43,61,MBauto
MBauto,2026-05-02,0.22376346153846155,0.1346153846153846,52,21.173076923076923,43,62,MBauto
MBauto,2026-05-03,0.2053235294117647,0.1568627450980392,51,26.84313725490196,39,63,MBauto
MBauto,2026-05-04,0.2782030303030303,0.21212121212121213,33,26.0,30,64,MBauto
MBauto,2026-05-05,0.23364642857142856,0.125,56,28.678571428571427,43,65,MBauto
MBauto,2026-05-06,0.26476785714285717,0.16071428571428573,56,24.553571428571427,38,66,MBauto
MBauto,2026-05-07,0.17926833333333334,0.06666666666666667,60,26.266666666666666,44,67,MBauto
MBauto,2026-05-08,0.260426,0.14,50,29.0,42,68,MBauto
MBauto,2026-05-09,0.24028333333333335,0.14814814814814814,54,27.61111111111111,38,69,MBauto
MBauto,2026-05-10,0.2636953125,0.171875,64,26.515625,54,70,MBauto
MBauto,2026-05-11,0.3494377049180328,0.26229508196721313,61,27.131147540983605,46,71,MBauto
MBauto,2026-05-12,0.25441632653061225,0.1836734693877551,49,28.857142857142858,41,72,MBauto
MBauto,2026-05-13,0.28308545454545453,0.23636363636363636,55,25.09090909090909,42,73,MBauto
MBauto,2026-05-14,0.15508125,0.0625,48,30.479166666666668,37,74,MBauto
MBauto,2026-05-15,0.36197636363636365,0.3090909090909091,55,29.181818181818183,38,75,MBauto
MBauto,2026-05-16,0.1638508474576271,0.05084745762711865,59,29.28813559322034,46,76,MBauto
MBauto,2026-05-17,0.2756734693877551,0.16326530612244897,49,26.0,40,77,MBauto
MBauto,2026-05-18,0.36777647058823526,0.2549019607843137,51,28.88235294117647,43,78,MBauto
MBauto,2026-05-19,0.2699344262295082,0.16393442622950818,61,26.770491803278688,48,79,MBauto
MBauto,2026-05-20,0.25406842105263155,0.19298245614035087,57,30.017543859649123,40,80,MBauto
MBauto,2026-05-21,0.19660212765957447,0.1276595744680851,47,30.872340425531913,41,81,MBauto
MBauto,2026-05-22,0.25542708333333336,0.1875,48,27.854166666666668,34,82,MBauto
MBauto,2026-05-23,0.292824,0.2,50,27.7,43,83,MBauto
MBauto,2026-05-24,0.3037614035087719,0.21052631578947367,57,24.05263157894737,52,84,MBauto
MBauto,2026-05-25,0.3992,0.375,64,26.59375,50,85,MBauto
MBauto,2026-05-26,0.3524875,0.2857142857142857,56,24.142857142857142,44,86,MBauto
MBauto,2026-05-27,0.3604309090909091,0.3090909090909091,55,26.327272727272728,48,87,MBauto
MBauto,2026-05-28,0.21266792452830188,0.1320754716981132,53,27.41509433962264,47,88,MBauto
MBauto,2026-05-29,0.2969490566037736,0.24528301886792453,53,28.754716981132077,45,89,MBauto
MBauto,2026-05-30,0.3759413043478261,0.34782608695652173,46,24.804347826086957,39,90,MBauto
MBauto,2026-05-31,0.44014181818181813,0.4,55,26.4,42,91,MBauto
MBauto,2026-06-01,0.4151527272727273,0.32727272727272727,55,24.181818181818183,44,92,MBauto
MBauto,2026-06-02,0.2810105263157895,0.21052631578947367,57,23.80701754385965,46,93,MBauto
MBauto,2026-06-03,0.407706779661017,0.3050847457627119,59,25.28813559322034,46,94,MBauto
MBauto,2026-06-04,0.35382542372881354,0.3220338983050847,59,28.64406779661017,48,95,MBauto
MBauto,2026-06-05,0.4013107142857143,0.3392857142857143,56,33.392857142857146,40,96,MBauto
MBauto,2026-06-06,0.29165800000000003,0.2,50,29.62,45,97,MBauto
MBauto,2026-06-07,0.42326444444444444,0.4,45,27.355555555555554,37,98,MBauto
MBauto,2026-06-08,0.48697833333333335,0.4666666666666667,60,28.616666666666667,47,99,MBauto
MBauto,2026-06-09,0.6211642857142857,0.625,56,22.625,42,100,MBauto
MBauto,2026-06-10,0.4438492307692308,0.4153846153846154,65,28.6,46,101,MBauto
MBauto,2026-06-11,0.4434551020408163,0.42857142857142855,49,21.714285714285715,43,102,MBauto
MBauto,2026-06-12,0.3763518518518519,0.3148148148148148,54,22.48148148148148,47,103,MBauto
MBauto,2026-06-13,0.553019298245614,0.5263157894736842,57,27.0,48,104,MBauto
MBauto,2026-06-14,0.4117,0.39622641509433965,53,27.90566037735849,41,105,MBauto
MBauto,2026-06-15,0.4781021276595745,0.425531914893617,47,28.93617021276596,39,106,MBauto
MBauto,2026-06-16,0.6266925925925926,0.6111111111111112,54,22.333333333333332,48,107,MBauto
MBauto,2026-06-17,0.5398186440677966,0.5423728813559322,59,26.372881355932204,50,108,MBauto
MBauto,2026-06-18,0.5540688524590164,0.5081967213114754,61,24.524590163934427,46,109,MBauto
MBauto,2026-06-19,0.5901666666666667,0.5882352941176471,51,22.313725490196077,48,110,MBauto
MBauto,2026-06-20,0.4825982142857143,0.44642857142857145,56,26.25,49,111,MBauto
MBauto,2026-06-21,0.5204672131147541,0.47540983606557374,61,23.37704918032787,54,112,MBauto
MBauto,2026-06-22,0.5264428571428571,0.49206349206349204,63,23.825396825396826,48,113,MBauto
MBauto,2026-06-23,0.6122716981132076,0.5849056603773585,53,27.22641509433962,46,114,MBauto
MBauto,2026-06-24,0.5553931034482759,0.5344827586206896,58,24.879310344827587,48,115,MBauto
MBauto,2026-06-25,0.5194265625,0.484375,64,21.65625,53,116,MBauto
MBauto,2026-06-26,0.6241788461538461,0.6153846153846154,52,28.576923076923077,36,117,MBauto
MBauto,2026-06-27,0.6705716981132076,0.6981132075471698,53,26.452830188679247,46,118,MBauto
MBauto,2026-06-28,0.4767491803278689,0.4918032786885246,61,25.704918032786885,53,119,MBauto
NBCauto,2026-03-01,0.36852666666666667,0.3333333333333333,30,24.333333333333332,26,0,NBCauto
NBCauto,2026-03-02,0.32438125,0.3125,16,27.3125,14,1,NBCauto
NBCauto,2026-03-03,0.690024,0.64,25,28.4,22,2,NBCauto
NBCauto,2026-03-04,0.54356875,0.4375,16,21.125,15,3,NBCauto
NBCauto,2026-03-05,0.5251272727272727,0.45454545454545453,22,30.363636363636363,21,4,NBCauto
NBCauto,2026-03-06,0.4228392857142857,0.42857142857142855,28,26.035714285714285,27,5,NBCauto
NBCauto,2026-03-07,0.43700645161290325,0.41935483870967744,31,23.516129032258064,26,6,NBCauto
NBCauto,2026-03-08,0.46083478260869565,0.391304347826087,23,34.21739130434783,20,7,NBCauto
NBCauto,2026-03-09,0.2953375,0.25,16,25.0625,14,8,NBCauto
NBCauto,2026-03-10,0.5871714285714286,0.5714285714285714,21,22.523809523809526,17,9,NBCauto
NBCauto,2026-03-11,0.3031333333333333,0.25,24,27.0,21,10,NBCauto
NBCauto,2026-03-12,0.4663466666666667,0.4666666666666667,15,32.46666666666667,15,11,NBCauto
NBCauto,2026-03-13,0.2634625,0.25,16,27.0,15,12,NBCauto
NBCauto,2026-03-14,0.31033666666666665,0.26666666666666666,30,26.633333333333333,25,13,NBCauto
NBCauto,2026-03-15,0.5444130434782608,0.5217391304347826,23,26.304347826086957,22,14,NBCauto
NBCauto,2026-03-16,0.4813083333333334,0.4166666666666667,12,36.25,11,15,NBCauto
NBCauto,2026-03-17,0.5872354838709677,0.5806451612903226,31,29.967741935483872,26,16,NBCauto
NBCauto,2026-03-18,0.3451352941176471,0.29411764705882354,17,25.235294117647058,15,17,NBCauto
NBCauto,2026-03-19,0.35550476190476193,0.3333333333333333,21,32.95238095238095,19,18,NBCauto
NBCauto,2026-03-20,0.541678125,0.53125,32,28.6875,28,19,NBCauto
NBCauto,2026-03-21,0.4348153846153846,0.38461538461538464,26,26.0,24,20,NBCauto
NBCauto,2026-03-22,0.37103157894736843,0.3684210526315789,19,30.36842105263158,16,21,NBCauto
NBCauto,2026-03-23,0.3849269230769231,0.34615384615384615,26,28.076923076923077,21,22,NBCauto
NBCauto,2026-03-24,0.48060967741935484,0.45161290322580644,31,26.258064516129032,24,23,NBCauto
NBCauto,2026-03-25,0.39404,0.3142857142857143,35,29.6,29,24,NBCauto
NBCauto,2026-03-26,0.4567052631578948,0.42105263157894735,19,28.736842105263158,19,25,NBCauto
NBCauto,2026-03-27,0.2619166666666667,0.2222222222222222,18,24.61111111111111,14,26,NBCauto
NBCauto,2026-03-28,0.42721875,0.375,16,23.3125,13,27,NBCauto
NBCauto,2026-03-29,0.33385555555555557,0.2777777777777778,18,37.888888888888886,15,28,NBCauto
NBCauto,2026-03-30,0.25564545454545456,0.18181818181818182,11,20.363636363636363,9,29,NBCauto
NBCauto,2026-03-31,0.4420030303030303,0.3939393939393939,33,27.272727272727273,26,30,NBCauto
NBCauto,2026-04-01,0.35046315789473687,0.2631578947368421,19,26.105263157894736,18,31,NBCauto
NBCauto,2026-04-02,0.569668,0.52,25,28.48,24,32,NBCauto
NBCauto,2026-04-03,0.41562692307692306,0.34615384615384615,26,30.23076923076923,20,33,NBCauto
NBCauto,2026-04-04,0.37898750000000003,0.3125,16,28.0625,16,34,NBCauto
NBCauto,2026-04-05,0.3910416666666667,0.4166666666666667,12,27.666666666666668,11,35,NBCauto
NBCauto,2026-04-06,0.613,0.5416666666666666,24,23.166666666666668,20,36,NBCauto
NBCauto,2026-04-07,0.49520800000000004,0.52,25,24.32,20,37,NBCauto
NBCauto,2026-04-08,0.40552,0.3,20,29.45,17,38,NBCauto
NBCauto,2026-04-09,0.49808421052631574,0.42105263157894735,19,19.05263157894737,19,39,NBCauto
NBCauto,2026-04-10,0.5127999999999999,0.5,18,31.61111111111111,18,40,NBCauto
NBCauto,2026-04-11,0.6024571428571429,0.5714285714285714,21,33.285714285714285,16,41,NBCauto
NBCauto,2026-04-12,0.3490655172413793,0.27586206896551724,29,31.655172413793103,22,42,NBCauto
NBCauto,2026-04-13,0.4115115384615385,0.38461538461538464,26,21.423076923076923,19,43,NBCauto
NBCauto,2026-04-14,0.5573296296296296,0.5185185185185185,27,19.48148148148148,22,44,NBCauto
NBCauto,2026-04-15,0.37005416666666663,0.3333333333333333,24,28.5,21,45,NBCauto
NBCauto,2026-04-16,0.56814375,0.5625,16,27.75,15,46,NBCauto
NBCauto,2026-04-17,0.4257111111111111,0.3333333333333333,18,26.833333333333332,14,47,NBCauto
NBCauto,2026-04-18,0.42991304347826087,0.391304347826087,23,33.82608695652174,21,48,NBCauto
NBCauto,2026-04-19,0.45194999999999996,0.3888888888888889,18,27.11111111111111,16,49,NBCauto
NBCauto,2026-04-20,0.3954846153846154,0.38461538461538464,26,22.5,25,50,NBCauto
NBCauto,2026-04-21,0.3839533333333333,0.3,30,24.566666666666666,24,51,NBCauto
NBCauto,2026-04-22,0.44789259259259256,0.37037037037037035,27,25.703703703703702,25,52,NBCauto
NBCauto,2026-04-23,0.371075,0.3,20,23.35,20,53,NBCauto
NBCauto,2026-04-24,0.5919696969696969,0.5757575757575758,33,27.060606060606062,27,54,NBCauto
NBCauto,2026-04-25,0.49629999999999996,0.43478260869565216,23,23.73913043478261,22,55,NBCauto
NBCauto,2026-04-26,0.43680625,0.375,32,29.5,28,56,NBCauto
NBCauto,2026-04-27,0.41111600000000004,0.32,25,27.8,19,57,NBCauto
NBCauto,2026-04-28,0.550995,0.5,20,30.75,18,58,NBCauto
NBCauto,2026-04-29,0.46418333333333334,0.375,24,24.583333333333332,20,59,NBCauto
NBCauto,2026-04-30,0.39955,0.2916666666666667,24,25.666666666666668,21,60,NBCauto
NBCauto,2026-05-01,0.38387333333333334,0.3,30,29.466666666666665,28,61,NBCauto
NBCauto,2026-05-02,0.428796,0.36,25,27.44,19,62,NBCauto
NBCauto,2026-05-03,0.609335,0.55,20,24.25,19,63,NBCauto
NBCauto,2026-05-04,0.4116875,0.375,24,21.75,21,64,NBCauto
NBCauto,2026-05-05,0.391355,0.4,20,23.6,18,65,NBCauto
NBCauto,2026-05-06,0.2589388888888889,0.2222222222222222,18,25.72222222222222,16,66,NBCauto
NBCauto,2026-05-07,0.3160777777777778,0.2777777777777778,18,27.27777777777778,14,67,NBCauto
NBCauto,2026-05-08,0.38117142857142855,0.3333333333333333,21,21.761904761904763,17,68,NBCauto
NBCauto,2026-05-09,0.324247619047619,0.19047619047619047,21,21.571428571428573,16,69,NBCauto
NBCauto,2026-05-10,0.46847272727272726,0.42424242424242425,33,21.363636363636363,28,70,NBCauto
NBCauto,2026-05-11,0.381975,0.2916666666666667,24,25.333333333333332,17,71,NBCauto
NBCauto,2026-05-12,0.59925,0.6,20,24.0,17,72,NBCauto
NBCauto,2026-05-13,0.39828800000000003,0.32,25,27.08,20,73,NBCauto
NBCauto,2026-05-14,0.37728,0.3,20,29.7,17,74,NBCauto
NBCauto,2026-05-15,0.48634,0.44,25,29.6,21,75,NBCauto
NBCauto,2026-05-16,0.26533913043478263,0.17391304347826086,23,27.73913043478261,20,76,NBCauto
NBCauto,2026-05-17,0.400408,0.36,25,25.6,19,77,NBCauto
NBCauto,2026-05-18,0.42328,0.35,20,32.2,17,78,NBCauto
NBCauto,2026-05-19,0.31836315789473685,0.2631578947368421,19,25.42105263157895,17,79,NBCauto
NBCauto,2026-05-20,0.5378518518518519,0.5185185185185185,27,31.555555555555557,25,80,NBCauto
NBCauto,2026-05-21,0.41941538461538463,0.34615384615384615,26,30.423076923076923,23,81,NBCauto
NBCauto,2026-05-22,0.360465,0.35,20,21.35,16,82,NBCauto
NBCauto,2026-05-23,0.3923407407407407,0.37037037037037035,27,31.88888888888889,24,83,NBCauto
NBCauto,2026-05-24,0.27407857142857145,0.21428571428571427,28,28.678571428571427,26,84,NBCauto
NBCauto,2026-05-25,0.40886666666666666,0.38095238095238093,21,31.047619047619047,15,85,NBCauto
NBCauto,2026-05-26,0.46663750000000004,0.4583333333333333,24,29.041666666666668,20,86,NBCauto
NBCauto,2026-05-27,0.47121153846153846,0.4230769230769231,26,26.307692307692307,23,87,NBCauto
NBCauto,2026-05-28,0.4946263157894737,0.47368421052631576,19,32.0,15,88,NBCauto
NBCauto,2026-05-29,0.4575,0.47619047619047616,21,25.19047619047619,19,89,NBCauto
NBCauto,2026-05-30,0.5134157894736842,0.47368421052631576,19,32.526315789473685,16,90,NBCauto
NBCauto,2026-05-31,0.5513666666666667,0.5555555555555556,18,20.666666666666668,16,91,NBCauto
NBCauto,2026-06-01,0.6270619047619048,0.6190476190476191,21,30.38095238095238,21,92,NBCauto
NBCauto,2026-06-02,0.5248448275862069,0.4827586206896552,29,22.79310344827586,22,93,NBCauto
NBCauto,2026-06-03,0.29064999999999996,0.2692307692307692,26,23.307692307692307,23,94,NBCauto
NBCauto,2026-06-04,0.536272,0.56,25,24.64,19,95,NBCauto
NBCauto,2026-06-05,0.4656290322580645,0.3870967741935484,31,23.129032258064516,24,96,NBCauto
NBCauto,2026-06-06,0.37146111111111113,0.3333333333333333,18,28.22222222222222,16,97,NBCauto
NBCauto,2026-06-07,0.3900074074074074,0.37037037037037035,27,19.59259259259259,24,98,NBCauto
NBCauto,2026-06-08,0.40944583333333334,0.3333333333333333,24,22.875,23,99,NBCauto
NBCauto,2026-06-09,0.46423200000000003,0.44,25,26.36,20,100,NBCauto
NBCauto,2026-06-10,0.40465517241379306,0.41379310344827586,29,27.379310344827587,25,101,NBCauto
NBCauto,2026-06-11,0.39351379310344825,0.3448275862068966,29,32.89655172413793,25,102,NBCauto
NBCauto,2026-06-12,0.5767318181818182,0.5454545454545454,22,30.0,19,103,NBCauto
NBCauto,2026-06-13,0.37511081081081077,0.2702702702702703,37,23.56756756756757,33,104,NBCauto
NBCauto,2026-06-14,0.6288714285714285,0.5714285714285714,14,25.285714285714285,13,105,NBCauto
NBCauto,2026-06-15,0.5071588235294118,0.5294117647058824,17,23.235294117647058,14,106,NBCauto
NBCauto,2026-06-16,0.585425,0.5625,16,27.8125,16,107,NBCauto
NBCauto,2026-06-17,0.5106111111111111,0.5555555555555556,18,28.833333333333332,17,108,NBCauto
NBCauto,2026-06-18,0.690935,0.75,20,24.7,18,109,NBCauto
NBCauto,2026-06-19,0.36741111111111113,0.2777777777777778,36,29.97222222222222,30,110,NBCauto
NBCauto,2026-06-20,0.30267,0.2,20,23.65,19,111,NBCauto
NBCauto,2026-06-21,0.49713333333333337,0.4583333333333333,24,27.041666666666668,22,112,NBCauto
NBCauto,2026-06-22,0.4692076923076923,0.46153846153846156,26,28.96153846153846,23,113,NBCauto
NBCauto,2026-06-23,0.3808888888888889,0.2777777777777778,18,22.72222222222222,16,114,NBCauto
NBCauto,2026-06-24,0.32978125,0.3125,16,19.8125,14,115,NBCauto
NBCauto,2026-06-25,0.4279285714285714,0.38095238095238093,21,21.952380952380953,19,116,NBCauto
NBCauto,2026-06-26,0.6254954545454545,0.5909090909090909,22,28.454545454545453,20,117,NBCauto
NBCauto,2026-06-27,0.4955647058823529,0.47058823529411764,17,26.705882352941178,14,118,NBCauto
NBCauto,2026-06-28,0.39895652173913043,0.30434782608695654,23,22.26086956521739,21,119,NBCauto
NDTVauto,2026-03-01,0.30338888888888893,0.23809523809523808,63,30.714285714285715,42,0,NDTVauto
NDTVauto,2026-03-02,0.3773527272727273,0.2909090909090909,55,27.21818181818182,38,1,NDTVauto
NDTVauto,2026-03-03,0.28698541666666666,0.20833333333333334,48,30.291666666666668,39,2,NDTVauto
NDTVauto,2026-03-04,0.2325,0.14285714285714285,49,29.46938775510204,33,3,NDTVauto
NDTVauto,2026-03-05,0.24711136363636363,0.1590909090909091,44,21.90909090909091,29,4,NDTVauto
NDTVauto,2026-03-06,0.22589807692307692,0.15384615384615385,52,25.5,35,5,NDTVauto
NDTVauto,2026-03-07,0.2587731707317073,0.14634146341463414,41,25.463414634146343,30,6,NDTVauto
NDTVauto,2026-03-08,0.31416923076923076,0.23076923076923078,52,30.48076923076923,36,7,NDTVauto
NDTVauto,2026-03-09,0.24699999999999997,0.15789473684210525,38,23.342105263157894,27,8,NDTVauto
NDTVauto,2026-03-10,0.11877906976744186,0.023255813953488372,43,23.348837209302324,36,9,NDTVauto
NDTVauto,2026-03-11,0.33268113207547173,0.2641509433962264,53,26.264150943396228,34,10,NDTVauto
NDTVauto,2026-03-12,0.20458085106382978,0.0851063829787234,47,27.148936170212767,32,11,NDTVauto
NDTVauto,2026-03-13,0.24997045454545458,0.13636363636363635,44,27.386363636363637,33,12,NDTVauto
NDTVauto,2026-03-14,0.31061136363636366,0.25,44,29.977272727272727,33,13,NDTVauto
NDTVauto,2026-03-15,0.2812678571428571,0.21428571428571427,56,25.357142857142858,34,14,NDTVauto
NDTVauto,2026-03-16,0.2817826923076923,0.15384615384615385,52,26.076923076923077,39,15,NDTVauto
NDTVauto,2026-03-17,0.511316,0.44,50,26.76,33,16,NDTVauto
NDTVauto,2026-03-18,0.18515238095238096,0.11904761904761904,42,24.166666666666668,30,17,NDTVauto
NDTVauto,2026-03-19,0.271665,0.2,40,25.725,32,18,NDTVauto
NDTVauto,2026-03-20,0.20728837209302323,0.09302325581395349,43,26.86046511627907,28,19,NDTVauto
NDTVauto,2026-03-21,0.37635294117647056,0.3137254901960784,51,27.980392156862745,37,20,NDTVauto
NDTVauto,2026-03-22,0.30530851063829784,0.2553191489361702,47,26.27659574468085,36,21,NDTVauto
NDTVauto,2026-03-23,0.3753425531914894,0.2978723404255319,47,26.04255319148936,31,22,NDTVauto
NDTVauto,2026-03-24,0.2900475,0.225,40,29.125,32,23,NDTVauto
NDTVauto,2026-03-25,0.31420000000000003,0.2608695652173913,46,22.02173913043478,34,24,NDTVauto
NDTVauto,2026-03-26,0.33127894736842106,0.2631578947368421,38,27.236842105263158,28,25,NDTVauto
NDTVauto,2026-03-27,0.272614,0.2,50,27.7,32,26,NDTVauto
NDTVauto,2026-03-28,0.14869268292682927,0.04878048780487805,41,25.195121951219512,32,27,NDTVauto
NDTVauto,2026-03-29,0.29864693877551024,0.22448979591836735,49,31.3265306122449,35,28,NDTVauto
NDTVauto,2026-03-30,0.2890627118644068,0.23728813559322035,59,24.76271186440678,37,29,NDTVauto
NDTVauto,2026-03-31,0.24975,0.13793103448275862,58,26.637931034482758,38,30,NDTVauto
NDTVauto,2026-04-01,0.26263170731707314,0.17073170731707318,41,30.414634146341463,33,31,NDTVauto
NDTVauto,2026-04-02,0.246626,0.16,50,26.96,36,32,NDTVauto
NDTVauto,2026-04-03,0.2752791666666667,0.20833333333333334,48,28.4375,35,33,NDTVauto
NDTVauto,2026-04-04,0.22621555555555556,0.15555555555555556,45,26.711111111111112,37,34,NDTVauto
NDTVauto,2026-04-05,0.2984529411764706,0.2549019607843137,51,26.11764705882353,35,35,NDTVauto
NDTVauto,2026-04-06,0.27803541666666665,0.20833333333333334,48,25.479166666666668,33,36,NDTVauto
NDTVauto,2026-04-07,0.2731522727272727,0.22727272727272727,44,26.90909090909091,32,37,NDTVauto
NDTVauto,2026-04-08,0.34550535714285713,0.25,56,21.839285714285715,37,38,NDTVauto
NDTVauto,2026-04-09,0.2793717391304348,0.17391304347826086,46,27.369565217391305,33,39,NDTVauto
NDTVauto,2026-04-10,0.2947829268292683,0.17073170731707318,41,28.585365853658537,27,40,NDTVauto
NDTVauto,2026-04-11,0.215334693877551,0.14285714285714285,49,25.489795918367346,35,41,NDTVauto
NDTVauto,2026-04-12,0.33590612244897955,0.2857142857142857,49,23.285714285714285,34,42,NDTVauto
NDTVauto,2026-04-13,0.34235777777777776,0.24444444444444444,45,27.88888888888889,34,43,NDTVauto
NDTVauto,2026-04-14,0.187312,0.12,50,27.4,32,44,NDTVauto
NDTVauto,2026-04-15,0.20789743589743592,0.1282051282051282,39,28.205128205128204,32,45,NDTVauto
NDTVauto,2026-04-16,0.24767142857142857,0.14285714285714285,49,29.46938775510204,29,46,NDTVauto
NDTVauto,2026-04-17,0.17278448275862068,0.034482758620689655,58,28.24137931034483,38,47,NDTVauto
NDTVauto,2026-04-18,0.26154074074074074,0.2037037037037037,54,27.0,35,48,NDTVauto
NDTVauto,2026-04-19,0.21302941176470588,0.11764705882352941,51,26.392156862745097,35,49,NDTVauto
NDTVauto,2026-04-20,0.3100191489361702,0.2127659574468085,47,26.319148936170212,32,50,NDTVauto
NDTVauto,2026-04-21,0.22255454545454548,0.1590909090909091,44,24.886363636363637,29,51,NDTVauto
NDTVauto,2026-04-22,0.2727980769230769,0.21153846153846154,52,29.46153846153846,33,52,NDTVauto
NDTVauto,2026-04-23,0.23832826086956524,0.13043478260869565,46,23.695652173913043,37,53,NDTVauto
NDTVauto,2026-04-24,0.12075227272727274,0.045454545454545456,44,25.90909090909091,33,54,NDTVauto
NDTVauto,2026-04-25,0.3206,0.25,44,27.045454545454547,32,55,NDTVauto
NDTVauto,2026-04-26,0.3216636363636364,0.25,44,29.295454545454547,33,56,NDTVauto
NDTVauto,2026-04-27,0.4266472222222222,0.3611111111111111,36,29.444444444444443,25,57,NDTVauto
NDTVauto,2026-04-28,0.3388708333333333,0.22916666666666666,48,26.875,37,58,NDTVauto
NDTVauto,2026-04-29,0.301645,0.25,40,28.825,27,59,NDTVauto
NDTVauto,2026-04-30,0.16613,0.06,50,32.78,33,60,NDTVauto
NDTVauto,2026-05-01,0.2443446808510638,0.14893617021276595,47,26.425531914893618,33,61,NDTVauto
NDTVauto,2026-05-02,0.1765657894736842,0.10526315789473684,38,28.31578947368421,30,62,NDTVauto
NDTVauto,2026-05-03,0.3252058823529412,0.2549019607843137,51,26.50980392156863,38,63,NDTVauto
NDTVauto,2026-05-04,0.41631,0.4,40,26.85,30,64,NDTVauto
NDTVauto,2026-05-05,0.26935652173913044,0.1956521739130435,46,30.847826086956523,34,65,NDTVauto
NDTVauto,2026-05-06,0.2734666666666667,0.2037037037037037,54,26.01851851851852,40,66,NDTVauto
NDTVauto,2026-05-07,0.2958051282051282,0.1794871794871795,39,24.205128205128204,33,67,NDTVauto
NDTVauto,2026-05-08,0.25100277777777774,0.1111111111111111,36,30.11111111111111,26,68,NDTVauto
NDTVauto,2026-05-09,0.23779607843137254,0.13725490196078433,51,28.58823529411765,35,69,NDTVauto
NDTVauto,2026-05-10,0.36605882352941177,0.29411764705882354,51,28.352941176470587,39,70,NDTVauto
NDTVauto,2026-05-11,0.1904871794871795,0.1282051282051282,39,29.358974358974358,27,71,NDTVauto
NDTVauto,2026-05-12,0.2647574074074074,0.16666666666666666,54,25.72222222222222,39,72,NDTVauto
NDTVauto,2026-05-13,0.2493725,0.15,40,26.0,29,73,NDTVauto
NDTVauto,2026-05-14,0.24206666666666665,0.15384615384615385,39,21.743589743589745,28,74,NDTVauto
NDTVauto,2026-05-15,0.21771746031746034,0.14285714285714285,63,25.238095238095237,46,75,NDTVauto
NDTVauto,2026-05-16,0.3191741379310345,0.2413793103448276,58,26.70689655172414,37,76,NDTVauto
NDTVauto,2026-05-17,0.20770769230769232,0.09615384615384616,52,24.96153846153846,32,77,NDTVauto
NDTVauto,2026-05-18,0.22412666666666664,0.17777777777777778,45,31.31111111111111,27,78,NDTVauto
NDTVauto,2026-05-19,0.27267446808510637,0.14893617021276595,47,27.361702127659573,29,79,NDTVauto
NDTVauto,2026-05-20,0.45213571428571425,0.42857142857142855,42,26.023809523809526,32,80,NDTVauto
NDTVauto,2026-05-21,0.3256277777777778,0.25,36,28.97222222222222,27,81,NDTVauto
NDTVauto,2026-05-22,0.2565980392156863,0.1568627450980392,51,26.49019607843137,34,82,NDTVauto
NDTVauto,2026-05-23,0.34004285714285715,0.30357142857142855,56,29.214285714285715,37,83,NDTVauto
NDTVauto,2026-05-24,0.3031634920634921,0.2222222222222222,63,27.666666666666668,41,84,NDTVauto
NDTVauto,2026-05-25,0.34549591836734694,0.2653061224489796,49,25.877551020408163,36,85,NDTVauto
NDTVauto,2026-05-26,0.2303159090909091,0.13636363636363635,44,27.636363636363637,32,86,NDTVauto
NDTVauto,2026-05-27,0.2043333333333333,0.09803921568627451,51,29.11764705882353,35,87,NDTVauto
NDTVauto,2026-05-28,0.2692847222222222,0.19444444444444445,72,26.26388888888889,42,88,NDTVauto
NDTVauto,2026-05-29,0.30648695652173913,0.2391304347826087,46,27.0,28,89,NDTVauto
NDTVauto,2026-05-30,0.30169599999999996,0.22,50,24.74,32,90,NDTVauto
NDTVauto,2026-05-31,0.1950977777777778,0.1111111111111111,45,27.31111111111111,31,91,NDTVauto
NDTVauto,2026-06-01,0.24588032786885244,0.18032786885245902,61,29.475409836065573,37,92,NDTVauto
NDTVauto,2026-06-02,0.240334,0.18,50,31.66,33,93,NDTVauto
NDTVauto,2026-06-03,0.2825836734693878,0.20408163265306123,49,29.06122448979592,32,94,NDTVauto
NDTVauto,2026-06-04,0.2555880952380952,0.16666666666666666,42,27.666666666666668,30,95,NDTVauto
NDTVauto,2026-06-05,0.1335793103448276,0.06896551724137931,58,21.896551724137932,37,96,NDTVauto
NDTVauto,2026-06-06,0.25645,0.19230769230769232,52,22.75,34,97,NDTVauto
NDTVauto,2026-06-07,0.4785682926829269,0.4146341463414634,41,25.804878048780488,29,98,NDTVauto
NDTVauto,2026-06-08,0.30219565217391303,0.2391304347826087,46,23.58695652173913,34,99,NDTVauto
NDTVauto,2026-06-09,0.23049807692307694,0.1346153846153846,52,27.03846153846154,32,100,NDTVauto
NDTVauto,2026-06-10,0.2738040816326531,0.24489795918367346,49,27.102040816326532,31,101,NDTVauto
NDTVauto,2026-06-11,0.358895744680851,0.2765957446808511,47,26.25531914893617,32,102,NDTVauto
NDTVauto,2026-06-12,0.16875135135135136,0.10810810810810811,37,28.10810810810811,29,103,NDTVauto
NDTVauto,2026-06-13,0.2418304347826087,0.15217391304347827,46,30.869565217391305,34,104,NDTVauto
NDTVauto,2026-06-14,0.3251796296296296,0.24074074074074073,54,24.796296296296298,34,105,NDTVauto
NDTVauto,2026-06-15,0.3218615384615384,0.21153846153846154,52,23.826923076923077,38,106,NDTVauto
NDTVauto,2026-06-16,0.3229898305084746,0.2711864406779661,59,32.220338983050844,39,107,NDTVauto
NDTVauto,2026-06-17,0.38066274509803916,0.3333333333333333,51,26.372549019607842,35,108,NDTVauto
NDTVauto,2026-06-18,0.26416603773584907,0.18867924528301888,53,26.07547169811321,35,109,NDTVauto
NDTVauto,2026-06-19,0.225942,0.14,50,28.1,34,110,NDTVauto
NDTVauto,2026-06-20,0.19379473684210527,0.10526315789473684,57,22.94736842105263,34,111,NDTVauto
NDTVauto,2026-06-21,0.22205306122448978,0.1836734693877551,49,30.26530612244898,35,112,NDTVauto
NDTVauto,2026-06-22,0.19675208333333336,0.125,48,26.5625,33,113,NDTVauto
NDTVauto,2026-06-23,0.3026675,0.225,40,28.725,27,114,NDTVauto
NDTVauto,2026-06-24,0.3228017857142857,0.26785714285714285,56,25.267857142857142,40,115,NDTVauto
NDTVauto,2026-06-25,0.27285333333333334,0.17777777777777778,45,21.377777777777776,31,116,NDTVauto
NDTVauto,2026-06-26,0.22319375,0.14583333333333334,48,29.208333333333332,30,117,NDTVauto
NDTVauto,2026-06-27,0.34636545454545453,0.21818181818181817,55,30.327272727272728,41,118,NDTVauto
NDTVauto,2026-06-28,0.2874540983606558,0.19672131147540983,61,25.672131147540984,40,119,NDTVauto
NYPOSTauto,2026-03-01,0.150652,0.08,50,27.12,32,0,NYPOSTauto
NYPOSTauto,2026-03-02,0.1830181818181818,0.06818181818181818,44,29.09090909090909,33,1,NYPOSTauto
NYPOSTauto,2026-03-03,0.20249629629629629,0.1111111111111111,54,29.62962962962963,38,2,NYPOSTauto
NYPOSTauto,2026-03-04,0.20389615384615387,0.07692307692307693,52,29.692307692307693,38,3,NYPOSTauto
NYPOSTauto,2026-03-05,0.2439894736842105,0.13157894736842105,38,30.105263157894736,29,4,NYPOSTauto
NYPOSTauto,2026-03-06,0.14488157894736842,0.02631578947368421,38,26.842105263157894,27,5,NYPOSTauto
NYPOSTauto,2026-03-07,0.1988205128205128,0.1282051282051282,39,33.94871794871795,29,6,NYPOSTauto
NYPOSTauto,2026-03-08,0.2217111111111111,0.16666666666666666,36,29.555555555555557,27,7,NYPOSTauto
NYPOSTauto,2026-03-09,0.1402921052631579,0.05263157894736842,38,27.94736842105263,30,8,NYPOSTauto
NYPOSTauto,2026-03-10,0.26974358974358975,0.15384615384615385,39,23.0,30,9,NYPOSTauto
NYPOSTauto,2026-03-11,0.18123076923076922,0.07692307692307693,39,24.871794871794872,27,10,NYPOSTauto
NYPOSTauto,2026-03-12,0.19766415094339623,0.11320754716981132,53,27.07547169811321,35,11,NYPOSTauto
NYPOSTauto,2026-03-13,0.17961249999999998,0.041666666666666664,48,28.020833333333332,36,12,NYPOSTauto
NYPOSTauto,2026-03-14,0.17437833333333333,0.1,60,28.083333333333332,37,13,NYPOSTauto
NYPOSTauto,2026-03-15,0.17989772727272726,0.11363636363636363,44,28.227272727272727,32,14,NYPOSTauto
NYPOSTauto,2026-03-16,0.23583148148148148,0.18518518518518517,54,25.074074074074073,34,15,NYPOSTauto
NYPOSTauto,2026-03-17,0.29663809523809526,0.21428571428571427,42,24.261904761904763,29,16,NYPOSTauto
NYPOSTauto,2026-03-18,0.269995652173913,0.1956521739130435,46,27.652173913043477,32,17,NYPOSTauto
NYPOSTauto,2026-03-19,0.19462857142857143,0.10204081632653061,49,27.448979591836736,35,18,NYPOSTauto
NYPOSTauto,2026-03-20,0.16225178571428572,0.07142857142857142,56,27.160714285714285,38,19,NYPOSTauto
NYPOSTauto,2026-03-21,0.20300408163265307,0.12244897959183673,49,31.387755102040817,32,20,NYPOSTauto
NYPOSTauto,2026-03-22,0.24652340425531916,0.14893617021276595,47,22.29787234042553,35,21,NYPOSTauto
NYPOSTauto,2026-03-23,0.23716875,0.16666666666666666,48,27.333333333333332,36,22,NYPOSTauto
NYPOSTauto,2026-03-24,0.16187708333333334,0.08333333333333333,48,30.833333333333332,36,23,NYPOSTauto
NYPOSTauto,2026-03-25,0.195795,0.1,40,25.375,25,24,NYPOSTauto
NYPOSTauto,2026-03-26,0.17102830188679247,0.09433962264150944,53,25.39622641509434,33,25,NYPOSTauto
NYPOSTauto,2026-03-27,0.05562564102564103,0.0,39,26.615384615384617,23,26,NYPOSTauto
NYPOSTauto,2026-03-28,0.09505227272727272,0.0,44,27.59090909090909,33,27,NYPOSTauto
NYPOSTauto,2026-03-29,0.21854528301886794,0.1320754716981132,53,25.07547169811321,34,28,NYPOSTauto
NYPOSTauto,2026-03-30,0.14187096774193547,0.0,31,27.225806451612904,24,29,NYPOSTauto
NYPOSTauto,2026-03-31,0.28775510204081634,0.22448979591836735,49,27.73469387755102,36,30,NYPOSTauto
NYPOSTauto,2026-04-01,0.17553076923076924,0.07692307692307693,39,29.41025641025641,28,31,NYPOSTauto
NYPOSTauto,2026-04-02,0.23858444444444443,0.17777777777777778,45,23.733333333333334,31,32,NYPOSTauto
NYPOSTauto,2026-04-03,0.19397959183673472,0.08163265306122448,49,23.183673469387756,36,33,NYPOSTauto
NYPOSTauto,2026-04-04,0.2508175,0.15,40,31.225,28,34,NYPOSTauto
NYPOSTauto,2026-04-05,0.22055849056603774,0.1509433962264151,53,27.58490566037736,38,35,NYPOSTauto
NYPOSTauto,2026-04-06,0.17441632653061226,0.10204081632653061,49,24.367346938775512,40,36,NYPOSTauto
NYPOSTauto,2026-04-07,0.25016666666666665,0.16666666666666666,48,24.375,38,37,NYPOSTauto
NYPOSTauto,2026-04-08,0.24389183673469386,0.14285714285714285,49,29.571428571428573,34,38,NYPOSTauto
NYPOSTauto,2026-04-09,0.16212985074626865,0.07462686567164178,67,27.238805970149254,39,39,NYPOSTauto
NYPOSTauto,2026-04-10,0.15016000000000002,0.02857142857142857,35,25.457142857142856,29,40,NYPOSTauto
NYPOSTauto,2026-04-11,0.25047450980392155,0.13725490196078433,51,32.333333333333336,34,41,NYPOSTauto
NYPOSTauto,2026-04-12,0.2776891304347826,0.17391304347826086,46,31.91304347826087,30,42,NYPOSTauto
NYPOSTauto,2026-04-13,0.194416,0.1,50,27.76,33,43,NYPOSTauto
NYPOSTauto,2026-04-14,0.2617189655172414,0.1724137931034483,58,25.120689655172413,40,44,NYPOSTauto
NYPOSTauto,2026-04-15,0.24626530612244898,0.1836734693877551,49,29.387755102040817,31,45,NYPOSTauto
NYPOSTauto,2026-04-16,0.12016595744680851,0.02127659574468085,47,31.5531914893617,33,46,NYPOSTauto
NYPOSTauto,2026-04-17,0.18806964285714287,0.10714285714285714,56,24.625,35,47,NYPOSTauto
NYPOSTauto,2026-04-18,0.17718,0.02857142857142857,35,25.542857142857144,29,48,NYPOSTauto
NYPOSTauto,2026-04-19,0.12789787234042552,0.02127659574468085,47,26.53191489361702,36,49,NYPOSTauto
NYPOSTauto,2026-04-20,0.24348367346938776,0.12244897959183673,49,26.183673469387756,31,50,NYPOSTauto
NYPOSTauto,2026-04-21,0.24566170212765956,0.1276595744680851,47,22.46808510638298,34,51,NYPOSTauto
NYPOSTauto,2026-04-22,0.19234901960784315,0.11764705882352941,51,28.333333333333332,39,52,NYPOSTauto
NYPOSTauto,2026-04-23,0.1990372881355932,0.1016949152542373,59,29.76271186440678,36,53,NYPOSTauto
NYPOSTauto,2026-04-24,0.126096875,0.0625,32,26.5,26,54,NYPOSTauto
NYPOSTauto,2026-04-25,0.2885191489361702,0.2127659574468085,47,28.148936170212767,32,55,NYPOSTauto
NYPOSTauto,2026-04-26,0.20958085106382981,0.1276595744680851,47,24.29787234042553,31,56,NYPOSTauto
NYPOSTauto,2026-04-27,0.17470238095238097,0.09523809523809523,42,25.404761904761905,28,57,NYPOSTauto
NYPOSTauto,2026-04-28,0.3408,0.2826086956521739,46,26.434782608695652,34,58,NYPOSTauto
NYPOSTauto,2026-04-29,0.18887083333333332,0.125,48,26.916666666666668,33,59,NYPOSTauto
NYPOSTauto,2026-04-30,0.09182909090909092,0.01818181818181818,55,26.21818181818182,34,60,NYPOSTauto
NYPOSTauto,2026-05-01,0.15501489361702128,0.0425531914893617,47,25.27659574468085,31,61,NYPOSTauto
NYPOSTauto,2026-05-02,0.19194210526315789,0.07894736842105263,38,26.894736842105264,30,62,NYPOSTauto
NYPOSTauto,2026-05-03,0.1800232142857143,0.125,56,25.160714285714285,33,63,NYPOSTauto
NYPOSTauto,2026-05-04,0.15390454545454546,0.022727272727272728,44,23.75,32,64,NYPOSTauto
NYPOSTauto,2026-05-05,0.1547255319148936,0.06382978723404255,47,33.40425531914894,33,65,NYPOSTauto
NYPOSTauto,2026-05-06,0.17382682926829268,0.024390243902439025,41,31.024390243902438,32,66,NYPOSTauto
NYPOSTauto,2026-05-07,0.2992925925925926,0.2037037037037037,54,25.796296296296298,33,67,NYPOSTauto
NYPOSTauto,2026-05-08,0.16516666666666668,0.09523809523809523,42,26.452380952380953,30,68,NYPOSTauto
NYPOSTauto,2026-05-09,0.15000232558139534,0.023255813953488372,43,25.325581395348838,30,69,NYPOSTauto
NYPOSTauto,2026-05-10,0.2613981818181818,0.16363636363636364,55,25.963636363636365,34,70,NYPOSTauto
NYPOSTauto,2026-05-11,0.20954772727272727,0.09090909090909091,44,21.75,32,71,NYPOSTauto
NYPOSTauto,2026-05-12,0.2057021276595745,0.1276595744680851,47,27.574468085106382,34,72,NYPOSTauto
NYPOSTauto,2026-05-13,0.1831265306122449,0.061224489795918366,49,25.102040816326532,31,73,NYPOSTauto
NYPOSTauto,2026-05-14,0.18130243902439025,0.14634146341463414,41,26.585365853658537,30,74,NYPOSTauto
NYPOSTauto,2026-05-15,0.1541423076923077,0.019230769230769232,52,27.48076923076923,34,75,NYPOSTauto
NYPOSTauto,2026-05-16,0.17719166666666666,0.0625,48,23.0,27,76,NYPOSTauto
NYPOSTauto,2026-05-17,0.139324,0.04,25,31.24,19,77,NYPOSTauto
NYPOSTauto,2026-05-18,0.2103396551724138,0.1206896551724138,58,29.982758620689655,38,78,NYPOSTauto
NYPOSTauto,2026-05-19,0.2020979591836735,0.12244897959183673,49,30.857142857142858,34,79,NYPOSTauto
NYPOSTauto,2026-05-20,0.25727441860465117,0.16279069767441862,43,24.348837209302324,26,80,NYPOSTauto
NYPOSTauto,2026-05-21,0.14181162790697674,0.023255813953488372,43,29.441860465116278,31,81,NYPOSTauto
NYPOSTauto,2026-05-22,0.18691282051282052,0.07692307692307693,39,27.384615384615383,30,82,NYPOSTauto
NYPOSTauto,2026-05-23,0.20476923076923076,0.11538461538461539,52,21.826923076923077,37,83,NYPOSTauto
NYPOSTauto,2026-05-24,0.21416792452830188,0.1320754716981132,53,28.169811320754718,39,84,NYPOSTauto
NYPOSTauto,2026-05-25,0.22388648648648646,0.13513513513513514,37,25.513513513513512,24,85,NYPOSTauto
NYPOSTauto,2026-05-26,0.1942679245283019,0.09433962264150944,53,26.11320754716981,39,86,NYPOSTauto
NYPOSTauto,2026-05-27,0.2393846153846154,0.1282051282051282,39,29.153846153846153,30,87,NYPOSTauto
NYPOSTauto,2026-05-28,0.17611627906976746,0.06976744186046512,43,22.53488372093023,27,88,NYPOSTauto
NYPOSTauto,2026-05-29,0.20085576923076923,0.11538461538461539,52,20.942307692307693,39,89,NYPOSTauto
NYPOSTauto,2026-05-30,0.16420727272727273,0.07272727272727272,55,24.01818181818182,38,90,NYPOSTauto
NYPOSTauto,2026-05-31,0.22097674418604651,0.11627906976744186,43,24.930232558139537,33,91,NYPOSTauto
NYPOSTauto,2026-06-01,0.26597735849056603,0.16981132075471697,53,31.79245283018868,31,92,NYPOSTauto
NYPOSTauto,2026-06-02,0.3053,0.20754716981132076,53,24.67924528301887,41,93,NYPOSTauto
NYPOSTauto,2026-06-03,0.18272909090909092,0.07272727272727272,55,28.363636363636363,38,94,NYPOSTauto
NYPOSTauto,2026-06-04,0.16057142857142856,0.09523809523809523,42,27.38095238095238,30,95,NYPOSTauto
NYPOSTauto,2026-06-05,0.10161,0.025,40,26.625,27,96,NYPOSTauto
NYPOSTauto,2026-06-06,0.11135,0.04,50,26.94,33,97,NYPOSTauto
NYPOSTauto,2026-06-07,0.1839767441860465,0.06976744186046512,43,23.697674418604652,31,98,NYPOSTauto
NYPOSTauto,2026-06-08,0.22679591836734692,0.12244897959183673,49,22.367346938775512,37,99,NYPOSTauto
NYPOSTauto,2026-06-09,0.27791818181818184,0.20454545454545456,44,26.0,31,100,NYPOSTauto
NYPOSTauto,2026-06-10,0.1366,0.075,40,29.6,34,101,NYPOSTauto
NYPOSTauto,2026-06-11,0.15770652173913044,0.06521739130434782,46,26.5,33,102,NYPOSTauto
NYPOSTauto,2026-06-12,0.2552,0.21666666666666667,60,27.75,41,103,NYPOSTauto
NYPOSTauto,2026-06-13,0.10445609756097561,0.024390243902439025,41,24.195121951219512,30,104,NYPOSTauto
NYPOSTauto,2026-06-14,0.24924444444444444,0.14814814814814814,54,22.77777777777778,39,105,NYPOSTauto
NYPOSTauto,2026-06-15,0.2938475,0.175,40,25.625,29,106,NYPOSTauto
NYPOSTauto,2026-06-16,0.28060754716981134,0.18867924528301888,53,29.09433962264151,35,107,NYPOSTauto
NYPOSTauto,2026-06-17,0.1883921568627451,0.09803921568627451,51,22.058823529411764,35,108,NYPOSTauto
NYPOSTauto,2026-06-18,0.2551824561403509,0.17543859649122806,57,27.19298245614035,35,109,NYPOSTauto
NYPOSTauto,2026-06-19,0.2441075,0.175,40,26.325,27,110,NYPOSTauto
NYPOSTauto,2026-06-20,0.1550086956521739,0.06521739130434782,46,20.67391304347826,32,111,NYPOSTauto
NYPOSTauto,2026-06-21,0.15333095238095237,0.09523809523809523,42,26.0,31,112,NYPOSTauto
NYPOSTauto,2026-06-22,0.23098400000000002,0.12,50,27.08,32,113,NYPOSTauto
NYPOSTauto,2026-06-23,0.21416000000000002,0.11428571428571428,35,32.885714285714286,24,114,NYPOSTauto
NYPOSTauto,2026-06-24,0.11336,0.044444444444444446,45,29.244444444444444,30,115,NYPOSTauto
NYPOSTauto,2026-06-25,0.14094406779661017,0.1016949152542373,59,29.52542372881356,35,116,NYPOSTauto
NYPOSTauto,2026-06-26,0.1271235294117647,0.0392156862745098,51,29.764705882352942,31,117,NYPOSTauto
NYPOSTauto,2026-06-27,0.16123076923076923,0.07692307692307693,39,24.435897435897434,27,118,NYPOSTauto
NYPOSTauto,2026-06-28,0.22289629629629631,0.12962962962962962,54,26.85185185185185,35,119,NYPOSTauto
Raytheon,2026-03-01,0.40123,0.3,20,33.3,18,0,Raytheon
Raytheon,2026-03-02,0.25943684210526313,0.15789473684210525,19,27.894736842105264,14,1,Raytheon
Raytheon,2026-03-03,0.42653684210526316,0.3684210526315789,19,26.894736842105264,18,2,Raytheon
Raytheon,2026-03-04,0.35859444444444444,0.2222222222222222,18,33.833333333333336,14,3,Raytheon
Raytheon,2026-03-05,0.3943035714285714,0.32142857142857145,28,26.892857142857142,20,4,Raytheon
Raytheon,2026-03-06,0.221435,0.1,20,27.0,18,5,Raytheon
Raytheon,2026-03-07,0.37459166666666666,0.2916666666666667,24,20.125,18,6,Raytheon
Raytheon,2026-03-08,0.18255,0.11538461538461539,26,31.76923076923077,18,7,Raytheon
Raytheon,2026-03-09,0.3002037037037037,0.25925925925925924,27,22.14814814814815,23,8,Raytheon
Raytheon,2026-03-10,0.36606956521739126,0.30434782608695654,23,27.869565217391305,18,9,Raytheon
Raytheon,2026-03-11,0.27178571428571424,0.17857142857142858,28,24.071428571428573,19,10,Raytheon
Raytheon,2026-03-12,0.4495,0.375,16,20.9375,12,11,Raytheon
Raytheon,2026-03-13,0.3453466666666667,0.3,30,30.966666666666665,21,12,Raytheon
Raytheon,2026-03-14,0.39782592592592597,0.3333333333333333,27,30.14814814814815,24,13,Raytheon
Raytheon,2026-03-15,0.4237388888888889,0.3888888888888889,18,29.166666666666668,15,14,Raytheon
Raytheon,2026-03-16,0.26858846153846155,0.23076923076923078,26,27.76923076923077,20,15,Raytheon
Raytheon,2026-03-17,0.3271176470588235,0.23529411764705882,17,26.823529411764707,16,16,Raytheon
Raytheon,2026-03-18,0.44245625,0.3125,16,25.75,15,17,Raytheon
Raytheon,2026-03-19,0.16522307692307692,0.07692307692307693,13,20.923076923076923,13,18,Raytheon
Raytheon,2026-03-20,0.2875,0.19047619047619047,21,26.666666666666668,18,19,Raytheon
Raytheon,2026-03-21,0.19717600000000002,0.16,25,26.16,21,20,Raytheon
Raytheon,2026-03-22,0.2273391304347826,0.13043478260869565,23,26.82608695652174,19,21,Raytheon
Raytheon,2026-03-23,0.22952272727272727,0.13636363636363635,22,25.772727272727273,19,22,Raytheon
Raytheon,2026-03-24,0.5100185185185185,0.4444444444444444,27,34.44444444444444,23,23,Raytheon
Raytheon,2026-03-25,0.32254074074074074,0.25925925925925924,27,33.44444444444444,20,24,Raytheon
Raytheon,2026-03-26,0.3271454545454546,0.2727272727272727,22,32.5,19,25,Raytheon
Raytheon,2026-03-27,0.37710344827586206,0.3103448275862069,29,23.586206896551722,23,26,Raytheon
Raytheon,2026-03-28,0.3675695652173913,0.2608695652173913,23,28.82608695652174,22,27,Raytheon
Raytheon,2026-03-29,0.40230769230769237,0.38461538461538464,26,30.73076923076923,17,28,Raytheon
Raytheon,2026-03-30,0.37045,0.32142857142857145,28,29.571428571428573,22,29,Raytheon
Raytheon,2026-03-31,0.2983342857142857,0.2571428571428571,35,30.742857142857144,24,30,Raytheon
Raytheon,2026-04-01,0.4423958333333333,0.4166666666666667,24,29.416666666666668,19,31,Raytheon
Raytheon,2026-04-02,0.2715166666666667,0.20833333333333334,24,24.208333333333332,19,32,Raytheon
Raytheon,2026-04-03,0.4198318181818182,0.36363636363636365,22,34.31818181818182,18,33,Raytheon
Raytheon,2026-04-04,0.2608421052631579,0.15789473684210525,19,30.157894736842106,19,34,Raytheon
Raytheon,2026-04-05,0.3931294117647059,0.35294117647058826,17,25.0,14,35,Raytheon
Raytheon,2026-04-06,0.26815,0.15384615384615385,26,29.807692307692307,23,36,Raytheon
Raytheon,2026-04-07,0.42485,0.2916666666666667,24,24.375,16,37,Raytheon
Raytheon,2026-04-08,0.48297,0.4,20,31.15,15,38,Raytheon
Raytheon,2026-04-09,0.5287,0.47368421052631576,19,30.894736842105264,14,39,Raytheon
Raytheon,2026-04-10,0.31009545454545456,0.18181818181818182,22,23.59090909090909,20,40,Raytheon
Raytheon,2026-04-11,0.38694999999999996,0.375,24,28.416666666666668,17,41,Raytheon
Raytheon,2026-04-12,0.453968,0.4,25,27.08,19,42,Raytheon
Raytheon,2026-04-13,0.4135761904761905,0.3333333333333333,21,22.666666666666668,18,43,Raytheon
Raytheon,2026-04-14,0.4357666666666667,0.4,15,25.266666666666666,15,44,Raytheon
Raytheon,2026-04-15,0.4608272727272727,0.4090909090909091,22,25.954545454545453,19,45,Raytheon
Raytheon,2026-04-16,0.38305833333333333,0.3333333333333333,36,26.833333333333332,29,46,Raytheon
Raytheon,2026-04-17,0.3824,0.3225806451612903,31,28.419354838709676,27,47,Raytheon
Raytheon,2026-04-18,0.34658333333333335,0.3333333333333333,18,25.27777777777778,17,48,Raytheon
Raytheon,2026-04-19,0.22619999999999998,0.10526315789473684,19,18.36842105263158,15,49,Raytheon
Raytheon,2026-04-20,0.4173578947368421,0.3684210526315789,19,22.57894736842105,15,50,Raytheon
Raytheon,2026-04-21,0.32558076923076923,0.23076923076923078,26,26.846153846153847,21,51,Raytheon
Raytheon,2026-04-22,0.2549230769230769,0.23076923076923078,13,25.692307692307693,13,52,Raytheon
Raytheon,2026-04-23,0.38183333333333336,0.3333333333333333,18,24.61111111111111,16,53,Raytheon
Raytheon,2026-04-24,0.27881578947368424,0.15789473684210525,19,20.0,17,54,Raytheon
Raytheon,2026-04-25,0.30521,0.23333333333333334,30,24.6,20,55,Raytheon
Raytheon,2026-04-26,0.363953125,0.3125,32,26.03125,24,56,Raytheon
Raytheon,2026-04-27,0.2582894736842105,0.15789473684210525,19,30.789473684210527,16,57,Raytheon
Raytheon,2026-04-28,0.41439444444444445,0.2777777777777778,18,30.333333333333332,16,58,Raytheon
Raytheon,2026-04-29,0.4306666666666667,0.4074074074074074,27,28.555555555555557,23,59,Raytheon
Raytheon,2026-04-30,0.43132000000000004,0.4,15,21.6,11,60,Raytheon
Raytheon,2026-05-01,0.4227458333333333,0.375,24,33.5,23,61,Raytheon
Raytheon,2026-05-02,0.3209555555555556,0.18518518518518517,27,23.77777777777778,22,62,Raytheon
Raytheon,2026-05-03,0.28752592592592596,0.2222222222222222,27,31.37037037037037,19,63,Raytheon
Raytheon,2026-05-04,0.19441199999999997,0.16,25,34.8,24,64,Raytheon
Raytheon,2026-05-05,0.35677777777777775,0.2777777777777778,18,21.61111111111111,15,65,Raytheon
Raytheon,2026-05-06,0.49916086956521744,0.43478260869565216,23,27.782608695652176,19,66,Raytheon
Raytheon,2026-05-07,0.2558615384615385,0.23076923076923078,26,28.46153846153846,24,67,Raytheon
Raytheon,2026-05-08,0.365,0.3181818181818182,22,14.681818181818182,21,68,Raytheon
Raytheon,2026-05-09,0.327553125,0.28125,32,22.625,25,69,Raytheon
Raytheon,2026-05-10,0.3416090909090909,0.2727272727272727,22,26.636363636363637,20,70,Raytheon
Raytheon,2026-05-11,0.4536454545454545,0.45454545454545453,22,23.59090909090909,20,71,Raytheon
Raytheon,2026-05-12,0.33792692307692307,0.2692307692307692,26,26.76923076923077,23,72,Raytheon
Raytheon,2026-05-13,0.5496947368421052,0.5263157894736842,19,29.36842105263158,17,73,Raytheon
Raytheon,2026-05-14,0.3370366666666667,0.26666666666666666,30,22.566666666666666,26,74,Raytheon
Raytheon,2026-05-15,0.39519444444444446,0.3333333333333333,18,33.166666666666664,16,75,Raytheon
Raytheon,2026-05-16,0.34932857142857143,0.25,28,26.821428571428573,24,76,Raytheon
Raytheon,2026-05-17,0.27678125,0.25,16,25.125,16,77,Raytheon
Raytheon,2026-05-18,0.38351428571428575,0.35714285714285715,28,30.178571428571427,25,78,Raytheon
Raytheon,2026-05-19,0.32803333333333334,0.23809523809523808,21,32.0,17,79,Raytheon
Raytheon,2026-05-20,0.34642903225806454,0.3225806451612903,31,28.258064516129032,26,80,Raytheon
Raytheon,2026-05-21,0.3084454545454545,0.3181818181818182,22,23.772727272727273,21,81,Raytheon
Raytheon,2026-05-22,0.30129047619047616,0.2857142857142857,21,26.428571428571427,20,82,Raytheon
Raytheon,2026-05-23,0.294312,0.24,25,26.96,24,83,Raytheon
Raytheon,2026-05-24,0.3634208333333333,0.3333333333333333,24,23.791666666666668,21,84,Raytheon
Raytheon,2026-05-25,0.4889807692307692,0.4230769230769231,26,20.384615384615383,22,85,Raytheon
Raytheon,2026-05-26,0.28461428571428576,0.14285714285714285,21,26.047619047619047,21,86,Raytheon
Raytheon,2026-05-27,0.45849999999999996,0.42857142857142855,14,28.428571428571427,12,87,Raytheon
Raytheon,2026-05-28,0.380672,0.36,25,28.56,23,88,Raytheon
Raytheon,2026-05-29,0.37221666666666664,0.3333333333333333,24,30.875,22,89,Raytheon
Raytheon,2026-05-30,0.30903448275862067,0.27586206896551724,29,25.620689655172413,24,90,Raytheon
Raytheon,2026-05-31,0.33806923076923073,0.23076923076923078,26,23.96153846153846,22,91,Raytheon
Raytheon,2026-06-01,0.5154071428571428,0.5,28,20.428571428571427,24,92,Raytheon
Raytheon,2026-06-02,0.3771185185185185,0.37037037037037035,27,19.25925925925926,22,93,Raytheon
Raytheon,2026-06-03,0.5861571428571428,0.5357142857142857,28,27.857142857142858,26,94,Raytheon
Raytheon,2026-06-04,0.39129166666666665,0.375,24,30.625,23,95,Raytheon
Raytheon,2026-06-05,0.28261176470588234,0.23529411764705882,17,29.176470588235293,16,96,Raytheon
Raytheon,2026-06-06,0.3559555555555555,0.2962962962962963,27,32.22222222222222,25,97,Raytheon
Raytheon,2026-06-07,0.39016818181818186,0.3181818181818182,22,22.545454545454547,20,98,Raytheon
Raytheon,2026-06-08,0.4904842105263158,0.42105263157894735,19,26.0,16,99,Raytheon
Raytheon,2026-06-09,0.2688055555555555,0.2777777777777778,18,25.944444444444443,14,100,Raytheon
Raytheon,2026-06-10,0.4865166666666667,0.3888888888888889,18,28.833333333333332,16,101,Raytheon
Raytheon,2026-06-11,0.3975714285714286,0.39285714285714285,28,25.785714285714285,23,102,Raytheon
Raytheon,2026-06-12,0.6761733333333333,0.6,15,31.133333333333333,15,103,Raytheon
Raytheon,2026-06-13,0.399968,0.32,25,29.24,22,104,Raytheon
Raytheon,2026-06-14,0.4309222222222222,0.3333333333333333,18,26.0,17,105,Raytheon
Raytheon,2026-06-15,0.54865625,0.5,16,37.0625,14,106,Raytheon
Raytheon,2026-06-16,0.5873360000000001,0.6,25,19.6,22,107,Raytheon
Raytheon,2026-06-17,0.554588,0.52,25,28.04,23,108,Raytheon
Raytheon,2026-06-18,0.5045571428571429,0.47619047619047616,21,27.333333333333332,21,109,Raytheon
Raytheon,2026-06-19,0.5524173913043477,0.6086956521739131,23,27.652173913043477,23,110,Raytheon
Raytheon,2026-06-20,0.5109833333333333,0.5,18,22.555555555555557,18,111,Raytheon
Raytheon,2026-06-21,0.7045956521739131,0.6956521739130435,23,18.52173913043478,22,112,Raytheon
Raytheon,2026-06-22,0.6860107142857144,0.6785714285714286,28,29.892857142857142,24,113,Raytheon
Raytheon,2026-06-23,0.5485444444444444,0.5,18,24.166666666666668,18,114,Raytheon
Raytheon,2026-06-24,0.62718125,0.6875,16,25.0625,16,115,Raytheon
Raytheon,2026-06-25,0.572044,0.56,25,22.0,24,116,Raytheon
Raytheon,2026-06-26,0.460362962962963,0.4074074074074074,27,21.185185185185187,27,117,Raytheon
Raytheon,2026-06-27,0.5680045454545455,0.5454545454545454,22,24.40909090909091,20,118,Raytheon
Raytheon,2026-06-28,0.6380153846153847,0.6153846153846154,26,29.807692307692307,24,119,Raytheon
RedditSample,2026-03-01,0.30364912280701756,0.2631578947368421,57,23.614035087719298,38,0,RedditSample
RedditSample,2026-03-02,0.20632999999999999,0.125,40,20.65,28,1,RedditSample
RedditSample,2026-03-03,0.245858,0.16,50,31.12,36,2,RedditSample
RedditSample,2026-03-04,0.12378392857142857,0.03571428571428571,56,24.178571428571427,37,3,RedditSample
RedditSample,2026-03-05,0.2953378787878788,0.18181818181818182,66,30.348484848484848,43,4,RedditSample
RedditSample,2026-03-06,0.23449830508474576,0.1694915254237288,59,27.1864406779661,32,5,RedditSample
RedditSample,2026-03-07,0.21751818181818183,0.13636363636363635,44,28.318181818181817,31,6,RedditSample
RedditSample,2026-03-08,0.2736078431372549,0.19607843137254902,51,21.901960784313726,31,7,RedditSample
RedditSample,2026-03-09,0.23714117647058824,0.1568627450980392,51,26.58823529411765,38,8,RedditSample
RedditSample,2026-03-10,0.25854038461538464,0.17307692307692307,52,22.846153846153847,34,9,RedditSample
RedditSample,2026-03-11,0.23058636363636362,0.13636363636363635,44,32.18181818181818,28,10,RedditSample
RedditSample,2026-03-12,0.22935576923076925,0.17307692307692307,52,31.134615384615383,37,11,RedditSample
RedditSample,2026-03-13,0.28620625,0.22916666666666666,48,28.3125,34,12,RedditSample
RedditSample,2026-03-14,0.23306153846153846,0.15384615384615385,52,26.51923076923077,33,13,RedditSample
RedditSample,2026-03-15,0.2079735849056604,0.09433962264150944,53,26.92452830188679,38,14,RedditSample
RedditSample,2026-03-16,0.2974489795918367,0.22448979591836735,49,30.102040816326532,34,15,RedditSample
RedditSample,2026-03-17,0.14746666666666666,0.058823529411764705,51,27.901960784313726,36,16,RedditSample
RedditSample,2026-03-18,0.20653387096774192,0.12903225806451613,62,30.64516129032258,40,17,RedditSample
RedditSample,2026-03-19,0.1579943396226415,0.05660377358490566,53,30.18867924528302,37,18,RedditSample
RedditSample,2026-03-20,0.22669285714285717,0.14285714285714285,42,24.857142857142858,32,19,RedditSample
RedditSample,2026-03-21,0.25201851851851853,0.2037037037037037,54,23.25925925925926,36,20,RedditSample
RedditSample,2026-03-22,0.17586136363636362,0.06818181818181818,44,23.363636363636363,35,21,RedditSample
RedditSample,2026-03-23,0.2853217391304348,0.1956521739130435,46,24.956521739130434,29,22,RedditSample
RedditSample,2026-03-24,0.2447671641791045,0.13432835820895522,67,28.16417910447761,38,23,RedditSample
RedditSample,2026-03-25,0.18621600000000002,0.12,50,24.5,37,24,RedditSample
RedditSample,2026-03-26,0.24181372549019606,0.17647058823529413,51,23.901960784313726,32,25,RedditSample
RedditSample,2026-03-27,0.28515999999999997,0.2,50,24.82,32,26,RedditSample
RedditSample,2026-03-28,0.14481351351351351,0.05405405405405406,37,27.35135135135135,28,27,RedditSample
RedditSample,2026-03-29,0.33738043478260865,0.2826086956521739,46,32.52173913043478,34,28,RedditSample
RedditSample,2026-03-30,0.2034,0.11363636363636363,44,24.204545454545453,29,29,RedditSample
RedditSample,2026-03-31,0.3592081632653061,0.30612244897959184,49,24.714285714285715,30,30,RedditSample
RedditSample,2026-04-01,0.21964000000000003,0.12,50,29.08,30,31,RedditSample
RedditSample,2026-04-02,0.15716557377049178,0.09836065573770492,61,26.16393442622951,39,32,RedditSample
RedditSample,2026-04-03,0.24506166666666665,0.15,60,27.633333333333333,34,33,RedditSample
RedditSample,2026-04-04,0.2203468085106383,0.1276595744680851,47,25.319148936170212,31,34,RedditSample
RedditSample,2026-04-05,0.24449622641509433,0.1320754716981132,53,24.32075471698113,36,35,RedditSample
RedditSample,2026-04-06,0.3489478260869565,0.2826086956521739,46,27.282608695652176,36,36,RedditSample
RedditSample,2026-04-07,0.28243559322033895,0.2033898305084746,59,23.508474576271187,32,37,RedditSample
RedditSample,2026-04-08,0.2181886363636364,0.13636363636363635,44,26.568181818181817,33,38,RedditSample
RedditSample,2026-04-09,0.2534771428571429,0.17142857142857143,35,22.685714285714287,24,39,RedditSample
RedditSample,2026-04-10,0.20765208333333332,0.125,48,26.104166666666668,27,40,RedditSample
RedditSample,2026-04-11,0.23520188679245282,0.1320754716981132,53,25.754716981132077,40,41,RedditSample
RedditSample,2026-04-12,0.371442,0.28,50,27.62,33,42,RedditSample
RedditSample,2026-04-13,0.22742888888888887,0.15555555555555556,45,21.933333333333334,32,43,RedditSample
RedditSample,2026-04-14,0.29706607142857144,0.23214285714285715,56,29.946428571428573,34,44,RedditSample
RedditSample,2026-04-15,0.17788571428571429,0.11904761904761904,42,28.357142857142858,29,45,RedditSample
RedditSample,2026-04-16,0.13242800000000002,0.04,50,24.5,30,46,RedditSample
RedditSample,2026-04-17,0.21233673469387757,0.1836734693877551,49,30.857142857142858,27,47,RedditSample
RedditSample,2026-04-18,0.20911025641025643,0.15384615384615385,39,22.564102564102566,27,48,RedditSample
RedditSample,2026-04-19,0.21027037037037036,0.16666666666666666,54,32.46296296296296,36,49,RedditSample
RedditSample,2026-04-20,0.25073898305084746,0.13559322033898305,59,28.559322033898304,38,50,RedditSample
RedditSample,2026-04-21,0.2467926829268293,0.17073170731707318,41,25.317073170731707,29,51,RedditSample
RedditSample,2026-04-22,0.252471875,0.171875,64,28.375,41,52,RedditSample
RedditSample,2026-04-23,0.23669302325581396,0.16279069767441862,43,28.232558139534884,31,53,RedditSample
RedditSample,2026-04-24,0.21936458333333334,0.08333333333333333,48,26.145833333333332,31,54,RedditSample
RedditSample,2026-04-25,0.22454444444444444,0.13333333333333333,45,24.377777777777776,30,55,RedditSample
RedditSample,2026-04-26,0.20079333333333332,0.11666666666666667,60,26.9,35,56,RedditSample
RedditSample,2026-04-27,0.2789740740740741,0.18518518518518517,54,22.14814814814815,38,57,RedditSample
RedditSample,2026-04-28,0.23251607142857142,0.17857142857142858,56,25.196428571428573,30,58,RedditSample
RedditSample,2026-04-29,0.24165357142857144,0.14285714285714285,56,27.428571428571427,31,59,RedditSample
RedditSample,2026-04-30,0.2392825,0.175,40,30.625,28,60,RedditSample
RedditSample,2026-05-01,0.25728253968253967,0.2222222222222222,63,24.46031746031746,37,61,RedditSample
RedditSample,2026-05-02,0.19455151515151517,0.13636363636363635,66,25.484848484848484,38,62,RedditSample
RedditSample,2026-05-03,0.13994651162790697,0.046511627906976744,43,22.976744186046513,30,63,RedditSample
RedditSample,2026-05-04,0.330044262295082,0.2459016393442623,61,26.049180327868854,38,64,RedditSample
RedditSample,2026-05-05,0.23154603174603175,0.14285714285714285,63,25.58730158730159,37,65,RedditSample
RedditSample,2026-05-06,0.2778729166666667,0.20833333333333334,48,28.5625,36,66,RedditSample
RedditSample,2026-05-07,0.2726938461538462,0.2,65,27.861538461538462,37,67,RedditSample
RedditSample,2026-05-08,0.23712380952380951,0.16666666666666666,42,21.88095238095238,32,68,RedditSample
RedditSample,2026-05-09,0.1464125,0.03571428571428571,56,22.857142857142858,36,69,RedditSample
RedditSample,2026-05-10,0.2592492537313433,0.16417910447761194,67,27.432835820895523,48,70,RedditSample
RedditSample,2026-05-11,0.21115434782608697,0.17391304347826086,46,29.065217391304348,36,71,RedditSample
RedditSample,2026-05-12,0.24973921568627452,0.13725490196078433,51,26.254901960784313,31,72,RedditSample
RedditSample,2026-05-13,0.318190243902439,0.1951219512195122,41,25.341463414634145,33,73,RedditSample
RedditSample,2026-05-14,0.15514406779661016,0.0847457627118644,59,20.152542372881356,38,74,RedditSample
RedditSample,2026-05-15,0.15281724137931035,0.05172413793103448,58,28.879310344827587,35,75,RedditSample
RedditSample,2026-05-16,0.23754883720930234,0.16279069767441862,43,29.41860465116279,32,76,RedditSample
RedditSample,2026-05-17,0.19094912280701754,0.12280701754385964,57,27.087719298245613,38,77,RedditSample
RedditSample,2026-05-18,0.1975593220338983,0.11864406779661017,59,26.033898305084747,36,78,RedditSample
RedditSample,2026-05-19,0.3166191489361702,0.23404255319148937,47,27.23404255319149,36,79,RedditSample
RedditSample,2026-05-20,0.23289655172413792,0.1206896551724138,58,25.017241379310345,40,80,RedditSample
RedditSample,2026-05-21,0.3183754716981132,0.22641509433962265,53,24.71698113207547,36,81,RedditSample
RedditSample,2026-05-22,0.22848000000000002,0.14285714285714285,35,33.542857142857144,30,82,RedditSample
RedditSample,2026-05-23,0.21520555555555557,0.14814814814814814,54,27.833333333333332,35,83,RedditSample
RedditSample,2026-05-24,0.22671739130434784,0.10869565217391304,46,24.804347826086957,36,84,RedditSample
RedditSample,2026-05-25,0.17694098360655738,0.13114754098360656,61,30.19672131147541,36,85,RedditSample
RedditSample,2026-05-26,0.29809807692307694,0.21153846153846154,52,24.192307692307693,36,86,RedditSample
RedditSample,2026-05-27,0.23246222222222224,0.13333333333333333,45,27.622222222222224,29,87,RedditSample
RedditSample,2026-05-28,0.22926363636363636,0.12727272727272726,55,22.636363636363637,38,88,RedditSample
RedditSample,2026-05-29,0.3900315789473684,0.3157894736842105,57,26.45614035087719,40,89,RedditSample
RedditSample,2026-05-30,0.24312264150943397,0.1509433962264151,53,29.452830188679247,34,90,RedditSample
RedditSample,2026-05-31,0.25477021276595746,0.1702127659574468,47,24.19148936170213,37,91,RedditSample
RedditSample,2026-06-01,0.2576984375,0.1875,64,30.296875,38,92,RedditSample
RedditSample,2026-06-02,0.24352264150943398,0.18867924528301888,53,26.339622641509433,35,93,RedditSample
RedditSample,2026-06-03,0.270811320754717,0.16981132075471697,53,22.67924528301887,39,94,RedditSample
RedditSample,2026-06-04,0.21467391304347827,0.13043478260869565,46,27.91304347826087,33,95,RedditSample
RedditSample,2026-06-05,0.20769722222222223,0.1111111111111111,36,25.88888888888889,24,96,RedditSample
RedditSample,2026-06-06,0.19137017543859647,0.12280701754385964,57,28.473684210526315,41,97,RedditSample
RedditSample,2026-06-07,0.19541428571428573,0.07142857142857142,56,28.589285714285715,32,98,RedditSample
RedditSample,2026-06-08,0.29403653846153843,0.21153846153846154,52,31.923076923076923,35,99,RedditSample
RedditSample,2026-06-09,0.2583684210526316,0.14035087719298245,57,26.105263157894736,36,100,RedditSample
RedditSample,2026-06-10,0.15676136363636364,0.06818181818181818,44,30.272727272727273,29,101,RedditSample
RedditSample,2026-06-11,0.1935923076923077,0.07692307692307693,52,25.423076923076923,32,102,RedditSample
RedditSample,2026-06-12,0.2655886363636364,0.20454545454545456,44,31.75,27,103,RedditSample
RedditSample,2026-06-13,0.16479215686274512,0.0784313725490196,51,30.333333333333332,40,104,RedditSample
RedditSample,2026-06-14,0.2832936170212766,0.23404255319148937,47,22.06382978723404,32,105,RedditSample
RedditSample,2026-06-15,0.21051063829787234,0.14893617021276595,47,29.914893617021278,33,106,RedditSample
RedditSample,2026-06-16,0.18195,0.09375,64,23.1875,37,107,RedditSample
RedditSample,2026-06-17,0.2873173913043478,0.21739130434782608,46,26.97826086956522,32,108,RedditSample
RedditSample,2026-06-18,0.28156363636363635,0.23636363636363636,55,27.8,34,109,RedditSample
RedditSample,2026-06-19,0.1662423076923077,0.038461538461538464,52,28.21153846153846,34,110,RedditSample
RedditSample,2026-06-20,0.2309,0.13043478260869565,46,23.108695652173914,32,111,RedditSample
RedditSample,2026-06-21,0.28895344827586206,0.20689655172413793,58,27.413793103448278,33,112,RedditSample
RedditSample,2026-06-22,0.19674901960784313,0.11764705882352941,51,29.392156862745097,35,113,RedditSample
RedditSample,2026-06-23,0.23951509433962265,0.1509433962264151,53,26.150943396226417,33,114,RedditSample
RedditSample,2026-06-24,0.3283633333333333,0.25,60,29.716666666666665,40,115,RedditSample
RedditSample,2026-06-25,0.19762000000000002,0.13333333333333333,60,25.783333333333335,39,116,RedditSample
RedditSample,2026-06-26,0.25933,0.18,50,22.16,30,117,RedditSample
RedditSample,2026-06-27,0.17676226415094337,0.07547169811320754,53,26.641509433962263,37,118,RedditSample
RedditSample,2026-06-28,0.30199750000000003,0.2,40,26.45,29,119,RedditSample
SCMPauto,2026-03-01,0.5170428571428571,0.42857142857142855,21,28.0,19,0,SCMPauto
SCMPauto,2026-03-02,0.2495875,0.1875,16,22.5,13,1,SCMPauto
SCMPauto,2026-03-03,0.5436761904761904,0.47619047619047616,21,27.761904761904763,18,2,SCMPauto
SCMPauto,2026-03-04,0.64085,0.5714285714285714,14,25.0,12,3,SCMPauto
SCMPauto,2026-03-05,0.476628,0.44,25,26.44,23,4,SCMPauto
SCMPauto,2026-03-06,0.4249318181818182,0.36363636363636365,22,30.772727272727273,18,5,SCMPauto
SCMPauto,2026-03-07,0.491015,0.45,20,26.3,17,6,SCMPauto
SCMPauto,2026-03-08,0.3960066666666667,0.3333333333333333,15,25.8,14,7,SCMPauto
SCMPauto,2026-03-09,0.4298176470588235,0.35294117647058826,17,18.470588235294116,15,8,SCMPauto
SCMPauto,2026-03-10,0.5261071428571429,0.5,14,21.142857142857142,13,9,SCMPauto
SCMPauto,2026-03-11,0.461436,0.44,25,23.12,23,10,SCMPauto
SCMPauto,2026-03-12,0.5136700000000001,0.5,20,26.65,17,11,SCMPauto
SCMPauto,2026-03-13,0.5033714285714286,0.47619047619047616,21,23.285714285714285,17,12,SCMPauto
SCMPauto,2026-03-14,0.5033782608695653,0.4782608695652174,23,32.91304347826087,18,13,SCMPauto
SCMPauto,2026-03-15,0.46328,0.4666666666666667,15,27.666666666666668,15,14,SCMPauto
SCMPauto,2026-03-16,0.57088,0.55,20,36.2,18,15,SCMPauto
SCMPauto,2026-03-17,0.5329615384615385,0.46153846153846156,13,26.076923076923077,13,16,SCMPauto
SCMPauto,2026-03-18,0.3138157894736842,0.21052631578947367,19,23.31578947368421,17,17,SCMPauto
SCMPauto,2026-03-19,0.6007142857142858,0.5714285714285714,21,27.666666666666668,18,18,SCMPauto
SCMPauto,2026-03-20,0.26608,0.2,10,17.4,10,19,SCMPauto
SCMPauto,2026-03-21,0.5460904761904762,0.5238095238095238,21,28.095238095238095,20,20,SCMPauto
SCMPauto,2026-03-22,0.37456249999999996,0.3333333333333333,24,28.166666666666668,22,21,SCMPauto
SCMPauto,2026-03-23,0.47512272727272725,0.4090909090909091,22,24.318181818181817,20,22,SCMPauto
SCMPauto,2026-03-24,0.29035555555555553,0.2222222222222222,18,28.5,16,23,SCMPauto
SCMPauto,2026-03-25,0.5115684210526316,0.5263157894736842,19,21.789473684210527,18,24,SCMPauto
SCMPauto,2026-03-26,0.37922500000000003,0.4,20,23.2,18,25,SCMPauto
SCMPauto,2026-03-27,0.244525,0.1875,16,17.25,16,26,SCMPauto
SCMPauto,2026-03-28,0.65966875,0.625,16,27.3125,15,27,SCMPauto
SCMPauto,2026-03-29,0.45039523809523807,0.42857142857142855,21,34.95238095238095,17,28,SCMPauto
SCMPauto,2026-03-30,0.59035,0.5555555555555556,18,22.833333333333332,18,29,SCMPauto
SCMPauto,2026-03-31,0.6627545454545455,0.5909090909090909,22,28.954545454545453,21,30,SCMPauto
SCMPauto,2026-04-01,0.40465625,0.375,16,22.125,15,31,SCMPauto
SCMPauto,2026-04-02,0.46427599999999997,0.48,25,36.72,24,32,SCMPauto
SCMPauto,2026-04-03,0.38682857142857147,0.35714285714285715,14,33.42857142857143,13,33,SCMPauto
SCMPauto,2026-04-04,0.3341,0.2857142857142857,21,33.523809523809526,17,34,SCMPauto
SCMPauto,2026-04-05,0.4798823529411764,0.47058823529411764,17,30.88235294117647,16,35,SCMPauto
SCMPauto,2026-04-06,0.5035700000000001,0.5,20,21.4,19,36,SCMPauto
SCMPauto,2026-04-07,0.45681666666666665,0.4166666666666667,24,27.083333333333332,22,37,SCMPauto
SCMPauto,2026-04-08,0.6520454545454546,0.6363636363636364,22,32.04545454545455,20,38,SCMPauto
SCMPauto,2026-04-09,0.5006555555555556,0.5,18,26.72222222222222,16,39,SCMPauto
SCMPauto,2026-04-10,0.4445764705882353,0.4117647058823529,17,35.8235294117647,15,40,SCMPauto
SCMPauto,2026-04-11,0.4846045454545455,0.45454545454545453,22,27.363636363636363,19,41,SCMPauto
SCMPauto,2026-04-12,0.465085,0.45,20,29.65,17,42,SCMPauto
SCMPauto,2026-04-13,0.15064666666666668,0.06666666666666667,15,28.266666666666666,14,43,SCMPauto
SCMPauto,2026-04-14,0.5140368421052631,0.47368421052631576,19,33.26315789473684,17,44,SCMPauto
SCMPauto,2026-04-15,0.3517,0.3,20,25.3,20,45,SCMPauto
SCMPauto,2026-04-16,0.5378647058823529,0.5294117647058824,17,28.41176470588235,16,46,SCMPauto
SCMPauto,2026-04-17,0.45884,0.45714285714285713,35,25.257142857142856,32,47,SCMPauto
SCMPauto,2026-04-18,0.6707809523809525,0.6666666666666666,21,27.666666666666668,18,48,SCMPauto
SCMPauto,2026-04-19,0.5163782608695652,0.4782608695652174,23,28.304347826086957,18,49,SCMPauto
SCMPauto,2026-04-20,0.66843125,0.6875,16,29.5,14,50,SCMPauto
SCMPauto,2026-04-21,0.5299459459459459,0.5135135135135135,37,26.243243243243242,29,51,SCMPauto
SCMPauto,2026-04-22,0.40201333333333333,0.3333333333333333,30,26.766666666666666,24,52,SCMPauto
SCMPauto,2026-04-23,0.57466875,0.5625,16,19.5625,16,53,SCMPauto
SCMPauto,2026-04-24,0.6444857142857143,0.6190476190476191,21,18.142857142857142,21,54,SCMPauto
SCMPauto,2026-04-25,0.3515,0.2777777777777778,18,21.166666666666668,16,55,SCMPauto
SCMPauto,2026-04-26,0.36870555555555556,0.2777777777777778,18,30.555555555555557,18,56,SCMPauto
SCMPauto,2026-04-27,0.4290277777777778,0.3333333333333333,18,31.666666666666668,17,57,SCMPauto
SCMPauto,2026-04-28,0.5391653846153847,0.5,26,29.807692307692307,24,58,SCMPauto
SCMPauto,2026-04-29,0.7122526315789474,0.6842105263157895,19,25.05263157894737,18,59,SCMPauto
SCMPauto,2026-04-30,0.4318947368421052,0.3684210526315789,19,21.526315789473685,17,60,SCMPauto
SCMPauto,2026-05-01,0.5939608695652173,0.6086956521739131,23,26.304347826086957,23,61,SCMPauto
SCMPauto,2026-05-02,0.6441466666666666,0.6666666666666666,15,27.866666666666667,12,62,SCMPauto
SCMPauto,2026-05-03,0.650875,0.6875,16,25.5,15,63,SCMPauto
SCMPauto,2026-05-04,0.33260869565217394,0.2608695652173913,23,24.130434782608695,23,64,SCMPauto
SCMPauto,2026-05-05,0.4709105263157895,0.42105263157894735,19,28.05263157894737,17,65,SCMPauto
SCMPauto,2026-05-06,0.514,0.5,20,26.65,18,66,SCMPauto
SCMPauto,2026-05-07,0.44737692307692306,0.38461538461538464,13,25.153846153846153,13,67,SCMPauto
SCMPauto,2026-05-08,0.31125600000000003,0.28,25,20.56,22,68,SCMPauto
SCMPauto,2026-05-09,0.4941478260869565,0.4782608695652174,23,24.956521739130434,20,69,SCMPauto
SCMPauto,2026-05-10,0.4051722222222222,0.3333333333333333,18,34.77777777777778,14,70,SCMPauto
SCMPauto,2026-05-11,0.46106,0.44,25,19.44,21,71,SCMPauto
SCMPauto,2026-05-12,0.5201473684210526,0.47368421052631576,19,23.473684210526315,17,72,SCMPauto
SCMPauto,2026-05-13,0.3811695652173913,0.34782608695652173,23,26.652173913043477,18,73,SCMPauto
SCMPauto,2026-05-14,0.4216545454545455,0.36363636363636365,11,26.727272727272727,10,74,SCMPauto
SCMPauto,2026-05-15,0.5819066666666667,0.5333333333333333,15,25.666666666666668,15,75,SCMPauto
SCMPauto,2026-05-16,0.4095421052631579,0.3684210526315789,19,32.78947368421053,19,76,SCMPauto
SCMPauto,2026-05-17,0.5089181818181818,0.4090909090909091,22,22.363636363636363,20,77,SCMPauto
SCMPauto,2026-05-18,0.550335,0.5,20,18.6,18,78,SCMPauto
SCMPauto,2026-05-19,0.5164896551724139,0.5172413793103449,29,19.896551724137932,24,79,SCMPauto
SCMPauto,2026-05-20,0.5507962962962963,0.5185185185185185,27,27.48148148148148,21,80,SCMPauto
SCMPauto,2026-05-21,0.5258357142857143,0.5357142857142857,28,25.285714285714285,27,81,SCMPauto
SCMPauto,2026-05-22,0.36794444444444446,0.3333333333333333,18,22.5,16,82,SCMPauto
SCMPauto,2026-05-23,0.4894625,0.4375,16,24.375,16,83,SCMPauto
SCMPauto,2026-05-24,0.42851176470588237,0.4117647058823529,17,27.823529411764707,15,84,SCMPauto
SCMPauto,2026-05-25,0.5373666666666668,0.5,18,21.77777777777778,18,85,SCMPauto
SCMPauto,2026-05-26,0.355215,0.35,20,20.75,17,86,SCMPauto
SCMPauto,2026-05-27,0.2837684210526316,0.21052631578947367,19,25.94736842105263,18,87,SCMPauto
SCMPauto,2026-05-28,0.42394,0.4,20,26.55,16,88,SCMPauto
SCMPauto,2026-05-29,0.3730111111111111,0.2222222222222222,27,30.62962962962963,21,89,SCMPauto
SCMPauto,2026-05-30,0.48753846153846153,0.46153846153846156,13,18.53846153846154,12,90,SCMPauto
SCMPauto,2026-05-31,0.524721052631579,0.5263157894736842,19,29.36842105263158,19,91,SCMPauto
SCMPauto,2026-06-01,0.359315,0.3,20,28.1,16,92,SCMPauto
SCMPauto,2026-06-02,0.7592625,0.75,16,27.375,14,93,SCMPauto
SCMPauto,2026-06-03,0.42375238095238094,0.3333333333333333,21,31.285714285714285,19,94,SCMPauto
SCMPauto,2026-06-04,0.4227388888888889,0.3888888888888889,18,28.555555555555557,18,95,SCMPauto
SCMPauto,2026-06-05,0.5240294117647059,0.47058823529411764,17,27.705882352941178,16,96,SCMPauto
SCMPauto,2026-06-06,0.3986384615384615,0.38461538461538464,26,31.26923076923077,21,97,SCMPauto
SCMPauto,2026-06-07,0.4815769230769231,0.46153846153846156,26,22.96153846153846,21,98,SCMPauto
SCMPauto,2026-06-08,0.46379000000000004,0.35,20,29.1,19,99,SCMPauto
SCMPauto,2026-06-09,0.4114111111111111,0.3888888888888889,18,24.833333333333332,15,100,SCMPauto
SCMPauto,2026-06-10,0.4747882352941177,0.4117647058823529,17,21.11764705882353,15,101,SCMPauto
SCMPauto,2026-06-11,0.389425,0.375,16,29.3125,15,102,SCMPauto
SCMPauto,2026-06-12,0.17982272727272727,0.13636363636363635,22,28.136363636363637,19,103,SCMPauto
SCMPauto,2026-06-13,0.36398947368421053,0.3157894736842105,19,28.894736842105264,18,104,SCMPauto
SCMPauto,2026-06-14,0.34862272727272725,0.3181818181818182,22,26.454545454545453,20,105,SCMPauto
SCMPauto,2026-06-15,0.5305565217391305,0.4782608695652174,23,22.82608695652174,22,106,SCMPauto
SCMPauto,2026-06-16,0.4988333333333333,0.4583333333333333,24,28.291666666666668,21,107,SCMPauto
SCMPauto,2026-06-17,0.3522571428571429,0.2857142857142857,21,17.714285714285715,20,108,SCMPauto
SCMPauto,2026-06-18,0.6851285714285714,0.7142857142857143,21,23.523809523809526,17,109,SCMPauto
SCMPauto,2026-06-19,0.3920388888888889,0.2777777777777778,18,35.333333333333336,17,110,SCMPauto
SCMPauto,2026-06-20,0.49886842105263157,0.42105263157894735,19,28.105263157894736,19,111,SCMPauto
SCMPauto,2026-06-21,0.43349333333333334,0.4,15,28.0,14,112,SCMPauto
SCMPauto,2026-06-22,0.4874727272727272,0.45454545454545453,22,21.772727272727273,17,113,SCMPauto
SCMPauto,2026-06-23,0.5515333333333333,0.5333333333333333,30,27.3,25,114,SCMPauto
SCMPauto,2026-06-24,0.3880619047619048,0.2857142857142857,21,22.38095238095238,20,115,SCMPauto
SCMPauto,2026-06-25,0.4041173913043479,0.391304347826087,23,20.304347826086957,20,116,SCMPauto
SCMPauto,2026-06-26,0.3876655172413793,0.3103448275862069,29,30.551724137931036,24,117,SCMPauto
SCMPauto,2026-06-27,0.3680259259259259,0.2962962962962963,27,28.88888888888889,25,118,SCMPauto
SCMPauto,2026-06-28,0.5770277777777778,0.5555555555555556,18,34.166666666666664,17,119,SCMPauto
SDauto,2026-03-01,0.2181483870967742,0.12903225806451613,31,25.967741935483872,24,0,SDauto
SDauto,2026-03-02,0.182175,0.1,40,21.35,26,1,SDauto
SDauto,2026-03-03,0.16469629629629629,0.1111111111111111,27,25.037037037037038,21,2,SDauto
SDauto,2026-03-04,0.2856185185185185,0.18518518518518517,27,26.25925925925926,20,3,SDauto
SDauto,2026-03-05,0.25297142857142857,0.14285714285714285,35,27.82857142857143,27,4,SDauto
SDauto,2026-03-06,0.35888148148148147,0.25925925925925924,27,26.14814814814815,24,5,SDauto
SDauto,2026-03-07,0.2708777777777778,0.18518518518518517,27,31.666666666666668,21,6,SDauto
SDauto,2026-03-08,0.2788566666666667,0.2,30,28.333333333333332,25,7,SDauto
SDauto,2026-03-09,0.24397741935483871,0.1935483870967742,31,23.774193548387096,24,8,SDauto
SDauto,2026-03-10,0.32909696969696967,0.2727272727272727,33,24.21212121212121,23,9,SDauto
SDauto,2026-03-11,0.23603333333333332,0.1388888888888889,36,21.77777777777778,28,10,SDauto
SDauto,2026-03-12,0.2665391304347826,0.21739130434782608,23,29.043478260869566,16,11,SDauto
SDauto,2026-03-13,0.30271290322580646,0.22580645161290322,31,29.193548387096776,22,12,SDauto
SDauto,2026-03-14,0.3119,0.17857142857142858,28,27.428571428571427,22,13,SDauto
SDauto,2026-03-15,0.20913548387096775,0.12903225806451613,31,30.516129032258064,23,14,SDauto
SDauto,2026-03-16,0.26977826086956525,0.17391304347826086,23,22.47826086956522,18,15,SDauto
SDauto,2026-03-17,0.3020333333333333,0.20833333333333334,24,32.208333333333336,21,16,SDauto
SDauto,2026-03-18,0.28358,0.2,35,27.085714285714285,30,17,SDauto
SDauto,2026-03-19,0.21434722222222222,0.1388888888888889,36,22.694444444444443,28,18,SDauto
SDauto,2026-03-20,0.24129722222222222,0.1388888888888889,36,29.97222222222222,29,19,SDauto
SDauto,2026-03-21,0.21200000000000002,0.05,20,26.5,16,20,SDauto
SDauto,2026-03-22,0.377876,0.28,25,31.28,20,21,SDauto
SDauto,2026-03-23,0.214,0.13333333333333333,30,30.833333333333332,27,22,SDauto
SDauto,2026-03-24,0.282740625,0.25,32,22.0,20,23,SDauto
SDauto,2026-03-25,0.24445151515151517,0.15151515151515152,33,30.848484848484848,28,24,SDauto
SDauto,2026-03-26,0.2347948717948718,0.15384615384615385,39,26.384615384615383,30,25,SDauto
SDauto,2026-03-27,0.2723434782608695,0.13043478260869565,23,24.043478260869566,21,26,SDauto
SDauto,2026-03-28,0.27397352941176467,0.20588235294117646,34,23.794117647058822,32,27,SDauto
SDauto,2026-03-29,0.23444761904761904,0.14285714285714285,21,28.285714285714285,20,28,SDauto
SDauto,2026-03-30,0.26501515151515154,0.18181818181818182,33,29.696969696969695,31,29,SDauto
SDauto,2026-03-31,0.387064,0.36,25,30.56,21,30,SDauto
SDauto,2026-04-01,0.291975,0.25,28,21.928571428571427,23,31,SDauto
SDauto,2026-04-02,0.23975555555555556,0.14814814814814814,27,30.296296296296298,22,32,SDauto
SDauto,2026-04-03,0.3660805555555556,0.3055555555555556,36,29.02777777777778,29,33,SDauto
SDauto,2026-04-04,0.13723529411764707,0.08823529411764706,34,26.058823529411764,30,34,SDauto
SDauto,2026-04-05,0.2144125,0.16666666666666666,24,21.708333333333332,24,35,SDauto
SDauto,2026-04-06,0.275968,0.24,25,27.16,23,36,SDauto
SDauto,2026-04-07,0.37391142857142856,0.2857142857142857,35,25.2,25,37,SDauto
SDauto,2026-04-08,0.34969629629629634,0.3333333333333333,27,26.333333333333332,21,38,SDauto
SDauto,2026-04-09,0.3537148148148148,0.2962962962962963,27,25.703703703703702,25,39,SDauto
SDauto,2026-04-10,0.23645277777777776,0.16666666666666666,36,27.444444444444443,29,40,SDauto
SDauto,2026-04-11,0.3899071428571429,0.32142857142857145,28,28.607142857142858,25,41,SDauto
SDauto,2026-04-12,0.172284,0.08,25,26.0,22,42,SDauto
SDauto,2026-04-13,0.25751999999999997,0.2,25,29.0,22,43,SDauto
SDauto,2026-04-14,0.3372225806451613,0.22580645161290322,31,28.387096774193548,19,44,SDauto
SDauto,2026-04-15,0.23615957446808508,0.14893617021276595,47,28.851063829787233,38,45,SDauto
SDauto,2026-04-16,0.262646875,0.1875,32,29.46875,27,46,SDauto
SDauto,2026-04-17,0.2599464285714286,0.14285714285714285,28,33.142857142857146,23,47,SDauto
SDauto,2026-04-18,0.28766153846153847,0.19230769230769232,26,26.884615384615383,24,48,SDauto
SDauto,2026-04-19,0.27745526315789476,0.23684210526315788,38,27.94736842105263,35,49,SDauto
SDauto,2026-04-20,0.2552846153846154,0.19230769230769232,26,29.423076923076923,22,50,SDauto
SDauto,2026-04-21,0.37179259259259256,0.2962962962962963,27,30.962962962962962,21,51,SDauto
SDauto,2026-04-22,0.5050653846153846,0.38461538461538464,26,29.192307692307693,22,52,SDauto
SDauto,2026-04-23,0.13543103448275862,0.034482758620689655,29,27.03448275862069,24,53,SDauto
SDauto,2026-04-24,0.2699730769230769,0.19230769230769232,26,32.5,22,54,SDauto
SDauto,2026-04-25,0.2691344827586207,0.13793103448275862,29,28.103448275862068,27,55,SDauto
SDauto,2026-04-26,0.2278047619047619,0.09523809523809523,21,32.095238095238095,18,56,SDauto
SDauto,2026-04-27,0.3254722222222222,0.25,36,25.166666666666668,26,57,SDauto
SDauto,2026-04-28,0.28407586206896557,0.20689655172413793,29,21.96551724137931,29,58,SDauto
SDauto,2026-04-29,0.19685882352941175,0.14705882352941177,34,23.441176470588236,27,59,SDauto
SDauto,2026-04-30,0.37336363636363634,0.30303030303030304,33,24.060606060606062,28,60,SDauto
SDauto,2026-05-01,0.21019473684210527,0.15789473684210525,38,23.5,35,61,SDauto
SDauto,2026-05-02,0.17478275862068965,0.10344827586206896,29,26.724137931034484,24,62,SDauto
SDauto,2026-05-03,0.3761363636363636,0.3333333333333333,33,23.12121212121212,26,63,SDauto
SDauto,2026-05-04,0.23309230769230768,0.15384615384615385,26,28.192307692307693,22,64,SDauto
SDauto,2026-05-05,0.286648,0.28,25,25.92,22,65,SDauto
SDauto,2026-05-06,0.41176315789473683,0.3684210526315789,19,34.31578947368421,17,66,SDauto
SDauto,2026-05-07,0.2793787878787879,0.18181818181818182,33,24.272727272727273,29,67,SDauto
SDauto,2026-05-08,0.2623447368421053,0.21052631578947367,38,23.13157894736842,32,68,SDauto
SDauto,2026-05-09,0.22348214285714288,0.14285714285714285,28,28.464285714285715,27,69,SDauto
SDauto,2026-05-10,0.30280833333333335,0.25,24,27.833333333333332,21,70,SDauto
SDauto,2026-05-11,0.23150645161290323,0.1935483870967742,31,24.580645161290324,28,71,SDauto
SDauto,2026-05-12,0.3242297297297297,0.24324324324324326,37,27.35135135135135,32,72,SDauto
SDauto,2026-05-13,0.3644133333333333,0.3333333333333333,30,29.2,28,73,SDauto
SDauto,2026-05-14,0.3115181818181818,0.18181818181818182,33,28.272727272727273,30,74,SDauto
SDauto,2026-05-15,0.22278076923076923,0.11538461538461539,26,26.307692307692307,25,75,SDauto
SDauto,2026-05-16,0.21371764705882354,0.058823529411764705,34,26.147058823529413,31,76,SDauto
SDauto,2026-05-17,0.3020634146341464,0.24390243902439024,41,28.853658536585368,35,77,SDauto
SDauto,2026-05-18,0.3109,0.2,35,25.942857142857143,30,78,SDauto
SDauto,2026-05-19,0.35212727272727273,0.2727272727272727,22,27.545454545454547,20,79,SDauto
SDauto,2026-05-20,0.23070000000000002,0.16666666666666666,30,27.766666666666666,26,80,SDauto
SDauto,2026-05-21,0.3118625,0.25,32,29.8125,29,81,SDauto
SDauto,2026-05-22,0.3095102564102564,0.2564102564102564,39,30.615384615384617,37,82,SDauto
SDauto,2026-05-23,0.2557,0.125,24,28.958333333333332,23,83,SDauto
SDauto,2026-05-24,0.4662425,0.425,40,27.725,31,84,SDauto
SDauto,2026-05-25,0.228846875,0.125,32,24.78125,29,85,SDauto
SDauto,2026-05-26,0.30524615384615383,0.2564102564102564,39,30.76923076923077,36,86,SDauto
SDauto,2026-05-27,0.3988703703703704,0.3333333333333333,27,28.85185185185185,23,87,SDauto
SDauto,2026-05-28,0.30295263157894736,0.21052631578947367,38,29.42105263157895,34,88,SDauto
SDauto,2026-05-29,0.3355416666666666,0.2777777777777778,36,25.25,29,89,SDauto
SDauto,2026-05-30,0.36036,0.28,25,26.6,24,90,SDauto
SDauto,2026-05-31,0.30316129032258066,0.1935483870967742,31,21.741935483870968,28,91,SDauto
SDauto,2026-06-01,0.2979225806451613,0.1935483870967742,31,26.258064516129032,26,92,SDauto
SDauto,2026-06-02,0.2776676470588235,0.20588235294117646,34,27.08823529411765,30,93,SDauto
SDauto,2026-06-03,0.2707652173913043,0.21739130434782608,23,29.217391304347824,21,94,SDauto
SDauto,2026-06-04,0.3327375,0.3125,32,31.1875,28,95,SDauto
SDauto,2026-06-05,0.4253513513513513,0.35135135135135137,37,29.594594594594593,31,96,SDauto
SDauto,2026-06-06,0.4025235294117647,0.35294117647058826,34,24.08823529411765,27,97,SDauto
SDauto,2026-06-07,0.39068947368421053,0.2894736842105263,38,26.842105263157894,35,98,SDauto
SDauto,2026-06-08,0.4832541666666667,0.4583333333333333,24,29.333333333333332,23,99,SDauto
SDauto,2026-06-09,0.48760000000000003,0.45161290322580644,31,20.258064516129032,27,100,SDauto
SDauto,2026-06-10,0.38040416666666665,0.2916666666666667,24,20.333333333333332,21,101,SDauto
SDauto,2026-06-11,0.4445722222222222,0.4166666666666667,36,25.61111111111111,34,102,SDauto
SDauto,2026-06-12,0.2536555555555556,0.16666666666666666,36,27.88888888888889,30,103,SDauto
SDauto,2026-06-13,0.303590625,0.25,32,31.03125,29,104,SDauto
SDauto,2026-06-14,0.428834375,0.4375,32,22.59375,31,105,SDauto
SDauto,2026-06-15,0.38745999999999997,0.37142857142857144,35,28.571428571428573,31,106,SDauto
SDauto,2026-06-16,0.44244799999999995,0.36,25,27.72,23,107,SDauto
SDauto,2026-06-17,0.40841666666666665,0.4166666666666667,24,27.75,23,108,SDauto
SDauto,2026-06-18,0.327575,0.3125,32,24.625,30,109,SDauto
SDauto,2026-06-19,0.3377178571428572,0.2857142857142857,28,26.928571428571427,25,110,SDauto
SDauto,2026-06-20,0.46954054054054056,0.43243243243243246,37,25.405405405405407,35,111,SDauto
SDauto,2026-06-21,0.4219545454545454,0.36363636363636365,22,26.272727272727273,21,112,SDauto
SDauto,2026-06-22,0.5923866666666666,0.5333333333333333,30,28.866666666666667,28,113,SDauto
SDauto,2026-06-23,0.36888518518518515,0.2962962962962963,27,23.11111111111111,24,114,SDauto
SDauto,2026-06-24,0.41302500000000003,0.34375,32,30.0,31,115,SDauto
SDauto,2026-06-25,0.6065684210526316,0.5789473684210527,38,24.18421052631579,35,116,SDauto
SDauto,2026-06-26,0.4278282051282052,0.38461538461538464,39,24.871794871794872,35,117,SDauto
SDauto,2026-06-27,0.4427655172413793,0.41379310344827586,29,24.448275862068964,28,118,SDauto
SDauto,2026-06-28,0.432275,0.375,32,27.0625,29,119,SDauto
SLTRIBauto,2026-03-01,0.45959999999999995,0.35555555555555557,45,27.133333333333333,32,0,SLTRIBauto
SLTRIBauto,2026-03-02,0.2814488888888889,0.24444444444444444,45,27.977777777777778,32,1,SLTRIBauto
SLTRIBauto,2026-03-03,0.29972558139534883,0.27906976744186046,43,28.302325581395348,31,2,SLTRIBauto
SLTRIBauto,2026-03-04,0.30040909090909096,0.21212121212121213,33,24.12121212121212,25,3,SLTRIBauto
SLTRIBauto,2026-03-05,0.4032431818181818,0.3409090909090909,44,28.454545454545453,30,4,SLTRIBauto
SLTRIBauto,2026-03-06,0.188509375,0.09375,32,28.09375,27,5,SLTRIBauto
SLTRIBauto,2026-03-07,0.45759032258064514,0.41935483870967744,31,31.258064516129032,23,6,SLTRIBauto
SLTRIBauto,2026-03-08,0.41381282051282053,0.3333333333333333,39,33.12820512820513,27,7,SLTRIBauto
SLTRIBauto,2026-03-09,0.46168974358974363,0.41025641025641024,39,28.46153846153846,27,8,SLTRIBauto
SLTRIBauto,2026-03-10,0.2800892857142857,0.21428571428571427,28,26.964285714285715,21,9,SLTRIBauto
SLTRIBauto,2026-03-11,0.40535625000000003,0.28125,32,31.78125,26,10,SLTRIBauto
SLTRIBauto,2026-03-12,0.3264962962962963,0.25925925925925924,27,24.77777777777778,22,11,SLTRIBauto
SLTRIBauto,2026-03-13,0.34182727272727276,0.24242424242424243,33,32.93939393939394,25,12,SLTRIBauto
SLTRIBauto,2026-03-14,0.22993529411764707,0.14705882352941177,34,31.558823529411764,28,13,SLTRIBauto
SLTRIBauto,2026-03-15,0.3000615384615385,0.23076923076923078,26,23.26923076923077,20,14,SLTRIBauto
SLTRIBauto,2026-03-16,0.38818048780487807,0.34146341463414637,41,26.5609756097561,29,15,SLTRIBauto
SLTRIBauto,2026-03-17,0.45430731707317074,0.4146341463414634,41,24.878048780487806,31,16,SLTRIBauto
SLTRIBauto,2026-03-18,0.32045714285714283,0.2571428571428571,35,25.82857142857143,26,17,SLTRIBauto
SLTRIBauto,2026-03-19,0.25760555555555553,0.19444444444444445,36,30.694444444444443,27,18,SLTRIBauto
SLTRIBauto,2026-03-20,0.4161066666666666,0.37777777777777777,45,28.488888888888887,29,19,SLTRIBauto
SLTRIBauto,2026-03-21,0.24014615384615384,0.15384615384615385,39,26.05128205128205,27,20,SLTRIBauto
SLTRIBauto,2026-03-22,0.27684857142857144,0.22857142857142856,35,30.571428571428573,29,21,SLTRIBauto
SLTRIBauto,2026-03-23,0.37020625,0.3125,32,28.3125,21,22,SLTRIBauto
SLTRIBauto,2026-03-24,0.41872439024390246,0.34146341463414637,41,24.073170731707318,32,23,SLTRIBauto
SLTRIBauto,2026-03-25,0.30741515151515153,0.24242424242424243,33,27.09090909090909,25,24,SLTRIBauto
SLTRIBauto,2026-03-26,0.3727765957446808,0.2765957446808511,47,27.19148936170213,36,25,SLTRIBauto
SLTRIBauto,2026-03-27,0.3978227272727273,0.3409090909090909,44,27.431818181818183,30,26,SLTRIBauto
SLTRIBauto,2026-03-28,0.2982628571428571,0.2571428571428571,35,27.34285714285714,28,27,SLTRIBauto
SLTRIBauto,2026-03-29,0.41404499999999994,0.375,40,21.425,28,28,SLTRIBauto
SLTRIBauto,2026-03-30,0.32651111111111114,0.2777777777777778,36,30.27777777777778,29,29,SLTRIBauto
SLTRIBauto,2026-03-31,0.40285666666666664,0.26666666666666666,30,29.3,21,30,SLTRIBauto
SLTRIBauto,2026-04-01,0.30820333333333333,0.23333333333333334,30,26.9,26,31,SLTRIBauto
SLTRIBauto,2026-04-02,0.3849526315789474,0.3684210526315789,38,26.842105263157894,28,32,SLTRIBauto
SLTRIBauto,2026-04-03,0.203503125,0.15625,32,31.5625,26,33,SLTRIBauto
SLTRIBauto,2026-04-04,0.35623611111111114,0.25,36,27.444444444444443,24,34,SLTRIBauto
SLTRIBauto,2026-04-05,0.3217589743589744,0.28205128205128205,39,27.17948717948718,28,35,SLTRIBauto
SLTRIBauto,2026-04-06,0.42743076923076917,0.358974358974359,39,26.871794871794872,32,36,SLTRIBauto
SLTRIBauto,2026-04-07,0.39338235294117646,0.3235294117647059,34,26.235294117647058,24,37,SLTRIBauto
SLTRIBauto,2026-04-08,0.39805,0.34375,32,28.90625,27,38,SLTRIBauto
SLTRIBauto,2026-04-09,0.33915882352941173,0.23529411764705882,34,28.11764705882353,24,39,SLTRIBauto
SLTRIBauto,2026-04-10,0.35050454545454546,0.2727272727272727,44,28.477272727272727,31,40,SLTRIBauto
SLTRIBauto,2026-04-11,0.39979444444444445,0.3611111111111111,36,25.0,27,41,SLTRIBauto
SLTRIBauto,2026-04-12,0.2988272727272727,0.22727272727272727,44,27.09090909090909,31,42,SLTRIBauto
SLTRIBauto,2026-04-13,0.3803314285714286,0.3142857142857143,35,27.6,24,43,SLTRIBauto
SLTRIBauto,2026-04-14,0.3270311111111111,0.2222222222222222,45,26.133333333333333,29,44,SLTRIBauto
SLTRIBauto,2026-04-15,0.3293891304347826,0.30434782608695654,46,30.347826086956523,33,45,SLTRIBauto
SLTRIBauto,2026-04-16,0.3962477272727272,0.36363636363636365,44,26.136363636363637,33,46,SLTRIBauto
SLTRIBauto,2026-04-17,0.3875525,0.325,40,23.25,27,47,SLTRIBauto
SLTRIBauto,2026-04-18,0.3361485714285714,0.2571428571428571,35,28.514285714285716,24,48,SLTRIBauto
SLTRIBauto,2026-04-19,0.41663636363636364,0.3333333333333333,33,27.484848484848484,22,49,SLTRIBauto
SLTRIBauto,2026-04-20,0.4678931818181818,0.4090909090909091,44,24.34090909090909,27,50,SLTRIBauto
SLTRIBauto,2026-04-21,0.398025,0.375,48,26.375,32,51,SLTRIBauto
SLTRIBauto,2026-04-22,0.4604205128205128,0.38461538461538464,39,26.205128205128204,30,52,SLTRIBauto
SLTRIBauto,2026-04-23,0.3829421052631579,0.3157894736842105,38,27.68421052631579,24,53,SLTRIBauto
SLTRIBauto,2026-04-24,0.41997804878048783,0.36585365853658536,41,26.414634146341463,31,54,SLTRIBauto
SLTRIBauto,2026-04-25,0.39482894736842106,0.3684210526315789,38,23.026315789473685,31,55,SLTRIBauto
SLTRIBauto,2026-04-26,0.445053125,0.4375,32,24.5625,25,56,SLTRIBauto
SLTRIBauto,2026-04-27,0.33358235294117644,0.23529411764705882,51,27.705882352941178,35,57,SLTRIBauto
SLTRIBauto,2026-04-28,0.35031351351351353,0.2972972972972973,37,27.62162162162162,27,58,SLTRIBauto
SLTRIBauto,2026-04-29,0.35615517241379313,0.3448275862068966,29,27.17241379310345,24,59,SLTRIBauto
SLTRIBauto,2026-04-30,0.31095172413793104,0.2413793103448276,29,31.655172413793103,25,60,SLTRIBauto
SLTRIBauto,2026-05-01,0.33540000000000003,0.28125,32,35.59375,25,61,SLTRIBauto
SLTRIBauto,2026-05-02,0.398228125,0.3125,32,24.40625,25,62,SLTRIBauto
SLTRIBauto,2026-05-03,0.4378365853658537,0.43902439024390244,41,28.146341463414632,24,63,SLTRIBauto
SLTRIBauto,2026-05-04,0.350251724137931,0.27586206896551724,29,31.96551724137931,20,64,SLTRIBauto
SLTRIBauto,2026-05-05,0.44705,0.4,30,32.4,21,65,SLTRIBauto
SLTRIBauto,2026-05-06,0.38742432432432433,0.32432432432432434,37,27.0,28,66,SLTRIBauto
SLTRIBauto,2026-05-07,0.3116684210526316,0.2894736842105263,38,25.5,27,67,SLTRIBauto
SLTRIBauto,2026-05-08,0.4172666666666667,0.375,48,24.333333333333332,31,68,SLTRIBauto
SLTRIBauto,2026-05-09,0.3390061224489796,0.2857142857142857,49,28.20408163265306,35,69,SLTRIBauto
SLTRIBauto,2026-05-10,0.442971875,0.34375,32,24.3125,27,70,SLTRIBauto
SLTRIBauto,2026-05-11,0.48533513513513515,0.43243243243243246,37,29.756756756756758,28,71,SLTRIBauto
SLTRIBauto,2026-05-12,0.44394545454545453,0.4318181818181818,44,27.5,32,72,SLTRIBauto
SLTRIBauto,2026-05-13,0.35781333333333337,0.3333333333333333,30,25.866666666666667,25,73,SLTRIBauto
SLTRIBauto,2026-05-14,0.33015384615384613,0.28205128205128205,39,31.794871794871796,30,74,SLTRIBauto
SLTRIBauto,2026-05-15,0.29778048780487804,0.24390243902439024,41,25.853658536585368,28,75,SLTRIBauto
SLTRIBauto,2026-05-16,0.2841325,0.225,40,23.35,35,76,SLTRIBauto
SLTRIBauto,2026-05-17,0.32580333333333333,0.2,30,32.96666666666667,25,77,SLTRIBauto
SLTRIBauto,2026-05-18,0.41520833333333335,0.3888888888888889,36,22.083333333333332,25,78,SLTRIBauto
SLTRIBauto,2026-05-19,0.3318185185185185,0.2962962962962963,27,30.22222222222222,19,79,SLTRIBauto
SLTRIBauto,2026-05-20,0.3305476190476191,0.2619047619047619,42,29.428571428571427,31,80,SLTRIBauto
SLTRIBauto,2026-05-21,0.49225,0.4375,32,31.71875,24,81,SLTRIBauto
SLTRIBauto,2026-05-22,0.32473125,0.28125,32,22.71875,25,82,SLTRIBauto
SLTRIBauto,2026-05-23,0.3500162162162162,0.32432432432432434,37,25.27027027027027,26,83,SLTRIBauto
SLTRIBauto,2026-05-24,0.2796709677419355,0.22580645161290322,31,29.451612903225808,25,84,SLTRIBauto
SLTRIBauto,2026-05-25,0.359176,0.32,25,16.6,20,85,SLTRIBauto
SLTRIBauto,2026-05-26,0.26452894736842103,0.21052631578947367,38,19.18421052631579,25,86,SLTRIBauto
SLTRIBauto,2026-05-27,0.36621875,0.28125,32,27.15625,26,87,SLTRIBauto
SLTRIBauto,2026-05-28,0.38305909090909096,0.3181818181818182,44,24.704545454545453,30,88,SLTRIBauto
SLTRIBauto,2026-05-29,0.4421171428571429,0.34285714285714286,35,28.714285714285715,25,89,SLTRIBauto
SLTRIBauto,2026-05-30,0.4733085714285714,0.4,35,26.857142857142858,26,90,SLTRIBauto
SLTRIBauto,2026-05-31,0.33047272727272725,0.2727272727272727,33,23.515151515151516,23,91,SLTRIBauto
SLTRIBauto,2026-06-01,0.4104129032258064,0.3225806451612903,31,26.967741935483872,25,92,SLTRIBauto
SLTRIBauto,2026-06-02,0.475190243902439,0.4634146341463415,41,26.682926829268293,32,93,SLTRIBauto
SLTRIBauto,2026-06-03,0.47762888888888894,0.4222222222222222,45,32.888888888888886,28,94,SLTRIBauto
SLTRIBauto,2026-06-04,0.30467222222222223,0.2222222222222222,36,25.52777777777778,24,95,SLTRIBauto
SLTRIBauto,2026-06-05,0.26817631578947365,0.18421052631578946,38,33.3421052631579,30,96,SLTRIBauto
SLTRIBauto,2026-06-06,0.35663428571428574,0.3142857142857143,35,26.65714285714286,26,97,SLTRIBauto
SLTRIBauto,2026-06-07,0.3880342857142857,0.34285714285714286,35,20.82857142857143,23,98,SLTRIBauto
SLTRIBauto,2026-06-08,0.42952051282051285,0.358974358974359,39,24.743589743589745,26,99,SLTRIBauto
SLTRIBauto,2026-06-09,0.3781439024390244,0.3170731707317073,41,30.51219512195122,32,100,SLTRIBauto
SLTRIBauto,2026-06-10,0.38756969696969695,0.30303030303030304,33,23.575757575757574,24,101,SLTRIBauto
SLTRIBauto,2026-06-11,0.3849421052631579,0.3157894736842105,38,28.5,28,102,SLTRIBauto
SLTRIBauto,2026-06-12,0.3226,0.2222222222222222,36,24.666666666666668,27,103,SLTRIBauto
SLTRIBauto,2026-06-13,0.44643823529411764,0.38235294117647056,34,23.852941176470587,25,104,SLTRIBauto
SLTRIBauto,2026-06-14,0.38083793103448277,0.3448275862068966,29,25.310344827586206,26,105,SLTRIBauto
SLTRIBauto,2026-06-15,0.3075038461538461,0.2692307692307692,26,25.192307692307693,21,106,SLTRIBauto
SLTRIBauto,2026-06-16,0.4022953488372093,0.3023255813953488,43,28.58139534883721,29,107,SLTRIBauto
SLTRIBauto,2026-06-17,0.35219428571428574,0.2571428571428571,35,27.2,27,108,SLTRIBauto
SLTRIBauto,2026-06-18,0.28635714285714287,0.2,35,24.571428571428573,27,109,SLTRIBauto
SLTRIBauto,2026-06-19,0.40417931034482757,0.3103448275862069,29,22.689655172413794,23,110,SLTRIBauto
SLTRIBauto,2026-06-20,0.3789175,0.35,40,25.95,31,111,SLTRIBauto
SLTRIBauto,2026-06-21,0.3463612244897959,0.2653061224489796,49,28.408163265306122,31,112,SLTRIBauto
SLTRIBauto,2026-06-22,0.30086486486486486,0.1891891891891892,37,26.35135135135135,29,113,SLTRIBauto
SLTRIBauto,2026-06-23,0.45868918918918916,0.3783783783783784,37,26.16216216216216,25,114,SLTRIBauto
SLTRIBauto,2026-06-24,0.42761489361702126,0.3617021276595745,47,27.76595744680851,31,115,SLTRIBauto
SLTRIBauto,2026-06-25,0.34657333333333334,0.3111111111111111,45,23.377777777777776,34,116,SLTRIBauto
SLTRIBauto,2026-06-26,0.3547931818181818,0.25,44,30.727272727272727,26,117,SLTRIBauto
SLTRIBauto,2026-06-27,0.4127,0.34285714285714286,35,23.17142857142857,26,118,SLTRIBauto
SLTRIBauto,2026-06-28,0.4280466666666667,0.36666666666666664,30,28.3,23,119,SLTRIBauto
SMHauto,2026-03-01,0.4122294117647059,0.35294117647058826,34,22.08823529411765,29,0,SMHauto
SMHauto,2026-03-02,0.4146346153846154,0.3076923076923077,26,19.346153846153847,18,1,SMHauto
SMHauto,2026-03-03,0.5854125,0.5833333333333334,24,21.166666666666668,21,2,SMHauto
SMHauto,2026-03-04,0.43781,0.36666666666666664,30,27.9,21,3,SMHauto
SMHauto,2026-03-05,0.346604,0.36,25,26.08,19,4,SMHauto
SMHauto,2026-03-06,0.40404117647058824,0.38235294117647056,34,26.764705882352942,27,5,SMHauto
SMHauto,2026-03-07,0.41149285714285716,0.35714285714285715,28,24.75,20,6,SMHauto
SMHauto,2026-03-08,0.45327333333333336,0.4,30,26.366666666666667,22,7,SMHauto
SMHauto,2026-03-09,0.59640625,0.59375,32,22.25,19,8,SMHauto
SMHauto,2026-03-10,0.47816,0.5,30,28.7,22,9,SMHauto
SMHauto,2026-03-11,0.435174358974359,0.358974358974359,39,29.487179487179485,26,10,SMHauto
SMHauto,2026-03-12,0.5019516129032258,0.45161290322580644,31,30.548387096774192,23,11,SMHauto
SMHauto,2026-03-13,0.47190000000000004,0.4222222222222222,45,30.4,28,12,SMHauto
SMHauto,2026-03-14,0.38693333333333335,0.36666666666666664,30,25.4,23,13,SMHauto
SMHauto,2026-03-15,0.6138705882352942,0.5882352941176471,34,23.38235294117647,29,14,SMHauto
SMHauto,2026-03-16,0.5030344827586207,0.4827586206896552,29,28.79310344827586,21,15,SMHauto
SMHauto,2026-03-17,0.45740333333333333,0.43333333333333335,30,26.833333333333332,24,16,SMHauto
SMHauto,2026-03-18,0.36105238095238096,0.3333333333333333,21,28.571428571428573,16,17,SMHauto
SMHauto,2026-03-19,0.5784481481481482,0.5925925925925926,27,28.25925925925926,22,18,SMHauto
SMHauto,2026-03-20,0.4421685714285714,0.37142857142857144,35,26.771428571428572,22,19,SMHauto
SMHauto,2026-03-21,0.32709642857142857,0.2857142857142857,28,30.714285714285715,20,20,SMHauto
SMHauto,2026-03-22,0.6432451612903226,0.6451612903225806,31,24.483870967741936,24,21,SMHauto
SMHauto,2026-03-23,0.5232322580645162,0.5161290322580645,31,30.322580645161292,25,22,SMHauto
SMHauto,2026-03-24,0.5630838709677419,0.5483870967741935,31,28.838709677419356,23,23,SMHauto
SMHauto,2026-03-25,0.45331111111111105,0.4444444444444444,36,31.11111111111111,26,24,SMHauto
SMHauto,2026-03-26,0.3807625,0.35,40,28.725,22,25,SMHauto
SMHauto,2026-03-27,0.32566,0.22857142857142856,35,24.114285714285714,26,26,SMHauto
SMHauto,2026-03-28,0.39527,0.3333333333333333,30,28.2,19,27,SMHauto
SMHauto,2026-03-29,0.5271153846153847,0.5,26,29.653846153846153,21,28,SMHauto
SMHauto,2026-03-30,0.31376444444444446,0.24444444444444444,45,31.11111111111111,30,29,SMHauto
SMHauto,2026-03-31,0.42034814814814814,0.4074074074074074,27,22.814814814814813,26,30,SMHauto
SMHauto,2026-04-01,0.45570666666666665,0.4,15,28.8,14,31,SMHauto
SMHauto,2026-04-02,0.5290730769230769,0.46153846153846156,26,28.73076923076923,24,32,SMHauto
SMHauto,2026-04-03,0.4917388888888889,0.4444444444444444,18,32.888888888888886,17,33,SMHauto
SMHauto,2026-04-04,0.4535888888888889,0.4444444444444444,27,28.74074074074074,19,34,SMHauto
SMHauto,2026-04-05,0.40691818181818185,0.36363636363636365,33,30.0,21,35,SMHauto
SMHauto,2026-04-06,0.4016214285714286,0.35714285714285715,28,23.857142857142858,21,36,SMHauto
SMHauto,2026-04-07,0.5090157894736842,0.5263157894736842,38,23.92105263157895,26,37,SMHauto
SMHauto,2026-04-08,0.6276214285714286,0.6071428571428571,28,22.75,23,38,SMHauto
SMHauto,2026-04-09,0.44014838709677423,0.41935483870967744,31,24.419354838709676,23,39,SMHauto
SMHauto,2026-04-10,0.5166172413793103,0.5172413793103449,29,28.551724137931036,25,40,SMHauto
SMHauto,2026-04-11,0.4053205128205128,0.358974358974359,39,31.41025641025641,25,41,SMHauto
SMHauto,2026-04-12,0.6541583333333333,0.625,24,27.541666666666668,17,42,SMHauto
SMHauto,2026-04-13,0.5264555555555556,0.5185185185185185,27,25.14814814814815,22,43,SMHauto
SMHauto,2026-04-14,0.3631378378378378,0.2972972972972973,37,26.83783783783784,28,44,SMHauto
SMHauto,2026-04-15,0.3780307692307693,0.3076923076923077,26,27.192307692307693,23,45,SMHauto
SMHauto,2026-04-16,0.38134838709677416,0.3870967741935484,31,29.29032258064516,25,46,SMHauto
SMHauto,2026-04-17,0.3054387096774194,0.22580645161290322,31,24.70967741935484,20,47,SMHauto
SMHauto,2026-04-18,0.49107666666666666,0.43333333333333335,30,23.266666666666666,25,48,SMHauto
SMHauto,2026-04-19,0.602452,0.6,25,26.28,17,49,SMHauto
SMHauto,2026-04-20,0.45613,0.43333333333333335,30,30.533333333333335,22,50,SMHauto
SMHauto,2026-04-21,0.4553558823529412,0.4117647058823529,34,31.264705882352942,22,51,SMHauto
SMHauto,2026-04-22,0.4397794117647059,0.38235294117647056,34,27.38235294117647,21,52,SMHauto
SMHauto,2026-04-23,0.46542105263157896,0.42105263157894735,38,32.76315789473684,25,53,SMHauto
SMHauto,2026-04-24,0.42727600000000004,0.36,25,26.84,21,54,SMHauto
SMHauto,2026-04-25,0.5138392857142857,0.5,28,31.107142857142858,23,55,SMHauto
SMHauto,2026-04-26,0.37435454545454544,0.3333333333333333,33,27.848484848484848,24,56,SMHauto
SMHauto,2026-04-27,0.42953125,0.3125,32,25.125,27,57,SMHauto
SMHauto,2026-04-28,0.5789285714285715,0.5714285714285714,28,30.821428571428573,20,58,SMHauto
SMHauto,2026-04-29,0.5579441176470588,0.5294117647058824,34,32.61764705882353,24,59,SMHauto
SMHauto,2026-04-30,0.31211785714285717,0.2857142857142857,28,25.0,21,60,SMHauto
SMHauto,2026-05-01,0.5456060606060605,0.5151515151515151,33,27.12121212121212,24,61,SMHauto
SMHauto,2026-05-02,0.38591621621621625,0.35135135135135137,37,22.486486486486488,25,62,SMHauto
SMHauto,2026-05-03,0.4506387096774193,0.41935483870967744,31,19.903225806451612,25,63,SMHauto
SMHauto,2026-05-04,0.4234,0.3333333333333333,24,28.291666666666668,19,64,SMHauto
SMHauto,2026-05-05,0.4615096774193549,0.41935483870967744,31,28.870967741935484,25,65,SMHauto
SMHauto,2026-05-06,0.42726666666666663,0.4,30,31.5,21,66,SMHauto
SMHauto,2026-05-07,0.4280516129032258,0.3870967741935484,31,30.419354838709676,24,67,SMHauto
SMHauto,2026-05-08,0.4812592592592593,0.4444444444444444,27,26.85185185185185,20,68,SMHauto
SMHauto,2026-05-09,0.4619878787878788,0.42424242424242425,33,26.96969696969697,25,69,SMHauto
SMHauto,2026-05-10,0.3483107142857143,0.32142857142857145,28,25.464285714285715,21,70,SMHauto
SMHauto,2026-05-11,0.52793125,0.4375,32,22.15625,22,71,SMHauto
SMHauto,2026-05-12,0.46565384615384614,0.46153846153846156,26,24.692307692307693,21,72,SMHauto
SMHauto,2026-05-13,0.3687303030303031,0.3333333333333333,33,27.87878787878788,27,73,SMHauto
SMHauto,2026-05-14,0.3846342857142857,0.34285714285714286,35,28.057142857142857,25,74,SMHauto
SMHauto,2026-05-15,0.5289931034482759,0.5172413793103449,29,23.06896551724138,21,75,SMHauto
SMHauto,2026-05-16,0.45549599999999996,0.4,25,27.2,20,76,SMHauto
SMHauto,2026-05-17,0.38116785714285717,0.32142857142857145,28,27.142857142857142,23,77,SMHauto
SMHauto,2026-05-18,0.538762962962963,0.5185185185185185,27,17.88888888888889,20,78,SMHauto
SMHauto,2026-05-19,0.32997727272727273,0.2727272727272727,22,23.863636363636363,19,79,SMHauto
SMHauto,2026-05-20,0.3967625,0.34375,32,29.125,23,80,SMHauto
SMHauto,2026-05-21,0.3787535714285714,0.2857142857142857,28,32.535714285714285,21,81,SMHauto
SMHauto,2026-05-22,0.47819473684210523,0.4473684210526316,38,28.894736842105264,25,82,SMHauto
SMHauto,2026-05-23,0.2646,0.2,25,31.32,18,83,SMHauto
SMHauto,2026-05-24,0.3668806451612903,0.2903225806451613,31,30.387096774193548,27,84,SMHauto
SMHauto,2026-05-25,0.48261333333333334,0.4666666666666667,30,23.4,22,85,SMHauto
SMHauto,2026-05-26,0.354921875,0.28125,32,28.875,25,86,SMHauto
SMHauto,2026-05-27,0.539484,0.52,25,25.84,20,87,SMHauto
SMHauto,2026-05-28,0.51945625,0.5,32,27.375,19,88,SMHauto
SMHauto,2026-05-29,0.3032,0.25,36,24.666666666666668,27,89,SMHauto
SMHauto,2026-05-30,0.4331333333333333,0.36363636363636365,33,26.151515151515152,24,90,SMHauto
SMHauto,2026-05-31,0.6292857142857142,0.5714285714285714,35,33.17142857142857,23,91,SMHauto
SMHauto,2026-06-01,0.42620882352941175,0.38235294117647056,34,26.794117647058822,25,92,SMHauto
SMHauto,2026-06-02,0.364941935483871,0.2903225806451613,31,30.806451612903224,23,93,SMHauto
SMHauto,2026-06-03,0.3421659090909091,0.2727272727272727,44,21.772727272727273,30,94,SMHauto
SMHauto,2026-06-04,0.4633684210526316,0.3684210526315789,19,27.31578947368421,17,95,SMHauto
SMHauto,2026-06-05,0.38904333333333335,0.3333333333333333,30,34.56666666666667,27,96,SMHauto
SMHauto,2026-06-06,0.3946576923076923,0.34615384615384615,26,24.23076923076923,21,97,SMHauto
SMHauto,2026-06-07,0.49842307692307697,0.48717948717948717,39,28.94871794871795,26,98,SMHauto
SMHauto,2026-06-08,0.42902,0.37142857142857144,35,23.142857142857142,26,99,SMHauto
SMHauto,2026-06-09,0.4643428571428571,0.42857142857142855,28,24.892857142857142,23,100,SMHauto
SMHauto,2026-06-10,0.48532800000000004,0.44,25,30.2,22,101,SMHauto
SMHauto,2026-06-11,0.5221,0.48148148148148145,27,30.666666666666668,18,102,SMHauto
SMHauto,2026-06-12,0.39454375,0.375,32,32.71875,23,103,SMHauto
SMHauto,2026-06-13,0.472725,0.4375,32,22.75,24,104,SMHauto
SMHauto,2026-06-14,0.43415833333333337,0.375,24,26.333333333333332,18,105,SMHauto
SMHauto,2026-06-15,0.49251538461538463,0.46153846153846156,26,27.96153846153846,19,106,SMHauto
SMHauto,2026-06-16,0.4773133333333333,0.43333333333333335,30,23.2,23,107,SMHauto
SMHauto,2026-06-17,0.4314034482758621,0.3793103448275862,29,22.482758620689655,22,108,SMHauto
SMHauto,2026-06-18,0.40332647058823534,0.35294117647058826,34,25.323529411764707,28,109,SMHauto
SMHauto,2026-06-19,0.45453055555555555,0.4166666666666667,36,26.47222222222222,26,110,SMHauto
SMHauto,2026-06-20,0.3013025,0.225,40,28.675,27,111,SMHauto
SMHauto,2026-06-21,0.34783947368421053,0.2894736842105263,38,27.210526315789473,30,112,SMHauto
SMHauto,2026-06-22,0.23704347826086955,0.17391304347826086,23,28.608695652173914,17,113,SMHauto
SMHauto,2026-06-23,0.311821875,0.21875,32,24.84375,25,114,SMHauto
SMHauto,2026-06-24,0.39958846153846156,0.34615384615384615,26,24.307692307692307,18,115,SMHauto
SMHauto,2026-06-25,0.4923740740740741,0.4444444444444444,27,27.77777777777778,19,116,SMHauto
SMHauto,2026-06-26,0.650074074074074,0.6666666666666666,27,23.703703703703702,22,117,SMHauto
SMHauto,2026-06-27,0.48740384615384613,0.46153846153846156,26,29.384615384615383,21,118,SMHauto
SMHauto,2026-06-28,0.4384272727272727,0.36363636363636365,22,33.22727272727273,17,119,SMHauto
SkydTech,2026-03-01,0.4694,0.5,14,22.928571428571427,14,0,SkydTech
SkydTech,2026-03-02,0.5552,0.5714285714285714,21,27.38095238095238,18,1,SkydTech
SkydTech,2026-03-03,0.5783944444444444,0.6111111111111112,18,26.27777777777778,18,2,SkydTech
SkydTech,2026-03-04,0.4350333333333333,0.4,15,32.6,14,3,SkydTech
SkydTech,2026-03-05,0.49967647058823533,0.5294117647058824,17,22.529411764705884,16,4,SkydTech
SkydTech,2026-03-06,0.35416000000000003,0.26666666666666666,15,26.4,15,5,SkydTech
SkydTech,2026-03-07,0.449855,0.5,20,20.4,18,6,SkydTech
SkydTech,2026-03-08,0.556452380952381,0.5238095238095238,21,25.285714285714285,21,7,SkydTech
SkydTech,2026-03-09,0.630445,0.6,20,28.8,18,8,SkydTech
SkydTech,2026-03-10,0.6378952380952381,0.6666666666666666,21,29.238095238095237,18,9,SkydTech
SkydTech,2026-03-11,0.5470333333333334,0.5333333333333333,15,23.0,13,10,SkydTech
SkydTech,2026-03-12,0.44805,0.45,20,28.5,20,11,SkydTech
SkydTech,2026-03-13,0.5207416666666667,0.5,24,25.666666666666668,21,12,SkydTech
SkydTech,2026-03-14,0.41533999999999993,0.5,10,24.8,9,13,SkydTech
SkydTech,2026-03-15,0.5984444444444444,0.7222222222222222,18,23.27777777777778,17,14,SkydTech
SkydTech,2026-03-16,0.53855625,0.5,16,29.125,15,15,SkydTech
SkydTech,2026-03-17,0.394285,0.4,20,32.05,19,16,SkydTech
SkydTech,2026-03-18,0.5323529411764706,0.5294117647058824,17,39.0,14,17,SkydTech
SkydTech,2026-03-19,0.4837411764705882,0.4117647058823529,17,31.235294117647058,17,18,SkydTech
SkydTech,2026-03-20,0.393045,0.35,20,29.4,16,19,SkydTech
SkydTech,2026-03-21,0.509825,0.5,8,19.375,8,20,SkydTech
SkydTech,2026-03-22,0.38849999999999996,0.3076923076923077,13,34.92307692307692,13,21,SkydTech
SkydTech,2026-03-23,0.5104576923076923,0.46153846153846156,26,23.653846153846153,24,22,SkydTech
SkydTech,2026-03-24,0.4821368421052632,0.47368421052631576,19,30.94736842105263,18,23,SkydTech
SkydTech,2026-03-25,0.46162,0.44,25,25.24,21,24,SkydTech
SkydTech,2026-03-26,0.3417176470588235,0.35294117647058826,17,20.88235294117647,16,25,SkydTech
SkydTech,2026-03-27,0.5939333333333333,0.6111111111111112,18,21.61111111111111,17,26,SkydTech
SkydTech,2026-03-28,0.4753375,0.4375,16,32.3125,15,27,SkydTech
SkydTech,2026-03-29,0.5543619047619048,0.5238095238095238,21,20.333333333333332,20,28,SkydTech
SkydTech,2026-03-30,0.42199333333333333,0.4,15,30.933333333333334,14,29,SkydTech
SkydTech,2026-03-31,0.4740714285714286,0.42857142857142855,14,29.714285714285715,13,30,SkydTech
SkydTech,2026-04-01,0.5509322580645162,0.4838709677419355,31,29.161290322580644,27,31,SkydTech
SkydTech,2026-04-02,0.4502047619047619,0.38095238095238093,21,30.61904761904762,18,32,SkydTech
SkydTech,2026-04-03,0.20476,0.13333333333333333,15,32.8,12,33,SkydTech
SkydTech,2026-04-04,0.4930111111111111,0.5,18,32.5,15,34,SkydTech
SkydTech,2026-04-05,0.3616923076923077,0.3076923076923077,26,23.23076923076923,24,35,SkydTech
SkydTech,2026-04-06,0.5191047619047618,0.5238095238095238,21,24.19047619047619,19,36,SkydTech
SkydTech,2026-04-07,0.5680529411764706,0.5294117647058824,17,19.529411764705884,16,37,SkydTech
SkydTech,2026-04-08,0.39227,0.35,20,24.15,18,38,SkydTech
SkydTech,2026-04-09,0.5627882352941177,0.5882352941176471,17,28.823529411764707,15,39,SkydTech
SkydTech,2026-04-10,0.6078235294117648,0.5882352941176471,17,24.41176470588235,16,40,SkydTech
SkydTech,2026-04-11,0.44711428571428574,0.42857142857142855,21,25.904761904761905,18,41,SkydTech
SkydTech,2026-04-12,0.5111476190476191,0.47619047619047616,21,28.761904761904763,20,42,SkydTech
SkydTech,2026-04-13,0.6673210526315789,0.6842105263157895,19,22.263157894736842,17,43,SkydTech
SkydTech,2026-04-14,0.5206739130434783,0.4782608695652174,23,21.434782608695652,22,44,SkydTech
SkydTech,2026-04-15,0.4580068965517241,0.3793103448275862,29,23.275862068965516,23,45,SkydTech
SkydTech,2026-04-16,0.5219214285714285,0.5,14,31.071428571428573,13,46,SkydTech
SkydTech,2026-04-17,0.5775428571428571,0.6428571428571429,14,20.142857142857142,12,47,SkydTech
SkydTech,2026-04-18,0.3589681818181818,0.3181818181818182,22,19.59090909090909,21,48,SkydTech
SkydTech,2026-04-19,0.4322571428571429,0.38095238095238093,21,25.523809523809526,19,49,SkydTech
SkydTech,2026-04-20,0.42491764705882357,0.35294117647058826,17,25.529411764705884,17,50,SkydTech
SkydTech,2026-04-21,0.4195578947368421,0.3684210526315789,19,22.526315789473685,16,51,SkydTech
SkydTech,2026-04-22,0.49502142857142856,0.42857142857142855,14,24.0,14,52,SkydTech
SkydTech,2026-04-23,0.5984611111111111,0.6111111111111112,18,28.38888888888889,18,53,SkydTech
SkydTech,2026-04-24,0.3859333333333333,0.3333333333333333,18,22.0,15,54,SkydTech
SkydTech,2026-04-25,0.52758,0.5,20,20.8,19,55,SkydTech
SkydTech,2026-04-26,0.6116095238095238,0.5714285714285714,21,23.428571428571427,20,56,SkydTech
SkydTech,2026-04-27,0.5067545454545455,0.5,22,40.45454545454545,20,57,SkydTech
SkydTech,2026-04-28,0.5600470588235293,0.5294117647058824,17,20.11764705882353,15,58,SkydTech
SkydTech,2026-04-29,0.5013909090909091,0.5,22,31.772727272727273,20,59,SkydTech
SkydTech,2026-04-30,0.4774736842105264,0.47368421052631576,19,23.789473684210527,19,60,SkydTech
SkydTech,2026-05-01,0.43104090909090903,0.4090909090909091,22,26.59090909090909,21,61,SkydTech
SkydTech,2026-05-02,0.49141153846153846,0.46153846153846156,26,29.576923076923077,18,62,SkydTech
SkydTech,2026-05-03,0.38980000000000004,0.3076923076923077,13,24.23076923076923,12,63,SkydTech
SkydTech,2026-05-04,0.41027777777777774,0.3888888888888889,18,22.38888888888889,15,64,SkydTech
SkydTech,2026-05-05,0.48585625,0.4375,16,31.4375,16,65,SkydTech
SkydTech,2026-05-06,0.5284689655172413,0.4482758620689655,29,32.241379310344826,24,66,SkydTech
SkydTech,2026-05-07,0.58820625,0.5625,16,17.875,16,67,SkydTech
SkydTech,2026-05-08,0.4954608695652174,0.5217391304347826,23,36.04347826086956,22,68,SkydTech
SkydTech,2026-05-09,0.6068235294117647,0.5882352941176471,17,25.235294117647058,13,69,SkydTech
SkydTech,2026-05-10,0.50003,0.5,20,29.5,19,70,SkydTech
SkydTech,2026-05-11,0.4368115384615385,0.4230769230769231,26,25.0,24,71,SkydTech
SkydTech,2026-05-12,0.40155,0.3,20,24.35,17,72,SkydTech
SkydTech,2026-05-13,0.4623090909090909,0.45454545454545453,22,34.45454545454545,17,73,SkydTech
SkydTech,2026-05-14,0.17872307692307693,0.15384615384615385,13,28.923076923076923,12,74,SkydTech
SkydTech,2026-05-15,0.4282916666666667,0.4166666666666667,12,24.083333333333332,11,75,SkydTech
SkydTech,2026-05-16,0.6872125,0.6875,16,32.875,13,76,SkydTech
SkydTech,2026-05-17,0.483162962962963,0.4444444444444444,27,33.81481481481482,25,77,SkydTech
SkydTech,2026-05-18,0.5415631578947369,0.5263157894736842,19,20.05263157894737,17,78,SkydTech
SkydTech,2026-05-19,0.569072,0.52,25,24.68,23,79,SkydTech
SkydTech,2026-05-20,0.21342666666666668,0.2,15,25.333333333333332,15,80,SkydTech
SkydTech,2026-05-21,0.5359916666666666,0.5,24,19.458333333333332,22,81,SkydTech
SkydTech,2026-05-22,0.4603380952380952,0.42857142857142855,21,21.857142857142858,18,82,SkydTech
SkydTech,2026-05-23,0.5093222222222222,0.5,18,31.5,17,83,SkydTech
SkydTech,2026-05-24,0.4870545454545454,0.4090909090909091,22,32.54545454545455,20,84,SkydTech
SkydTech,2026-05-25,0.5809772727272727,0.5909090909090909,22,25.454545454545453,20,85,SkydTech
SkydTech,2026-05-26,0.3970590909090909,0.36363636363636365,22,16.772727272727273,20,86,SkydTech
SkydTech,2026-05-27,0.6664833333333333,0.6666666666666666,18,27.833333333333332,18,87,SkydTech
SkydTech,2026-05-28,0.585175,0.5,24,26.541666666666668,22,88,SkydTech
SkydTech,2026-05-29,0.5285142857142857,0.47619047619047616,21,26.857142857142858,20,89,SkydTech
SkydTech,2026-05-30,0.3695473684210526,0.3157894736842105,19,23.05263157894737,18,90,SkydTech
SkydTech,2026-05-31,0.42209,0.35,20,19.75,15,91,SkydTech
SkydTech,2026-06-01,0.4986666666666667,0.5,18,27.666666666666668,17,92,SkydTech
SkydTech,2026-06-02,0.39526500000000003,0.35,20,29.35,18,93,SkydTech
SkydTech,2026-06-03,0.4154875,0.4375,16,22.1875,16,94,SkydTech
SkydTech,2026-06-04,0.25604375,0.1875,16,26.5,15,95,SkydTech
SkydTech,2026-06-05,0.542452380952381,0.5238095238095238,21,25.904761904761905,18,96,SkydTech
SkydTech,2026-06-06,0.42383181818181814,0.36363636363636365,22,24.181818181818183,20,97,SkydTech
SkydTech,2026-06-07,0.5115473684210526,0.47368421052631576,19,24.57894736842105,17,98,SkydTech
SkydTech,2026-06-08,0.6104909090909091,0.5909090909090909,22,24.181818181818183,22,99,SkydTech
SkydTech,2026-06-09,0.4044689655172414,0.3448275862068966,29,27.82758620689655,25,100,SkydTech
SkydTech,2026-06-10,0.41022499999999995,0.4,20,25.45,19,101,SkydTech
SkydTech,2026-06-11,0.4528954545454545,0.36363636363636365,22,34.72727272727273,22,102,SkydTech
SkydTech,2026-06-12,0.36663333333333337,0.26666666666666666,15,30.533333333333335,14,103,SkydTech
SkydTech,2026-06-13,0.5668,0.5882352941176471,17,30.705882352941178,16,104,SkydTech
SkydTech,2026-06-14,0.493145,0.45,20,29.5,20,105,SkydTech
SkydTech,2026-06-15,0.6402117647058824,0.6470588235294118,17,24.176470588235293,15,106,SkydTech
SkydTech,2026-06-16,0.4701173913043478,0.391304347826087,23,25.0,21,107,SkydTech
SkydTech,2026-06-17,0.4016647058823529,0.29411764705882354,17,22.058823529411764,17,108,SkydTech
SkydTech,2026-06-18,0.7839615384615384,0.7692307692307693,13,33.0,13,109,SkydTech
SkydTech,2026-06-19,0.541864,0.52,25,33.84,21,110,SkydTech
SkydTech,2026-06-20,0.42109,0.36666666666666664,30,24.566666666666666,26,111,SkydTech
SkydTech,2026-06-21,0.389405,0.3,20,25.5,19,112,SkydTech
SkydTech,2026-06-22,0.5959166666666667,0.5833333333333334,12,25.833333333333332,12,113,SkydTech
SkydTech,2026-06-23,0.7224409090909091,0.6818181818181818,22,28.59090909090909,20,114,SkydTech
SkydTech,2026-06-24,0.5987761904761905,0.6190476190476191,21,21.476190476190474,19,115,SkydTech
SkydTech,2026-06-25,0.47923125,0.4375,16,24.9375,16,116,SkydTech
SkydTech,2026-06-26,0.446565,0.4,20,19.95,20,117,SkydTech
SkydTech,2026-06-27,0.551425,0.5,16,31.125,13,118,SkydTech
SkydTech,2026-06-28,0.4511357142857143,0.35714285714285715,14,25.285714285714285,13,119,SkydTech
TELEGRAPHauto,2026-03-01,0.4836583333333333,0.4583333333333333,48,24.625,39,0,TELEGRAPHauto
TELEGRAPHauto,2026-03-02,0.5366860465116279,0.5116279069767442,43,26.906976744186046,30,1,TELEGRAPHauto
TELEGRAPHauto,2026-03-03,0.63769,0.65,40,19.225,27,2,TELEGRAPHauto
TELEGRAPHauto,2026-03-04,0.6162093023255814,0.6046511627906976,43,26.74418604651163,32,3,TELEGRAPHauto
TELEGRAPHauto,2026-03-05,0.4787340909090909,0.45454545454545453,44,26.363636363636363,33,4,TELEGRAPHauto
TELEGRAPHauto,2026-03-06,0.582725,0.5625,32,26.40625,27,5,TELEGRAPHauto
TELEGRAPHauto,2026-03-07,0.6002436363636363,0.5454545454545454,55,29.054545454545455,39,6,TELEGRAPHauto
TELEGRAPHauto,2026-03-08,0.5571365853658536,0.5609756097560976,41,30.121951219512194,32,7,TELEGRAPHauto
TELEGRAPHauto,2026-03-09,0.49873199999999995,0.5,50,31.98,34,8,TELEGRAPHauto
TELEGRAPHauto,2026-03-10,0.4975119047619047,0.47619047619047616,42,31.833333333333332,34,9,TELEGRAPHauto
TELEGRAPHauto,2026-03-11,0.49615555555555557,0.4666666666666667,45,24.42222222222222,35,10,TELEGRAPHauto
TELEGRAPHauto,2026-03-12,0.5606469387755102,0.5306122448979592,49,25.408163265306122,33,11,TELEGRAPHauto
TELEGRAPHauto,2026-03-13,0.5758641025641026,0.5897435897435898,39,28.897435897435898,29,12,TELEGRAPHauto
TELEGRAPHauto,2026-03-14,0.5081081081081081,0.5135135135135135,37,29.513513513513512,29,13,TELEGRAPHauto
TELEGRAPHauto,2026-03-15,0.6290595238095238,0.6428571428571429,42,32.04761904761905,34,14,TELEGRAPHauto
TELEGRAPHauto,2026-03-16,0.511921875,0.5,32,22.375,27,15,TELEGRAPHauto
TELEGRAPHauto,2026-03-17,0.4870288888888889,0.4888888888888889,45,30.22222222222222,33,16,TELEGRAPHauto
TELEGRAPHauto,2026-03-18,0.6110771428571429,0.6,35,21.65714285714286,30,17,TELEGRAPHauto
TELEGRAPHauto,2026-03-19,0.6002425,0.65,40,25.75,34,18,TELEGRAPHauto
TELEGRAPHauto,2026-03-20,0.43333958333333333,0.375,48,26.541666666666668,42,19,TELEGRAPHauto
TELEGRAPHauto,2026-03-21,0.47757499999999997,0.42857142857142855,28,26.214285714285715,18,20,TELEGRAPHauto
TELEGRAPHauto,2026-03-22,0.5674447368421053,0.5263157894736842,38,31.394736842105264,33,21,TELEGRAPHauto
TELEGRAPHauto,2026-03-23,0.6743318181818182,0.7045454545454546,44,28.84090909090909,33,22,TELEGRAPHauto
TELEGRAPHauto,2026-03-24,0.8388472222222222,0.8611111111111112,36,25.944444444444443,29,23,TELEGRAPHauto
TELEGRAPHauto,2026-03-25,0.5381285714285714,0.4857142857142857,35,27.4,30,24,TELEGRAPHauto
TELEGRAPHauto,2026-03-26,0.5791450980392157,0.5686274509803921,51,25.666666666666668,37,25,TELEGRAPHauto
TELEGRAPHauto,2026-03-27,0.48485555555555554,0.4444444444444444,36,27.27777777777778,31,26,TELEGRAPHauto
TELEGRAPHauto,2026-03-28,0.5056216216216216,0.5135135135135135,37,22.62162162162162,28,27,TELEGRAPHauto
TELEGRAPHauto,2026-03-29,0.6160307692307693,0.5897435897435898,39,25.153846153846153,29,28,TELEGRAPHauto
TELEGRAPHauto,2026-03-30,0.5886396551724138,0.5689655172413793,58,29.74137931034483,42,29,TELEGRAPHauto
TELEGRAPHauto,2026-03-31,0.6131951219512195,0.5853658536585366,41,25.097560975609756,33,30,TELEGRAPHauto
TELEGRAPHauto,2026-04-01,0.7052657894736842,0.7105263157894737,38,21.157894736842106,29,31,TELEGRAPHauto
TELEGRAPHauto,2026-04-02,0.6940581395348837,0.6976744186046512,43,29.441860465116278,37,32,TELEGRAPHauto
TELEGRAPHauto,2026-04-03,0.471865306122449,0.40816326530612246,49,27.816326530612244,43,33,TELEGRAPHauto
TELEGRAPHauto,2026-04-04,0.6660276595744681,0.6595744680851063,47,23.80851063829787,40,34,TELEGRAPHauto
TELEGRAPHauto,2026-04-05,0.5341818181818182,0.5227272727272727,44,21.75,35,35,TELEGRAPHauto
TELEGRAPHauto,2026-04-06,0.5199242424242424,0.48484848484848486,33,28.90909090909091,26,36,TELEGRAPHauto
TELEGRAPHauto,2026-04-07,0.6221,0.6052631578947368,38,28.894736842105264,34,37,TELEGRAPHauto
TELEGRAPHauto,2026-04-08,0.587728125,0.59375,32,26.4375,25,38,TELEGRAPHauto
TELEGRAPHauto,2026-04-09,0.5910081081081081,0.5945945945945946,37,23.864864864864863,33,39,TELEGRAPHauto
TELEGRAPHauto,2026-04-10,0.5977711111111111,0.5777777777777777,45,23.0,38,40,TELEGRAPHauto
TELEGRAPHauto,2026-04-11,0.5870333333333334,0.5641025641025641,39,28.46153846153846,31,41,TELEGRAPHauto
TELEGRAPHauto,2026-04-12,0.46093541666666665,0.4166666666666667,48,24.6875,33,42,TELEGRAPHauto
TELEGRAPHauto,2026-04-13,0.5419972222222222,0.5,36,27.916666666666668,27,43,TELEGRAPHauto
TELEGRAPHauto,2026-04-14,0.693871052631579,0.7105263157894737,38,28.68421052631579,31,44,TELEGRAPHauto
TELEGRAPHauto,2026-04-15,0.43385555555555555,0.4166666666666667,36,26.61111111111111,31,45,TELEGRAPHauto
TELEGRAPHauto,2026-04-16,0.47418684210526313,0.42105263157894735,38,22.657894736842106,34,46,TELEGRAPHauto
TELEGRAPHauto,2026-04-17,0.5855526315789474,0.5789473684210527,38,23.789473684210527,31,47,TELEGRAPHauto
TELEGRAPHauto,2026-04-18,0.5498578947368421,0.5263157894736842,38,23.342105263157894,33,48,TELEGRAPHauto
TELEGRAPHauto,2026-04-19,0.5030658536585365,0.4634146341463415,41,25.121951219512194,33,49,TELEGRAPHauto
TELEGRAPHauto,2026-04-20,0.5273605263157894,0.5526315789473685,38,26.026315789473685,36,50,TELEGRAPHauto
TELEGRAPHauto,2026-04-21,0.49788,0.4857142857142857,35,28.742857142857144,31,51,TELEGRAPHauto
TELEGRAPHauto,2026-04-22,0.6114589743589744,0.6153846153846154,39,23.974358974358974,35,52,TELEGRAPHauto
TELEGRAPHauto,2026-04-23,0.4308552631578947,0.42105263157894735,38,26.44736842105263,33,53,TELEGRAPHauto
TELEGRAPHauto,2026-04-24,0.44873611111111106,0.4166666666666667,36,27.77777777777778,32,54,TELEGRAPHauto
TELEGRAPHauto,2026-04-25,0.5181266666666666,0.4666666666666667,45,23.8,39,55,TELEGRAPHauto
TELEGRAPHauto,2026-04-26,0.521784,0.54,50,26.4,41,56,TELEGRAPHauto
TELEGRAPHauto,2026-04-27,0.49735,0.5,42,24.595238095238095,38,57,TELEGRAPHauto
TELEGRAPHauto,2026-04-28,0.6036666666666667,0.5952380952380952,42,31.5,34,58,TELEGRAPHauto
TELEGRAPHauto,2026-04-29,0.507340625,0.46875,32,25.34375,29,59,TELEGRAPHauto
TELEGRAPHauto,2026-04-30,0.6531377777777778,0.6444444444444445,45,30.177777777777777,39,60,TELEGRAPHauto
TELEGRAPHauto,2026-05-01,0.49877333333333335,0.4666666666666667,45,28.77777777777778,40,61,TELEGRAPHauto
TELEGRAPHauto,2026-05-02,0.4918666666666667,0.4666666666666667,60,27.55,44,62,TELEGRAPHauto
TELEGRAPHauto,2026-05-03,0.4695421052631579,0.42105263157894735,38,29.92105263157895,32,63,TELEGRAPHauto
TELEGRAPHauto,2026-05-04,0.4964806451612903,0.4838709677419355,31,26.774193548387096,29,64,TELEGRAPHauto
TELEGRAPHauto,2026-05-05,0.3670269230769231,0.3076923076923077,26,28.192307692307693,26,65,TELEGRAPHauto
TELEGRAPHauto,2026-05-06,0.6794052631578947,0.6842105263157895,38,28.710526315789473,34,66,TELEGRAPHauto
TELEGRAPHauto,2026-05-07,0.4273694444444444,0.3888888888888889,36,25.444444444444443,34,67,TELEGRAPHauto
TELEGRAPHauto,2026-05-08,0.5212756756756757,0.4864864864864865,37,26.027027027027028,34,68,TELEGRAPHauto
TELEGRAPHauto,2026-05-09,0.6795703703703704,0.7037037037037037,27,30.51851851851852,26,69,TELEGRAPHauto
TELEGRAPHauto,2026-05-10,0.5595585365853659,0.5609756097560976,41,24.951219512195124,38,70,TELEGRAPHauto
TELEGRAPHauto,2026-05-11,0.616093103448276,0.5862068965517241,29,30.03448275862069,27,71,TELEGRAPHauto
TELEGRAPHauto,2026-05-12,0.6329325,0.675,40,32.05,35,72,TELEGRAPHauto
TELEGRAPHauto,2026-05-13,0.6158545454545454,0.6363636363636364,44,29.613636363636363,37,73,TELEGRAPHauto
TELEGRAPHauto,2026-05-14,0.6486153846153846,0.6410256410256411,39,26.435897435897434,31,74,TELEGRAPHauto
TELEGRAPHauto,2026-05-15,0.5108931818181818,0.4772727272727273,44,25.09090909090909,34,75,TELEGRAPHauto
TELEGRAPHauto,2026-05-16,0.5327375,0.5,40,28.0,35,76,TELEGRAPHauto
TELEGRAPHauto,2026-05-17,0.655451282051282,0.6923076923076923,39,25.71794871794872,33,77,TELEGRAPHauto
TELEGRAPHauto,2026-05-18,0.597322857142857,0.6,35,28.714285714285715,34,78,TELEGRAPHauto
TELEGRAPHauto,2026-05-19,0.7358958333333333,0.7083333333333334,24,27.375,22,79,TELEGRAPHauto
TELEGRAPHauto,2026-05-20,0.5859488372093022,0.6046511627906976,43,29.86046511627907,33,80,TELEGRAPHauto
TELEGRAPHauto,2026-05-21,0.825431111111111,0.8444444444444444,45,21.42222222222222,38,81,TELEGRAPHauto
TELEGRAPHauto,2026-05-22,0.44077777777777777,0.4074074074074074,54,26.814814814814813,45,82,TELEGRAPHauto
TELEGRAPHauto,2026-05-23,0.5883483870967743,0.5161290322580645,31,33.645161290322584,28,83,TELEGRAPHauto
TELEGRAPHauto,2026-05-24,0.5417933333333333,0.4666666666666667,30,22.933333333333334,27,84,TELEGRAPHauto
TELEGRAPHauto,2026-05-25,0.6605975609756097,0.6829268292682927,41,24.585365853658537,36,85,TELEGRAPHauto
TELEGRAPHauto,2026-05-26,0.6004511627906978,0.6046511627906976,43,28.58139534883721,35,86,TELEGRAPHauto
TELEGRAPHauto,2026-05-27,0.5372026315789473,0.5789473684210527,38,26.736842105263158,36,87,TELEGRAPHauto
TELEGRAPHauto,2026-05-28,0.4762944444444444,0.4722222222222222,36,20.944444444444443,33,88,TELEGRAPHauto
TELEGRAPHauto,2026-05-29,0.5722,0.5909090909090909,22,23.454545454545453,21,89,TELEGRAPHauto
TELEGRAPHauto,2026-05-30,0.6009025641025642,0.5641025641025641,39,27.82051282051282,37,90,TELEGRAPHauto
TELEGRAPHauto,2026-05-31,0.5772694444444445,0.6111111111111112,36,25.916666666666668,32,91,TELEGRAPHauto
TELEGRAPHauto,2026-06-01,0.72292,0.775,40,32.75,34,92,TELEGRAPHauto
TELEGRAPHauto,2026-06-02,0.5896880952380952,0.5476190476190477,42,25.476190476190474,37,93,TELEGRAPHauto
TELEGRAPHauto,2026-06-03,0.6686106382978724,0.6595744680851063,47,25.893617021276597,40,94,TELEGRAPHauto
TELEGRAPHauto,2026-06-04,0.6488470588235294,0.6470588235294118,34,25.323529411764707,28,95,TELEGRAPHauto
TELEGRAPHauto,2026-06-05,0.5552690476190476,0.5238095238095238,42,35.023809523809526,37,96,TELEGRAPHauto
TELEGRAPHauto,2026-06-06,0.5391477272727273,0.5681818181818182,44,29.613636363636363,39,97,TELEGRAPHauto
TELEGRAPHauto,2026-06-07,0.6527052631578948,0.6578947368421053,38,27.289473684210527,36,98,TELEGRAPHauto
TELEGRAPHauto,2026-06-08,0.708458064516129,0.7419354838709677,31,28.677419354838708,29,99,TELEGRAPHauto
TELEGRAPHauto,2026-06-09,0.6780177777777777,0.6888888888888889,45,29.044444444444444,43,100,TELEGRAPHauto
TELEGRAPHauto,2026-06-10,0.8130833333333333,0.8666666666666667,30,26.3,28,101,TELEGRAPHauto
TELEGRAPHauto,2026-06-11,0.6220677419354839,0.6129032258064516,31,23.612903225806452,26,102,TELEGRAPHauto
TELEGRAPHauto,2026-06-12,0.5713558823529412,0.5882352941176471,34,31.0,30,103,TELEGRAPHauto
TELEGRAPHauto,2026-06-13,0.7750837209302326,0.7441860465116279,43,27.372093023255815,40,104,TELEGRAPHauto
TELEGRAPHauto,2026-06-14,0.57082,0.6,30,28.766666666666666,24,105,TELEGRAPHauto
TELEGRAPHauto,2026-06-15,0.5720238095238095,0.5714285714285714,21,30.333333333333332,21,106,TELEGRAPHauto
TELEGRAPHauto,2026-06-16,0.8178414634146342,0.8292682926829268,41,27.073170731707318,35,107,TELEGRAPHauto
TELEGRAPHauto,2026-06-17,0.7040111111111111,0.6944444444444444,36,33.75,30,108,TELEGRAPHauto
TELEGRAPHauto,2026-06-18,0.6941948717948717,0.717948717948718,39,33.07692307692308,37,109,TELEGRAPHauto
TELEGRAPHauto,2026-06-19,0.7218627906976743,0.6744186046511628,43,27.86046511627907,39,110,TELEGRAPHauto
TELEGRAPHauto,2026-06-20,0.8255125,0.875,32,23.125,28,111,TELEGRAPHauto
TELEGRAPHauto,2026-06-21,0.7585526315789474,0.7631578947368421,38,26.13157894736842,38,112,TELEGRAPHauto
TELEGRAPHauto,2026-06-22,0.8064423076923077,0.8461538461538461,26,32.38461538461539,24,113,TELEGRAPHauto
TELEGRAPHauto,2026-06-23,0.78065625,0.8125,32,29.65625,31,114,TELEGRAPHauto
TELEGRAPHauto,2026-06-24,0.7781777777777779,0.8333333333333334,36,28.305555555555557,32,115,TELEGRAPHauto
TELEGRAPHauto,2026-06-25,0.66145625,0.6458333333333334,48,28.395833333333332,40,116,TELEGRAPHauto
TELEGRAPHauto,2026-06-26,0.8262733333333333,0.8666666666666667,30,21.533333333333335,28,117,TELEGRAPHauto
TELEGRAPHauto,2026-06-27,0.7582575757575758,0.7575757575757576,33,26.696969696969695,28,118,TELEGRAPHauto
TELEGRAPHauto,2026-06-28,0.7637285714285714,0.7428571428571429,35,18.771428571428572,34,119,TELEGRAPHauto
TETauto,2026-03-01,0.25416578947368423,0.07894736842105263,38,20.55263157894737,33,0,TETauto
TETauto,2026-03-02,0.20314897959183673,0.08163265306122448,49,26.0,33,1,TETauto
TETauto,2026-03-03,0.22220243902439027,0.14634146341463414,41,29.878048780487806,31,2,TETauto
TETauto,2026-03-04,0.23721836734693877,0.14285714285714285,49,23.20408163265306,35,3,TETauto
TETauto,2026-03-05,0.22045,0.13043478260869565,46,27.782608695652176,32,4,TETauto
TETauto,2026-03-06,0.30916829268292684,0.21951219512195122,41,24.975609756097562,35,5,TETauto
TETauto,2026-03-07,0.16620697674418602,0.09302325581395349,43,28.069767441860463,37,6,TETauto
TETauto,2026-03-08,0.26430384615384617,0.17307692307692307,52,31.346153846153847,39,7,TETauto
TETauto,2026-03-09,0.27415333333333336,0.17777777777777778,45,27.57777777777778,36,8,TETauto
TETauto,2026-03-10,0.36754,0.325,40,22.1,28,9,TETauto
TETauto,2026-03-11,0.24093333333333333,0.13333333333333333,45,31.644444444444446,36,10,TETauto
TETauto,2026-03-12,0.19104000000000002,0.075,40,25.725,32,11,TETauto
TETauto,2026-03-13,0.25094,0.14285714285714285,35,23.428571428571427,30,12,TETauto
TETauto,2026-03-14,0.15575151515151517,0.06060606060606061,33,31.515151515151516,27,13,TETauto
TETauto,2026-03-15,0.1747625,0.075,40,25.525,33,14,TETauto
TETauto,2026-03-16,0.26002444444444445,0.17777777777777778,45,29.755555555555556,32,15,TETauto
TETauto,2026-03-17,0.2555972972972973,0.1891891891891892,37,29.972972972972972,33,16,TETauto
TETauto,2026-03-18,0.23654250000000002,0.15,40,31.15,31,17,TETauto
TETauto,2026-03-19,0.2546162790697674,0.16279069767441862,43,29.11627906976744,31,18,TETauto
TETauto,2026-03-20,0.14836410256410257,0.05128205128205128,39,29.923076923076923,30,19,TETauto
TETauto,2026-03-21,0.1455025641025641,0.07692307692307693,39,29.23076923076923,29,20,TETauto
TETauto,2026-03-22,0.3119454545454545,0.24242424242424243,33,29.727272727272727,29,21,TETauto
TETauto,2026-03-23,0.15393777777777778,0.06666666666666667,45,32.77777777777778,36,22,TETauto
TETauto,2026-03-24,0.20644333333333334,0.1,30,25.566666666666666,26,23,TETauto
TETauto,2026-03-25,0.2540611111111111,0.14814814814814814,54,24.75925925925926,40,24,TETauto
TETauto,2026-03-26,0.2700418604651163,0.18604651162790697,43,28.023255813953487,27,25,TETauto
TETauto,2026-03-27,0.1983242424242424,0.09090909090909091,33,31.272727272727273,25,26,TETauto
TETauto,2026-03-28,0.2285230769230769,0.1282051282051282,39,25.153846153846153,30,27,TETauto
TETauto,2026-03-29,0.2033095238095238,0.14285714285714285,42,25.928571428571427,31,28,TETauto
TETauto,2026-03-30,0.2918918918918919,0.1891891891891892,37,30.16216216216216,27,29,TETauto
TETauto,2026-03-31,0.22215714285714286,0.14285714285714285,42,27.428571428571427,34,30,TETauto
TETauto,2026-04-01,0.24018928571428572,0.17857142857142858,56,24.392857142857142,40,31,TETauto
TETauto,2026-04-02,0.29433333333333334,0.2222222222222222,27,25.074074074074073,19,32,TETauto
TETauto,2026-04-03,0.21964090909090908,0.13636363636363635,44,30.454545454545453,34,33,TETauto
TETauto,2026-04-04,0.2390264705882353,0.11764705882352941,34,28.294117647058822,27,34,TETauto
TETauto,2026-04-05,0.15695531914893618,0.0851063829787234,47,33.53191489361702,32,35,TETauto
TETauto,2026-04-06,0.22502,0.15555555555555556,45,30.77777777777778,32,36,TETauto
TETauto,2026-04-07,0.3190666666666667,0.24561403508771928,57,26.596491228070175,36,37,TETauto
TETauto,2026-04-08,0.20959473684210525,0.15789473684210525,38,24.605263157894736,28,38,TETauto
TETauto,2026-04-09,0.208865625,0.15625,32,21.03125,25,39,TETauto
TETauto,2026-04-10,0.09467555555555555,0.022222222222222223,45,24.4,35,40,TETauto
TETauto,2026-04-11,0.2075090909090909,0.11363636363636363,44,26.227272727272727,31,41,TETauto
TETauto,2026-04-12,0.3665731707317073,0.3170731707317073,41,28.390243902439025,29,42,TETauto
TETauto,2026-04-13,0.1811636363636364,0.12121212121212122,33,32.21212121212121,27,43,TETauto
TETauto,2026-04-14,0.29854150943396224,0.16981132075471697,53,26.641509433962263,31,44,TETauto
TETauto,2026-04-15,0.23408222222222222,0.15555555555555556,45,28.822222222222223,35,45,TETauto
TETauto,2026-04-16,0.31727735849056604,0.22641509433962265,53,27.60377358490566,35,46,TETauto
TETauto,2026-04-17,0.23401818181818182,0.10909090909090909,55,25.036363636363635,36,47,TETauto
TETauto,2026-04-18,0.2338978260869565,0.13043478260869565,46,24.5,36,48,TETauto
TETauto,2026-04-19,0.2409105263157895,0.10526315789473684,38,24.263157894736842,30,49,TETauto
TETauto,2026-04-20,0.3375274509803921,0.27450980392156865,51,25.470588235294116,40,50,TETauto
TETauto,2026-04-21,0.236008,0.14,50,25.4,37,51,TETauto
TETauto,2026-04-22,0.2570595238095238,0.19047619047619047,42,32.833333333333336,31,52,TETauto
TETauto,2026-04-23,0.30610232558139533,0.16279069767441862,43,22.25581395348837,34,53,TETauto
TETauto,2026-04-24,0.19294791666666666,0.08333333333333333,48,22.5,36,54,TETauto
TETauto,2026-04-25,0.153425,0.06818181818181818,44,27.34090909090909,31,55,TETauto
TETauto,2026-04-26,0.24574250000000003,0.2,40,26.425,30,56,TETauto
TETauto,2026-04-27,0.2120795918367347,0.10204081632653061,49,21.959183673469386,34,57,TETauto
TETauto,2026-04-28,0.19415428571428572,0.14285714285714285,35,28.97142857142857,24,58,TETauto
TETauto,2026-04-29,0.13208571428571428,0.03571428571428571,28,33.035714285714285,27,59,TETauto
TETauto,2026-04-30,0.20217608695652176,0.08695652173913043,46,24.282608695652176,31,60,TETauto
TETauto,2026-05-01,0.1847,0.12244897959183673,49,21.836734693877553,34,61,TETauto
TETauto,2026-05-02,0.09038536585365854,0.0,41,22.24390243902439,29,62,TETauto
TETauto,2026-05-03,0.19568043478260871,0.06521739130434782,46,25.58695652173913,32,63,TETauto
TETauto,2026-05-04,0.20360465116279072,0.13953488372093023,43,29.697674418604652,30,64,TETauto
TETauto,2026-05-05,0.18925769230769232,0.07692307692307693,52,26.03846153846154,39,65,TETauto
TETauto,2026-05-06,0.1810952380952381,0.09523809523809523,42,26.0,30,66,TETauto
TETauto,2026-05-07,0.24767111111111112,0.17777777777777778,45,31.466666666666665,35,67,TETauto
TETauto,2026-05-08,0.2524716981132076,0.18867924528301888,53,21.92452830188679,35,68,TETauto
TETauto,2026-05-09,0.14519772727272728,0.022727272727272728,44,27.34090909090909,37,69,TETauto
TETauto,2026-05-10,0.288002,0.2,50,26.06,36,70,TETauto
TETauto,2026-05-11,0.24564285714285714,0.11904761904761904,42,23.928571428571427,34,71,TETauto
TETauto,2026-05-12,0.20174222222222224,0.1111111111111111,45,28.466666666666665,34,72,TETauto
TETauto,2026-05-13,0.24591,0.125,40,28.025,30,73,TETauto
TETauto,2026-05-14,0.17124444444444442,0.1111111111111111,36,24.5,28,74,TETauto
TETauto,2026-05-15,0.1253921052631579,0.02631578947368421,38,29.68421052631579,30,75,TETauto
TETauto,2026-05-16,0.16927826086956524,0.06521739130434782,46,26.47826086956522,38,76,TETauto
TETauto,2026-05-17,0.201909375,0.09375,32,25.53125,25,77,TETauto
TETauto,2026-05-18,0.24505238095238094,0.16666666666666666,42,22.333333333333332,33,78,TETauto
TETauto,2026-05-19,0.2160317073170732,0.12195121951219512,41,26.70731707317073,31,79,TETauto
TETauto,2026-05-20,0.12840487804878048,0.024390243902439025,41,29.951219512195124,31,80,TETauto
TETauto,2026-05-21,0.2176711111111111,0.1111111111111111,45,25.155555555555555,33,81,TETauto
TETauto,2026-05-22,0.14240243902439023,0.07317073170731707,41,27.658536585365855,31,82,TETauto
TETauto,2026-05-23,0.27282307692307695,0.20512820512820512,39,28.923076923076923,32,83,TETauto
TETauto,2026-05-24,0.2469711111111111,0.2,45,22.444444444444443,34,84,TETauto
TETauto,2026-05-25,0.19662,0.025,40,28.7,28,85,TETauto
TETauto,2026-05-26,0.2754638888888889,0.25,36,25.86111111111111,28,86,TETauto
TETauto,2026-05-27,0.2241622641509434,0.1320754716981132,53,29.79245283018868,41,87,TETauto
TETauto,2026-05-28,0.18253023255813952,0.06976744186046512,43,22.58139534883721,31,88,TETauto
TETauto,2026-05-29,0.09962432432432432,0.02702702702702703,37,27.89189189189189,31,89,TETauto
TETauto,2026-05-30,0.2467047619047619,0.19047619047619047,42,24.928571428571427,35,90,TETauto
TETauto,2026-05-31,0.144748,0.04,25,29.72,21,91,TETauto
TETauto,2026-06-01,0.13312931034482758,0.017241379310344827,58,25.03448275862069,35,92,TETauto
TETauto,2026-06-02,0.20556000000000002,0.11428571428571428,35,26.65714285714286,29,93,TETauto
TETauto,2026-06-03,0.15807105263157895,0.07894736842105263,38,28.157894736842106,32,94,TETauto
TETauto,2026-06-04,0.13187500000000002,0.05555555555555555,36,29.805555555555557,34,95,TETauto
TETauto,2026-06-05,0.10346666666666667,0.0,30,30.166666666666668,23,96,TETauto
TETauto,2026-06-06,0.18557619047619048,0.07142857142857142,42,25.452380952380953,32,97,TETauto
TETauto,2026-06-07,0.14990681818181817,0.022727272727272728,44,26.90909090909091,29,98,TETauto
TETauto,2026-06-08,0.20896923076923077,0.15384615384615385,26,18.23076923076923,22,99,TETauto
TETauto,2026-06-09,0.18798913043478263,0.08695652173913043,46,29.130434782608695,31,100,TETauto
TETauto,2026-06-10,0.16015000000000001,0.05263157894736842,38,31.473684210526315,31,101,TETauto
TETauto,2026-06-11,0.1317941176470588,0.0,34,30.11764705882353,26,102,TETauto
TETauto,2026-06-12,0.12975853658536585,0.024390243902439025,41,28.26829268292683,34,103,TETauto
TETauto,2026-06-13,0.11931777777777777,0.022222222222222223,45,24.733333333333334,31,104,TETauto
TETauto,2026-06-14,0.09861707317073172,0.024390243902439025,41,27.585365853658537,32,105,TETauto
TETauto,2026-06-15,0.14008837209302327,0.023255813953488372,43,32.83720930232558,31,106,TETauto
TETauto,2026-06-16,0.10945227272727273,0.0,44,26.0,34,107,TETauto
TETauto,2026-06-17,0.125402,0.02,50,24.42,33,108,TETauto
TETauto,2026-06-18,0.14429183673469387,0.04081632653061224,49,24.653061224489797,40,109,TETauto
TETauto,2026-06-19,0.12010408163265306,0.0,49,30.93877551020408,37,110,TETauto
TETauto,2026-06-20,0.10840000000000001,0.0,40,29.4,31,111,TETauto
TETauto,2026-06-21,0.10567272727272728,0.0,44,29.704545454545453,32,112,TETauto
TETauto,2026-06-22,0.15773055555555557,0.027777777777777776,36,25.52777777777778,29,113,TETauto
TETauto,2026-06-23,0.10335365853658536,0.0,41,30.536585365853657,31,114,TETauto
TETauto,2026-06-24,0.12683235294117648,0.0,34,25.029411764705884,27,115,TETauto
TETauto,2026-06-25,0.103125,0.0,36,29.75,27,116,TETauto
TETauto,2026-06-26,0.09488684210526316,0.0,38,25.736842105263158,32,117,TETauto
TETauto,2026-06-27,0.11497272727272727,0.0,55,25.69090909090909,44,118,TETauto
TETauto,2026-06-28,0.16803636363636365,0.0,33,28.666666666666668,27,119,TETauto
TIMESINDIAauto,2026-03-01,0.38201052631578947,0.3157894736842105,38,21.86842105263158,32,0,TIMESINDIAauto
TIMESINDIAauto,2026-03-02,0.45635625,0.375,32,24.09375,27,1,TIMESINDIAauto
TIMESINDIAauto,2026-03-03,0.5648322580645161,0.5161290322580645,31,27.06451612903226,29,2,TIMESINDIAauto
TIMESINDIAauto,2026-03-04,0.5662068965517242,0.5517241379310345,29,29.06896551724138,24,3,TIMESINDIAauto
TIMESINDIAauto,2026-03-05,0.4557285714285714,0.42857142857142855,28,25.25,25,4,TIMESINDIAauto
TIMESINDIAauto,2026-03-06,0.417234375,0.375,32,20.1875,28,5,TIMESINDIAauto
TIMESINDIAauto,2026-03-07,0.4501945945945946,0.3783783783783784,37,27.486486486486488,33,6,TIMESINDIAauto
TIMESINDIAauto,2026-03-08,0.6215945945945945,0.6216216216216216,37,25.243243243243242,29,7,TIMESINDIAauto
TIMESINDIAauto,2026-03-09,0.4237,0.4375,32,23.03125,30,8,TIMESINDIAauto
TIMESINDIAauto,2026-03-10,0.43306666666666666,0.42424242424242425,33,24.727272727272727,32,9,TIMESINDIAauto
TIMESINDIAauto,2026-03-11,0.5414885714285714,0.4857142857142857,35,32.65714285714286,30,10,TIMESINDIAauto
TIMESINDIAauto,2026-03-12,0.3428860465116279,0.2558139534883721,43,30.093023255813954,36,11,TIMESINDIAauto
TIMESINDIAauto,2026-03-13,0.4809475,0.5,40,27.8,33,12,TIMESINDIAauto
TIMESINDIAauto,2026-03-14,0.48138857142857144,0.4857142857142857,35,29.37142857142857,30,13,TIMESINDIAauto
TIMESINDIAauto,2026-03-15,0.49241799999999997,0.48,50,28.26,36,14,TIMESINDIAauto
TIMESINDIAauto,2026-03-16,0.5479441176470587,0.5294117647058824,34,28.323529411764707,31,15,TIMESINDIAauto
TIMESINDIAauto,2026-03-17,0.2896533333333334,0.23333333333333334,30,23.4,26,16,TIMESINDIAauto
TIMESINDIAauto,2026-03-18,0.4982939393939394,0.45454545454545453,33,23.272727272727273,32,17,TIMESINDIAauto
TIMESINDIAauto,2026-03-19,0.6120976190476191,0.5952380952380952,42,27.714285714285715,35,18,TIMESINDIAauto
TIMESINDIAauto,2026-03-20,0.4194780487804878,0.3902439024390244,41,23.26829268292683,33,19,TIMESINDIAauto
TIMESINDIAauto,2026-03-21,0.4337380952380952,0.38095238095238093,42,29.714285714285715,34,20,TIMESINDIAauto
TIMESINDIAauto,2026-03-22,0.3970121212121212,0.3333333333333333,33,22.242424242424242,28,21,TIMESINDIAauto
TIMESINDIAauto,2026-03-23,0.4763,0.48484848484848486,33,24.666666666666668,27,22,TIMESINDIAauto
TIMESINDIAauto,2026-03-24,0.4808142857142857,0.4642857142857143,28,27.714285714285715,25,23,TIMESINDIAauto
TIMESINDIAauto,2026-03-25,0.47795714285714286,0.42857142857142855,35,30.2,26,24,TIMESINDIAauto
TIMESINDIAauto,2026-03-26,0.48233125,0.46875,32,29.4375,29,25,TIMESINDIAauto
TIMESINDIAauto,2026-03-27,0.24952000000000002,0.2,20,25.0,18,26,TIMESINDIAauto
TIMESINDIAauto,2026-03-28,0.5154380952380953,0.47619047619047616,21,35.42857142857143,17,27,TIMESINDIAauto
TIMESINDIAauto,2026-03-29,0.4415210526315789,0.3684210526315789,38,27.57894736842105,30,28,TIMESINDIAauto
TIMESINDIAauto,2026-03-30,0.67116875,0.6875,32,22.5,28,29,TIMESINDIAauto
TIMESINDIAauto,2026-03-31,0.5708684210526316,0.5789473684210527,38,25.31578947368421,31,30,TIMESINDIAauto
TIMESINDIAauto,2026-04-01,0.40497666666666665,0.36666666666666664,30,25.1,27,31,TIMESINDIAauto
TIMESINDIAauto,2026-04-02,0.5157757575757577,0.48484848484848486,33,26.96969696969697,28,32,TIMESINDIAauto
TIMESINDIAauto,2026-04-03,0.40686666666666665,0.37037037037037035,27,18.48148148148148,23,33,TIMESINDIAauto
TIMESINDIAauto,2026-04-04,0.48617777777777776,0.4444444444444444,27,31.48148148148148,26,34,TIMESINDIAauto
TIMESINDIAauto,2026-04-05,0.5228,0.4782608695652174,23,31.17391304347826,16,35,TIMESINDIAauto
TIMESINDIAauto,2026-04-06,0.4440548387096774,0.41935483870967744,31,30.612903225806452,28,36,TIMESINDIAauto
TIMESINDIAauto,2026-04-07,0.44521750000000004,0.375,40,24.925,35,37,TIMESINDIAauto
TIMESINDIAauto,2026-04-08,0.43090789473684216,0.3684210526315789,38,31.894736842105264,30,38,TIMESINDIAauto
TIMESINDIAauto,2026-04-09,0.49192777777777774,0.4444444444444444,36,27.805555555555557,31,39,TIMESINDIAauto
TIMESINDIAauto,2026-04-10,0.6270466666666666,0.5666666666666667,30,26.8,26,40,TIMESINDIAauto
TIMESINDIAauto,2026-04-11,0.4790541666666666,0.4166666666666667,24,26.458333333333332,18,41,TIMESINDIAauto
TIMESINDIAauto,2026-04-12,0.47711395348837204,0.46511627906976744,43,22.023255813953487,37,42,TIMESINDIAauto
TIMESINDIAauto,2026-04-13,0.45313939393939395,0.45454545454545453,33,21.333333333333332,30,43,TIMESINDIAauto
TIMESINDIAauto,2026-04-14,0.49613548387096773,0.4838709677419355,31,25.70967741935484,27,44,TIMESINDIAauto
TIMESINDIAauto,2026-04-15,0.462428947368421,0.42105263157894735,38,21.263157894736842,33,45,TIMESINDIAauto
TIMESINDIAauto,2026-04-16,0.5724176470588235,0.5294117647058824,34,25.11764705882353,28,46,TIMESINDIAauto
TIMESINDIAauto,2026-04-17,0.44031333333333333,0.4,30,29.333333333333332,26,47,TIMESINDIAauto
TIMESINDIAauto,2026-04-18,0.3506388888888889,0.25,36,29.61111111111111,29,48,TIMESINDIAauto
TIMESINDIAauto,2026-04-19,0.5787882352941176,0.5882352941176471,34,29.41176470588235,29,49,TIMESINDIAauto
TIMESINDIAauto,2026-04-20,0.4768685714285714,0.42857142857142855,35,23.65714285714286,25,50,TIMESINDIAauto
TIMESINDIAauto,2026-04-21,0.47314864864864864,0.4594594594594595,37,26.054054054054053,29,51,TIMESINDIAauto
TIMESINDIAauto,2026-04-22,0.529503448275862,0.4827586206896552,29,28.20689655172414,27,52,TIMESINDIAauto
TIMESINDIAauto,2026-04-23,0.5138590909090909,0.5,44,29.568181818181817,36,53,TIMESINDIAauto
TIMESINDIAauto,2026-04-24,0.4579636363636364,0.4090909090909091,22,28.545454545454547,19,54,TIMESINDIAauto
TIMESINDIAauto,2026-04-25,0.5472951219512195,0.5365853658536586,41,25.585365853658537,28,55,TIMESINDIAauto
TIMESINDIAauto,2026-04-26,0.4427333333333333,0.3611111111111111,36,27.86111111111111,30,56,TIMESINDIAauto
TIMESINDIAauto,2026-04-27,0.5035921052631579,0.4473684210526316,38,31.263157894736842,33,57,TIMESINDIAauto
TIMESINDIAauto,2026-04-28,0.5262371428571428,0.4857142857142857,35,33.885714285714286,28,58,TIMESINDIAauto
TIMESINDIAauto,2026-04-29,0.5374694444444444,0.5277777777777778,36,19.055555555555557,28,59,TIMESINDIAauto
TIMESINDIAauto,2026-04-30,0.5205173913043478,0.4782608695652174,23,24.782608695652176,23,60,TIMESINDIAauto
TIMESINDIAauto,2026-05-01,0.4134805555555556,0.3055555555555556,36,32.416666666666664,29,61,TIMESINDIAauto
TIMESINDIAauto,2026-05-02,0.45648536585365856,0.4146341463414634,41,24.414634146341463,35,62,TIMESINDIAauto
TIMESINDIAauto,2026-05-03,0.5858159090909091,0.5227272727272727,44,25.113636363636363,37,63,TIMESINDIAauto
TIMESINDIAauto,2026-05-04,0.5553483870967743,0.5161290322580645,31,27.322580645161292,26,64,TIMESINDIAauto
TIMESINDIAauto,2026-05-05,0.5910566666666667,0.5666666666666667,30,19.466666666666665,21,65,TIMESINDIAauto
TIMESINDIAauto,2026-05-06,0.44171714285714286,0.42857142857142855,35,31.457142857142856,29,66,TIMESINDIAauto
TIMESINDIAauto,2026-05-07,0.39600967741935483,0.3548387096774194,31,30.806451612903224,29,67,TIMESINDIAauto
TIMESINDIAauto,2026-05-08,0.6333813953488372,0.627906976744186,43,28.3953488372093,32,68,TIMESINDIAauto
TIMESINDIAauto,2026-05-09,0.47191764705882355,0.4411764705882353,34,21.852941176470587,30,69,TIMESINDIAauto
TIMESINDIAauto,2026-05-10,0.6480242424242424,0.6060606060606061,33,23.242424242424242,29,70,TIMESINDIAauto
TIMESINDIAauto,2026-05-11,0.5571571428571428,0.5714285714285714,35,34.77142857142857,29,71,TIMESINDIAauto
TIMESINDIAauto,2026-05-12,0.5641848484848485,0.5151515151515151,33,22.03030303030303,30,72,TIMESINDIAauto
TIMESINDIAauto,2026-05-13,0.444212,0.48,25,26.28,21,73,TIMESINDIAauto
TIMESINDIAauto,2026-05-14,0.42767837837837835,0.40540540540540543,37,29.89189189189189,31,74,TIMESINDIAauto
TIMESINDIAauto,2026-05-15,0.501275,0.4444444444444444,36,25.88888888888889,28,75,TIMESINDIAauto
TIMESINDIAauto,2026-05-16,0.337196875,0.3125,32,21.90625,28,76,TIMESINDIAauto
TIMESINDIAauto,2026-05-17,0.4432941176470588,0.4411764705882353,34,25.58823529411765,29,77,TIMESINDIAauto
TIMESINDIAauto,2026-05-18,0.5257317073170732,0.4878048780487805,41,24.658536585365855,34,78,TIMESINDIAauto
TIMESINDIAauto,2026-05-19,0.34248125,0.3125,32,28.8125,27,79,TIMESINDIAauto
TIMESINDIAauto,2026-05-20,0.504916,0.56,25,28.36,20,80,TIMESINDIAauto
TIMESINDIAauto,2026-05-21,0.4442463414634146,0.43902439024390244,41,25.0,29,81,TIMESINDIAauto
TIMESINDIAauto,2026-05-22,0.4146542857142857,0.34285714285714286,35,27.428571428571427,27,82,TIMESINDIAauto
TIMESINDIAauto,2026-05-23,0.4900935483870968,0.4838709677419355,31,28.29032258064516,30,83,TIMESINDIAauto
TIMESINDIAauto,2026-05-24,0.3781473684210526,0.3157894736842105,38,27.394736842105264,35,84,TIMESINDIAauto
TIMESINDIAauto,2026-05-25,0.4595971428571428,0.42857142857142855,35,27.82857142857143,30,85,TIMESINDIAauto
TIMESINDIAauto,2026-05-26,0.5108421052631579,0.47368421052631576,38,23.763157894736842,32,86,TIMESINDIAauto
TIMESINDIAauto,2026-05-27,0.42984418604651164,0.4418604651162791,43,27.41860465116279,34,87,TIMESINDIAauto
TIMESINDIAauto,2026-05-28,0.3417896551724138,0.27586206896551724,29,25.17241379310345,23,88,TIMESINDIAauto
TIMESINDIAauto,2026-05-29,0.4889324324324324,0.4594594594594595,37,25.405405405405407,33,89,TIMESINDIAauto
TIMESINDIAauto,2026-05-30,0.4711793103448276,0.3793103448275862,29,27.655172413793103,24,90,TIMESINDIAauto
TIMESINDIAauto,2026-05-31,0.38866944444444446,0.3611111111111111,36,33.666666666666664,34,91,TIMESINDIAauto
TIMESINDIAauto,2026-06-01,0.43052285714285715,0.4,35,28.142857142857142,27,92,TIMESINDIAauto
TIMESINDIAauto,2026-06-02,0.6103457142857143,0.5714285714285714,35,30.428571428571427,32,93,TIMESINDIAauto
TIMESINDIAauto,2026-06-03,0.6165961538461538,0.6153846153846154,26,21.5,22,94,TIMESINDIAauto
TIMESINDIAauto,2026-06-04,0.42927105263157894,0.39473684210526316,38,22.05263157894737,31,95,TIMESINDIAauto
TIMESINDIAauto,2026-06-05,0.5724702702702703,0.5675675675675675,37,24.18918918918919,31,96,TIMESINDIAauto
TIMESINDIAauto,2026-06-06,0.4728111111111111,0.4444444444444444,36,26.333333333333332,31,97,TIMESINDIAauto
TIMESINDIAauto,2026-06-07,0.47207333333333334,0.4,30,28.966666666666665,26,98,TIMESINDIAauto
TIMESINDIAauto,2026-06-08,0.5423625,0.53125,32,25.5,29,99,TIMESINDIAauto
TIMESINDIAauto,2026-06-09,0.48119767441860467,0.46511627906976744,43,29.023255813953487,36,100,TIMESINDIAauto
TIMESINDIAauto,2026-06-10,0.4732588235294118,0.4411764705882353,34,24.88235294117647,28,101,TIMESINDIAauto
TIMESINDIAauto,2026-06-11,0.5125354166666667,0.5,48,31.520833333333332,40,102,TIMESINDIAauto
TIMESINDIAauto,2026-06-12,0.4268454545454546,0.36363636363636365,44,25.272727272727273,37,103,TIMESINDIAauto
TIMESINDIAauto,2026-06-13,0.38497777777777775,0.3055555555555556,36,25.13888888888889,33,104,TIMESINDIAauto
TIMESINDIAauto,2026-06-14,0.5147793103448276,0.4482758620689655,29,29.79310344827586,26,105,TIMESINDIAauto
TIMESINDIAauto,2026-06-15,0.6093642857142857,0.6071428571428571,28,30.892857142857142,24,106,TIMESINDIAauto
TIMESINDIAauto,2026-06-16,0.43531842105263163,0.39473684210526316,38,30.157894736842106,30,107,TIMESINDIAauto
TIMESINDIAauto,2026-06-17,0.6282025,0.575,40,26.0,33,108,TIMESINDIAauto
TIMESINDIAauto,2026-06-18,0.4742818181818182,0.42424242424242425,33,27.696969696969695,26,109,TIMESINDIAauto
TIMESINDIAauto,2026-06-19,0.5204972972972972,0.4864864864864865,37,26.513513513513512,31,110,TIMESINDIAauto
TIMESINDIAauto,2026-06-20,0.582338888888889,0.5555555555555556,36,25.63888888888889,31,111,TIMESINDIAauto
TIMESINDIAauto,2026-06-21,0.5676071428571429,0.5238095238095238,42,25.38095238095238,33,112,TIMESINDIAauto
TIMESINDIAauto,2026-06-22,0.40655641025641026,0.3333333333333333,39,29.23076923076923,31,113,TIMESINDIAauto
TIMESINDIAauto,2026-06-23,0.5838705882352941,0.5294117647058824,34,26.794117647058822,28,114,TIMESINDIAauto
TIMESINDIAauto,2026-06-24,0.5313548387096775,0.5161290322580645,31,22.838709677419356,25,115,TIMESINDIAauto
TIMESINDIAauto,2026-06-25,0.38018181818181823,0.3181818181818182,44,33.06818181818182,32,116,TIMESINDIAauto
TIMESINDIAauto,2026-06-26,0.48187857142857143,0.47619047619047616,42,26.738095238095237,33,117,TIMESINDIAauto
TIMESINDIAauto,2026-06-27,0.5179793103448276,0.4827586206896552,29,24.275862068965516,26,118,TIMESINDIAauto
TIMESINDIAauto,2026-06-28,0.3372969696969697,0.2727272727272727,33,28.272727272727273,25,119,TIMESINDIAauto
TJTauto,2026-03-01,0.48057857142857147,0.42857142857142855,56,23.232142857142858,39,0,TJTauto
TJTauto,2026-03-02,0.5430136363636364,0.4772727272727273,44,25.022727272727273,31,1,TJTauto
TJTauto,2026-03-03,0.2980827586206896,0.2413793103448276,58,25.5,36,2,TJTauto
TJTauto,2026-03-04,0.3928326086956522,0.34782608695652173,46,26.891304347826086,27,3,TJTauto
TJTauto,2026-03-05,0.43454181818181814,0.38181818181818183,55,24.436363636363637,40,4,TJTauto
TJTauto,2026-03-06,0.42069387755102045,0.3469387755102041,49,27.387755102040817,36,5,TJTauto
TJTauto,2026-03-07,0.4448909090909091,0.4,55,24.89090909090909,36,6,TJTauto
TJTauto,2026-03-08,0.4637264705882353,0.4117647058823529,34,28.823529411764707,28,7,TJTauto
TJTauto,2026-03-09,0.4360588235294118,0.39215686274509803,51,29.88235294117647,37,8,TJTauto
TJTauto,2026-03-10,0.4627545454545454,0.3939393939393939,33,26.515151515151516,30,9,TJTauto
TJTauto,2026-03-11,0.45474423076923076,0.4423076923076923,52,27.653846153846153,33,10,TJTauto
TJTauto,2026-03-12,0.40704318181818183,0.3409090909090909,44,25.431818181818183,28,11,TJTauto
TJTauto,2026-03-13,0.3710779661016949,0.288135593220339,59,27.35593220338983,42,12,TJTauto
TJTauto,2026-03-14,0.4817666666666666,0.43333333333333335,60,30.2,32,13,TJTauto
TJTauto,2026-03-15,0.3649291666666667,0.3333333333333333,48,28.291666666666668,33,14,TJTauto
TJTauto,2026-03-16,0.564095652173913,0.5217391304347826,46,24.195652173913043,29,15,TJTauto
TJTauto,2026-03-17,0.4212108695652174,0.3695652173913043,46,28.695652173913043,30,16,TJTauto
TJTauto,2026-03-18,0.44610769230769226,0.358974358974359,39,23.358974358974358,25,17,TJTauto
TJTauto,2026-03-19,0.4665,0.42857142857142855,42,24.785714285714285,35,18,TJTauto
TJTauto,2026-03-20,0.47648205128205123,0.4358974358974359,39,30.974358974358974,28,19,TJTauto
TJTauto,2026-03-21,0.27839148936170216,0.23404255319148937,47,26.74468085106383,32,20,TJTauto
TJTauto,2026-03-22,0.47221351351351354,0.4864864864864865,37,28.864864864864863,28,21,TJTauto
TJTauto,2026-03-23,0.5303019230769231,0.5,52,30.692307692307693,29,22,TJTauto
TJTauto,2026-03-24,0.31024871794871794,0.20512820512820512,39,31.666666666666668,34,23,TJTauto
TJTauto,2026-03-25,0.3655911111111111,0.3111111111111111,45,27.844444444444445,30,24,TJTauto
TJTauto,2026-03-26,0.3763883720930232,0.32558139534883723,43,26.186046511627907,31,25,TJTauto
TJTauto,2026-03-27,0.35406909090909094,0.2909090909090909,55,30.581818181818182,35,26,TJTauto
TJTauto,2026-03-28,0.3840818181818182,0.3409090909090909,44,30.136363636363637,31,27,TJTauto
TJTauto,2026-03-29,0.43824468085106383,0.3617021276595745,47,29.914893617021278,34,28,TJTauto
TJTauto,2026-03-30,0.23126923076923075,0.17307692307692307,52,25.076923076923077,36,29,TJTauto
TJTauto,2026-03-31,0.34524444444444446,0.2777777777777778,36,30.0,28,30,TJTauto
TJTauto,2026-04-01,0.4498113636363636,0.4318181818181818,44,25.568181818181817,32,31,TJTauto
TJTauto,2026-04-02,0.32079622641509437,0.2641509433962264,53,29.9811320754717,39,32,TJTauto
TJTauto,2026-04-03,0.4872942857142857,0.45714285714285713,35,25.314285714285713,31,33,TJTauto
TJTauto,2026-04-04,0.30836,0.26666666666666666,45,21.88888888888889,31,34,TJTauto
TJTauto,2026-04-05,0.31353777777777775,0.28888888888888886,45,25.42222222222222,27,35,TJTauto
TJTauto,2026-04-06,0.3882707317073171,0.36585365853658536,41,31.902439024390244,34,36,TJTauto
TJTauto,2026-04-07,0.42840263157894737,0.39473684210526316,38,26.86842105263158,29,37,TJTauto
TJTauto,2026-04-08,0.45441914893617025,0.3829787234042553,47,22.425531914893618,37,38,TJTauto
TJTauto,2026-04-09,0.4409104166666667,0.375,48,26.895833333333332,34,39,TJTauto
TJTauto,2026-04-10,0.3349365853658537,0.2682926829268293,41,28.48780487804878,27,40,TJTauto
TJTauto,2026-04-11,0.3576642857142857,0.2619047619047619,42,29.595238095238095,32,41,TJTauto
TJTauto,2026-04-12,0.44434117647058824,0.39215686274509803,51,25.294117647058822,31,42,TJTauto
TJTauto,2026-04-13,0.3762658536585366,0.3170731707317073,41,26.682926829268293,32,43,TJTauto
TJTauto,2026-04-14,0.3666706896551724,0.3103448275862069,58,31.03448275862069,37,44,TJTauto
TJTauto,2026-04-15,0.3208891304347826,0.2608695652173913,46,28.58695652173913,31,45,TJTauto
TJTauto,2026-04-16,0.5434953488372093,0.46511627906976744,43,24.302325581395348,34,46,TJTauto
TJTauto,2026-04-17,0.36712962962962964,0.3148148148148148,54,24.796296296296298,35,47,TJTauto
TJTauto,2026-04-18,0.2536897959183673,0.16326530612244897,49,31.93877551020408,37,48,TJTauto
TJTauto,2026-04-19,0.3650457627118644,0.288135593220339,59,25.491525423728813,40,49,TJTauto
TJTauto,2026-04-20,0.25250232558139535,0.16279069767441862,43,25.930232558139537,32,50,TJTauto
TJTauto,2026-04-21,0.42612777777777777,0.3611111111111111,36,25.47222222222222,30,51,TJTauto
TJTauto,2026-04-22,0.4266472222222222,0.3611111111111111,36,28.916666666666668,33,52,TJTauto
TJTauto,2026-04-23,0.426709756097561,0.36585365853658536,41,22.390243902439025,23,53,TJTauto
TJTauto,2026-04-24,0.41344901960784314,0.35294117647058826,51,26.784313725490197,38,54,TJTauto
TJTauto,2026-04-25,0.4345704545454545,0.38636363636363635,44,25.977272727272727,32,55,TJTauto
TJTauto,2026-04-26,0.41736216216216215,0.35135135135135137,37,26.864864864864863,31,56,TJTauto
TJTauto,2026-04-27,0.4199871794871795,0.358974358974359,39,31.153846153846153,29,57,TJTauto
TJTauto,2026-04-28,0.44287499999999996,0.38636363636363635,44,22.863636363636363,32,58,TJTauto
TJTauto,2026-04-29,0.4525605263157894,0.39473684210526316,38,23.44736842105263,26,59,TJTauto
TJTauto,2026-04-30,0.35312499999999997,0.2727272727272727,44,28.90909090909091,31,60,TJTauto
TJTauto,2026-05-01,0.391594,0.36,50,30.64,29,61,TJTauto
TJTauto,2026-05-02,0.3884690476190476,0.3333333333333333,42,22.30952380952381,27,62,TJTauto
TJTauto,2026-05-03,0.47062444444444446,0.4,45,22.955555555555556,35,63,TJTauto
TJTauto,2026-05-04,0.38640425531914896,0.3617021276595745,47,22.659574468085108,30,64,TJTauto
TJTauto,2026-05-05,0.5020622222222222,0.4666666666666667,45,23.444444444444443,27,65,TJTauto
TJTauto,2026-05-06,0.41222045454545453,0.38636363636363635,44,32.75,28,66,TJTauto
TJTauto,2026-05-07,0.48241818181818186,0.4090909090909091,44,23.045454545454547,27,67,TJTauto
TJTauto,2026-05-08,0.36365,0.325,40,25.375,27,68,TJTauto
TJTauto,2026-05-09,0.5384095238095238,0.5,42,28.666666666666668,29,69,TJTauto
TJTauto,2026-05-10,0.3877578947368421,0.34210526315789475,38,26.63157894736842,28,70,TJTauto
TJTauto,2026-05-11,0.4779025,0.425,40,26.425,32,71,TJTauto
TJTauto,2026-05-12,0.4546522727272727,0.4090909090909091,44,25.045454545454547,32,72,TJTauto
TJTauto,2026-05-13,0.32507073170731704,0.21951219512195122,41,29.878048780487806,32,73,TJTauto
TJTauto,2026-05-14,0.3432542857142857,0.3142857142857143,35,25.6,28,74,TJTauto
TJTauto,2026-05-15,0.2695875,0.225,40,28.725,26,75,TJTauto
TJTauto,2026-05-16,0.3166972222222222,0.25,36,25.88888888888889,29,76,TJTauto
TJTauto,2026-05-17,0.3915604166666667,0.3541666666666667,48,26.645833333333332,35,77,TJTauto
TJTauto,2026-05-18,0.3441698412698413,0.2698412698412698,63,25.50793650793651,40,78,TJTauto
TJTauto,2026-05-19,0.44062,0.425,40,23.1,27,79,TJTauto
TJTauto,2026-05-20,0.33657105263157894,0.23684210526315788,38,25.68421052631579,33,80,TJTauto
TJTauto,2026-05-21,0.46233777777777774,0.4222222222222222,45,25.511111111111113,34,81,TJTauto
TJTauto,2026-05-22,0.3897744186046512,0.3023255813953488,43,27.325581395348838,30,82,TJTauto
TJTauto,2026-05-23,0.4590418604651163,0.4186046511627907,43,25.0,32,83,TJTauto
TJTauto,2026-05-24,0.3058139534883721,0.23255813953488372,43,23.209302325581394,30,84,TJTauto
TJTauto,2026-05-25,0.4204948717948718,0.38461538461538464,39,27.897435897435898,27,85,TJTauto
TJTauto,2026-05-26,0.44526363636363636,0.4090909090909091,44,26.568181818181817,32,86,TJTauto
TJTauto,2026-05-27,0.4761677419354839,0.45161290322580644,31,26.032258064516128,25,87,TJTauto
TJTauto,2026-05-28,0.3128173913043478,0.2391304347826087,46,23.97826086956522,34,88,TJTauto
TJTauto,2026-05-29,0.26393829787234047,0.19148936170212766,47,28.361702127659573,36,89,TJTauto
TJTauto,2026-05-30,0.31265178571428576,0.23214285714285715,56,30.857142857142858,35,90,TJTauto
TJTauto,2026-05-31,0.39476666666666665,0.3333333333333333,54,23.27777777777778,38,91,TJTauto
TJTauto,2026-06-01,0.35161219512195124,0.2926829268292683,41,27.29268292682927,33,92,TJTauto
TJTauto,2026-06-02,0.4083903846153846,0.38461538461538464,52,27.096153846153847,38,93,TJTauto
TJTauto,2026-06-03,0.2876444444444444,0.2222222222222222,54,27.314814814814813,38,94,TJTauto
TJTauto,2026-06-04,0.29609411764705884,0.23529411764705882,34,25.705882352941178,27,95,TJTauto
TJTauto,2026-06-05,0.3494931034482759,0.27586206896551724,58,27.379310344827587,41,96,TJTauto
TJTauto,2026-06-06,0.2939425531914894,0.23404255319148937,47,30.893617021276597,34,97,TJTauto
TJTauto,2026-06-07,0.33601803278688525,0.26229508196721313,61,24.295081967213115,41,98,TJTauto
TJTauto,2026-06-08,0.3600641025641026,0.28205128205128205,39,24.897435897435898,31,99,TJTauto
TJTauto,2026-06-09,0.3653418604651163,0.27906976744186046,43,23.813953488372093,30,100,TJTauto
TJTauto,2026-06-10,0.26919056603773583,0.18867924528301888,53,29.528301886792452,33,101,TJTauto
TJTauto,2026-06-11,0.28566326530612246,0.16326530612244897,49,23.632653061224488,32,102,TJTauto
TJTauto,2026-06-12,0.31782340425531913,0.23404255319148937,47,23.5531914893617,34,103,TJTauto
TJTauto,2026-06-13,0.3734232142857143,0.30357142857142855,56,26.482142857142858,37,104,TJTauto
TJTauto,2026-06-14,0.2638125,0.21875,32,29.53125,26,105,TJTauto
TJTauto,2026-06-15,0.3761125,0.2916666666666667,48,24.104166666666668,34,106,TJTauto
TJTauto,2026-06-16,0.14301162790697675,0.06976744186046512,43,26.74418604651163,28,107,TJTauto
TJTauto,2026-06-17,0.2504782608695652,0.17391304347826086,46,25.32608695652174,32,108,TJTauto
TJTauto,2026-06-18,0.3581357142857143,0.2619047619047619,42,27.952380952380953,27,109,TJTauto
TJTauto,2026-06-19,0.34268936170212766,0.2765957446808511,47,24.93617021276596,31,110,TJTauto
TJTauto,2026-06-20,0.3082439024390244,0.21951219512195122,41,22.024390243902438,30,111,TJTauto
TJTauto,2026-06-21,0.32607826086956526,0.2608695652173913,46,25.652173913043477,33,112,TJTauto
TJTauto,2026-06-22,0.33874200000000004,0.24,50,22.84,32,113,TJTauto
TJTauto,2026-06-23,0.3116673469387755,0.22448979591836735,49,24.306122448979593,33,114,TJTauto
TJTauto,2026-06-24,0.35428000000000004,0.25,40,28.825,33,115,TJTauto
TJTauto,2026-06-25,0.2568815789473684,0.21052631578947367,38,23.710526315789473,29,116,TJTauto
TJTauto,2026-06-26,0.4088568181818182,0.3181818181818182,44,22.59090909090909,29,117,TJTauto
TJTauto,2026-06-27,0.21201153846153845,0.15384615384615385,52,28.673076923076923,37,118,TJTauto
TJTauto,2026-06-28,0.3036810810810811,0.24324324324324326,37,27.864864864864863,27,119,TJTauto
TORONTOSTARauto,2026-03-01,0.19401428571428572,0.125,56,28.035714285714285,27,0,TORONTOSTARauto
TORONTOSTARauto,2026-03-02,0.17174901960784314,0.11764705882352941,51,26.84313725490196,28,1,TORONTOSTARauto
TORONTOSTARauto,2026-03-03,0.19180714285714284,0.10714285714285714,56,28.892857142857142,36,2,TORONTOSTARauto
TORONTOSTARauto,2026-03-04,0.11284042553191488,0.0425531914893617,47,25.97872340425532,26,3,TORONTOSTARauto
TORONTOSTARauto,2026-03-05,0.23290227272727274,0.13636363636363635,44,25.431818181818183,32,4,TORONTOSTARauto
TORONTOSTARauto,2026-03-06,0.11636981132075472,0.0,53,24.867924528301888,31,5,TORONTOSTARauto
TORONTOSTARauto,2026-03-07,0.11099166666666667,0.03333333333333333,60,27.283333333333335,32,6,TORONTOSTARauto
TORONTOSTARauto,2026-03-08,0.2154344827586207,0.1206896551724138,58,24.879310344827587,41,7,TORONTOSTARauto
TORONTOSTARauto,2026-03-09,0.09420566037735849,0.0,53,24.0188679245283,33,8,TORONTOSTARauto
TORONTOSTARauto,2026-03-10,0.14070327868852459,0.06557377049180328,61,23.508196721311474,38,9,TORONTOSTARauto
TORONTOSTARauto,2026-03-11,0.21578333333333333,0.14583333333333334,48,20.354166666666668,28,10,TORONTOSTARauto
TORONTOSTARauto,2026-03-12,0.13756190476190475,0.047619047619047616,42,28.095238095238095,23,11,TORONTOSTARauto
TORONTOSTARauto,2026-03-13,0.14816140350877194,0.017543859649122806,57,29.736842105263158,28,12,TORONTOSTARauto
TORONTOSTARauto,2026-03-14,0.23489814814814813,0.1111111111111111,54,27.11111111111111,36,13,TORONTOSTARauto
TORONTOSTARauto,2026-03-15,0.13956249999999998,0.025,40,29.225,25,14,TORONTOSTARauto
TORONTOSTARauto,2026-03-16,0.21535714285714286,0.09523809523809523,42,30.61904761904762,29,15,TORONTOSTARauto
TORONTOSTARauto,2026-03-17,0.1347326923076923,0.019230769230769232,52,27.096153846153847,25,16,TORONTOSTARauto
TORONTOSTARauto,2026-03-18,0.2936625,0.21428571428571427,56,24.982142857142858,28,17,TORONTOSTARauto
TORONTOSTARauto,2026-03-19,0.2302490909090909,0.12727272727272726,55,23.0,30,18,TORONTOSTARauto
TORONTOSTARauto,2026-03-20,0.199785,0.1,60,24.183333333333334,26,19,TORONTOSTARauto
TORONTOSTARauto,2026-03-21,0.156436,0.02,50,25.24,27,20,TORONTOSTARauto
TORONTOSTARauto,2026-03-22,0.17252127659574468,0.0851063829787234,47,26.872340425531913,28,21,TORONTOSTARauto
TORONTOSTARauto,2026-03-23,0.21156326530612246,0.14285714285714285,49,27.040816326530614,27,22,TORONTOSTARauto
TORONTOSTARauto,2026-03-24,0.21948983050847456,0.1016949152542373,59,24.06779661016949,35,23,TORONTOSTARauto
TORONTOSTARauto,2026-03-25,0.24206500000000003,0.15,40,24.475,28,24,TORONTOSTARauto
TORONTOSTARauto,2026-03-26,0.1426953125,0.0625,64,26.3125,32,25,TORONTOSTARauto
TORONTOSTARauto,2026-03-27,0.21519318181818184,0.13636363636363635,44,23.772727272727273,26,26,TORONTOSTARauto
TORONTOSTARauto,2026-03-28,0.14355,0.03225806451612903,62,31.322580645161292,36,27,TORONTOSTARauto
TORONTOSTARauto,2026-03-29,0.1593203703703704,0.07407407407407407,54,23.055555555555557,28,28,TORONTOSTARauto
TORONTOSTARauto,2026-03-30,0.13512553191489363,0.0,47,25.23404255319149,31,29,TORONTOSTARauto
TORONTOSTARauto,2026-03-31,0.3957734693877551,0.3673469387755102,49,23.183673469387756,32,30,TORONTOSTARauto
TORONTOSTARauto,2026-04-01,0.22425434782608694,0.10869565217391304,46,28.5,23,31,TORONTOSTARauto
TORONTOSTARauto,2026-04-02,0.1284980769230769,0.0,52,23.884615384615383,30,32,TORONTOSTARauto
TORONTOSTARauto,2026-04-03,0.14735272727272727,0.07272727272727272,55,25.09090909090909,30,33,TORONTOSTARauto
TORONTOSTARauto,2026-04-04,0.17561194029850746,0.08955223880597014,67,28.16417910447761,34,34,TORONTOSTARauto
TORONTOSTARauto,2026-04-05,0.186425,0.10714285714285714,56,28.125,27,35,TORONTOSTARauto
TORONTOSTARauto,2026-04-06,0.26006956521739133,0.21739130434782608,46,27.456521739130434,29,36,TORONTOSTARauto
TORONTOSTARauto,2026-04-07,0.16590652173913045,0.08695652173913043,46,23.347826086956523,25,37,TORONTOSTARauto
TORONTOSTARauto,2026-04-08,0.19060357142857143,0.07142857142857142,56,25.339285714285715,31,38,TORONTOSTARauto
TORONTOSTARauto,2026-04-09,0.1282595744680851,0.02127659574468085,47,27.319148936170212,28,39,TORONTOSTARauto
TORONTOSTARauto,2026-04-10,0.21588846153846156,0.11538461538461539,52,26.057692307692307,29,40,TORONTOSTARauto
TORONTOSTARauto,2026-04-11,0.13725681818181817,0.022727272727272728,44,29.568181818181817,30,41,TORONTOSTARauto
TORONTOSTARauto,2026-04-12,0.10427441860465117,0.023255813953488372,43,30.953488372093023,29,42,TORONTOSTARauto
TORONTOSTARauto,2026-04-13,0.16954285714285713,0.07142857142857142,42,30.904761904761905,25,43,TORONTOSTARauto
TORONTOSTARauto,2026-04-14,0.1691767857142857,0.03571428571428571,56,28.392857142857142,29,44,TORONTOSTARauto
TORONTOSTARauto,2026-04-15,0.1923979166666667,0.10416666666666667,48,22.833333333333332,32,45,TORONTOSTARauto
TORONTOSTARauto,2026-04-16,0.2819392857142857,0.21428571428571427,56,28.785714285714285,26,46,TORONTOSTARauto
TORONTOSTARauto,2026-04-17,0.3017942857142857,0.22857142857142856,35,29.228571428571428,20,47,TORONTOSTARauto
TORONTOSTARauto,2026-04-18,0.14471020408163265,0.061224489795918366,49,27.0,29,48,TORONTOSTARauto
TORONTOSTARauto,2026-04-19,0.19888245614035088,0.08771929824561403,57,28.49122807017544,31,49,TORONTOSTARauto
TORONTOSTARauto,2026-04-20,0.12926034482758622,0.034482758620689655,58,23.137931034482758,34,50,TORONTOSTARauto
TORONTOSTARauto,2026-04-21,0.20455178571428573,0.125,56,31.071428571428573,36,51,TORONTOSTARauto
TORONTOSTARauto,2026-04-22,0.31,0.21875,64,25.625,31,52,TORONTOSTARauto
TORONTOSTARauto,2026-04-23,0.21950363636363635,0.12727272727272726,55,26.727272727272727,28,53,TORONTOSTARauto
TORONTOSTARauto,2026-04-24,0.1304955882352941,0.058823529411764705,68,23.352941176470587,29,54,TORONTOSTARauto
TORONTOSTARauto,2026-04-25,0.21779622641509436,0.11320754716981132,53,27.07547169811321,29,55,TORONTOSTARauto
TORONTOSTARauto,2026-04-26,0.20370961538461538,0.15384615384615385,52,26.53846153846154,27,56,TORONTOSTARauto
TORONTOSTARauto,2026-04-27,0.21886399999999998,0.14,50,29.12,31,57,TORONTOSTARauto
TORONTOSTARauto,2026-04-28,0.19219245283018868,0.07547169811320754,53,25.62264150943396,31,58,TORONTOSTARauto
TORONTOSTARauto,2026-04-29,0.2121290322580645,0.11290322580645161,62,28.93548387096774,28,59,TORONTOSTARauto
TORONTOSTARauto,2026-04-30,0.17229814814814814,0.09259259259259259,54,28.90740740740741,33,60,TORONTOSTARauto
TORONTOSTARauto,2026-05-01,0.140254,0.04,50,24.08,30,61,TORONTOSTARauto
TORONTOSTARauto,2026-05-02,0.15448545454545456,0.05454545454545454,55,29.509090909090908,31,62,TORONTOSTARauto
TORONTOSTARauto,2026-05-03,0.21033125,0.125,64,26.5625,35,63,TORONTOSTARauto
TORONTOSTARauto,2026-05-04,0.13557142857142856,0.04081632653061224,49,25.346938775510203,32,64,TORONTOSTARauto
TORONTOSTARauto,2026-05-05,0.20446785714285712,0.08928571428571429,56,24.428571428571427,32,65,TORONTOSTARauto
TORONTOSTARauto,2026-05-06,0.17182264150943397,0.03773584905660377,53,27.30188679245283,31,66,TORONTOSTARauto
TORONTOSTARauto,2026-05-07,0.1925090909090909,0.07272727272727272,55,27.618181818181817,31,67,TORONTOSTARauto
TORONTOSTARauto,2026-05-08,0.13411016949152543,0.01694915254237288,59,28.305084745762713,33,68,TORONTOSTARauto
TORONTOSTARauto,2026-05-09,0.083775,0.0,60,27.966666666666665,33,69,TORONTOSTARauto
TORONTOSTARauto,2026-05-10,0.15989347826086958,0.10869565217391304,46,28.47826086956522,27,70,TORONTOSTARauto
TORONTOSTARauto,2026-05-11,0.13295172413793102,0.017241379310344827,58,30.844827586206897,38,71,TORONTOSTARauto
TORONTOSTARauto,2026-05-12,0.19718823529411764,0.09803921568627451,51,26.313725490196077,28,72,TORONTOSTARauto
TORONTOSTARauto,2026-05-13,0.152555737704918,0.06557377049180328,61,23.704918032786885,31,73,TORONTOSTARauto
TORONTOSTARauto,2026-05-14,0.11586545454545455,0.0,55,31.98181818181818,33,74,TORONTOSTARauto
TORONTOSTARauto,2026-05-15,0.1712675,0.025,40,29.225,31,75,TORONTOSTARauto
TORONTOSTARauto,2026-05-16,0.1684393442622951,0.06557377049180328,61,24.098360655737704,32,76,TORONTOSTARauto
TORONTOSTARauto,2026-05-17,0.19737555555555555,0.08888888888888889,45,27.977777777777778,27,77,TORONTOSTARauto
TORONTOSTARauto,2026-05-18,0.2405979591836735,0.16326530612244897,49,27.918367346938776,32,78,TORONTOSTARauto
TORONTOSTARauto,2026-05-19,0.14055333333333334,0.044444444444444446,45,29.066666666666666,26,79,TORONTOSTARauto
TORONTOSTARauto,2026-05-20,0.19621923076923078,0.09615384615384616,52,26.365384615384617,31,80,TORONTOSTARauto
TORONTOSTARauto,2026-05-21,0.19201833333333335,0.1,60,24.466666666666665,35,81,TORONTOSTARauto
TORONTOSTARauto,2026-05-22,0.14445862068965518,0.06896551724137931,58,24.93103448275862,31,82,TORONTOSTARauto
TORONTOSTARauto,2026-05-23,0.2006242424242424,0.10606060606060606,66,29.333333333333332,35,83,TORONTOSTARauto
TORONTOSTARauto,2026-05-24,0.15246363636363638,0.01818181818181818,55,26.654545454545456,30,84,TORONTOSTARauto
TORONTOSTARauto,2026-05-25,0.14162096774193547,0.016129032258064516,62,31.629032258064516,38,85,TORONTOSTARauto
TORONTOSTARauto,2026-05-26,0.199475,0.09615384615384616,52,30.576923076923077,35,86,TORONTOSTARauto
TORONTOSTARauto,2026-05-27,0.08687037037037036,0.0,54,30.5,29,87,TORONTOSTARauto
TORONTOSTARauto,2026-05-28,0.17532068965517242,0.034482758620689655,58,26.086206896551722,38,88,TORONTOSTARauto
TORONTOSTARauto,2026-05-29,0.1228962962962963,0.037037037037037035,54,25.555555555555557,31,89,TORONTOSTARauto
TORONTOSTARauto,2026-05-30,0.12447407407407408,0.018518518518518517,54,30.48148148148148,31,90,TORONTOSTARauto
TORONTOSTARauto,2026-05-31,0.12305614035087718,0.03508771929824561,57,24.56140350877193,29,91,TORONTOSTARauto
TORONTOSTARauto,2026-06-01,0.16837346938775508,0.061224489795918366,49,28.20408163265306,32,92,TORONTOSTARauto
TORONTOSTARauto,2026-06-02,0.12579807692307693,0.0,52,26.057692307692307,29,93,TORONTOSTARauto
TORONTOSTARauto,2026-06-03,0.21647755102040817,0.10204081632653061,49,24.53061224489796,30,94,TORONTOSTARauto
TORONTOSTARauto,2026-06-04,0.12119210526315789,0.0,38,28.210526315789473,27,95,TORONTOSTARauto
TORONTOSTARauto,2026-06-05,0.12051774193548387,0.0,62,23.516129032258064,33,96,TORONTOSTARauto
TORONTOSTARauto,2026-06-06,0.14149782608695652,0.021739130434782608,46,28.0,31,97,TORONTOSTARauto
TORONTOSTARauto,2026-06-07,0.1290732142857143,0.0,56,27.821428571428573,30,98,TORONTOSTARauto
TORONTOSTARauto,2026-06-08,0.15375384615384616,0.07692307692307693,39,22.615384615384617,28,99,TORONTOSTARauto
TORONTOSTARauto,2026-06-09,0.12101159420289856,0.0,69,28.91304347826087,30,100,TORONTOSTARauto
TORONTOSTARauto,2026-06-10,0.13731147540983607,0.0,61,27.62295081967213,33,101,TORONTOSTARauto
TORONTOSTARauto,2026-06-11,0.1429222222222222,0.018518518518518517,54,31.09259259259259,34,102,TORONTOSTARauto
TORONTOSTARauto,2026-06-12,0.11631612903225806,0.0,62,28.822580645161292,28,103,TORONTOSTARauto
TORONTOSTARauto,2026-06-13,0.12240612244897958,0.0,49,29.122448979591837,30,104,TORONTOSTARauto
TORONTOSTARauto,2026-06-14,0.10920227272727273,0.022727272727272728,44,26.068181818181817,31,105,TORONTOSTARauto
TORONTOSTARauto,2026-06-15,0.11855535714285714,0.0,56,29.428571428571427,29,106,TORONTOSTARauto
TORONTOSTARauto,2026-06-16,0.1202,0.0,40,23.375,26,107,TORONTOSTARauto
TORONTOSTARauto,2026-06-17,0.123796875,0.03125,64,26.65625,31,108,TORONTOSTARauto
TORONTOSTARauto,2026-06-18,0.14013061224489795,0.02040816326530612,49,27.20408163265306,35,109,TORONTOSTARauto
TORONTOSTARauto,2026-06-19,0.13890243902439026,0.0,41,31.317073170731707,27,110,TORONTOSTARauto
TORONTOSTARauto,2026-06-20,0.11574285714285715,0.0,42,27.88095238095238,27,111,TORONTOSTARauto
TORONTOSTARauto,2026-06-21,0.10160806451612903,0.016129032258064516,62,24.467741935483872,29,112,TORONTOSTARauto
TORONTOSTARauto,2026-06-22,0.15610483870967742,0.016129032258064516,62,27.774193548387096,34,113,TORONTOSTARauto
TORONTOSTARauto,2026-06-23,0.148522,0.02,50,23.3,32,114,TORONTOSTARauto
TORONTOSTARauto,2026-06-24,0.11528999999999999,0.0,60,28.133333333333333,35,115,TORONTOSTARauto
TORONTOSTARauto,2026-06-25,0.16232,0.0,50,28.92,28,116,TORONTOSTARauto
TORONTOSTARauto,2026-06-26,0.13049090909090907,0.0,33,29.424242424242426,25,117,TORONTOSTARauto
TORONTOSTARauto,2026-06-27,0.09562592592592593,0.018518518518518517,54,29.27777777777778,36,118,TORONTOSTARauto
TORONTOSTARauto,2026-06-28,0.12025636363636365,0.0,55,30.345454545454544,32,119,TORONTOSTARauto
Techfeed,2026-03-01,0.4856648648648649,0.4594594594594595,37,21.945945945945947,26,0,Techfeed
Techfeed,2026-03-02,0.472984,0.48,50,27.44,32,1,Techfeed
Techfeed,2026-03-03,0.4964431818181818,0.4318181818181818,44,24.863636363636363,24,2,Techfeed
Techfeed,2026-03-04,0.4060276595744681,0.3829787234042553,47,24.574468085106382,24,3,Techfeed
Techfeed,2026-03-05,0.29702307692307695,0.23076923076923078,39,27.05128205128205,23,4,Techfeed
Techfeed,2026-03-06,0.38662413793103445,0.3103448275862069,29,32.3448275862069,21,5,Techfeed
Techfeed,2026-03-07,0.5437035714285715,0.5357142857142857,28,24.035714285714285,20,6,Techfeed
Techfeed,2026-03-08,0.5306520833333334,0.4791666666666667,48,26.979166666666668,28,7,Techfeed
Techfeed,2026-03-09,0.5356441860465115,0.5348837209302325,43,27.441860465116278,26,8,Techfeed
Techfeed,2026-03-10,0.44715227272727276,0.4090909090909091,44,27.181818181818183,25,9,Techfeed
Techfeed,2026-03-11,0.518482,0.5,50,26.3,31,10,Techfeed
Techfeed,2026-03-12,0.5189470588235294,0.5,34,25.558823529411764,22,11,Techfeed
Techfeed,2026-03-13,0.384025,0.325,40,27.775,25,12,Techfeed
Techfeed,2026-03-14,0.5158625,0.475,40,28.225,26,13,Techfeed
Techfeed,2026-03-15,0.479536,0.46,50,28.78,28,14,Techfeed
Techfeed,2026-03-16,0.3365,0.2978723404255319,47,27.914893617021278,27,15,Techfeed
Techfeed,2026-03-17,0.48575749999999995,0.45,40,27.425,20,16,Techfeed
Techfeed,2026-03-18,0.517215,0.5,40,19.775,29,17,Techfeed
Techfeed,2026-03-19,0.4612921052631579,0.42105263157894735,38,26.105263157894736,24,18,Techfeed
Techfeed,2026-03-20,0.255358064516129,0.1935483870967742,31,25.70967741935484,25,19,Techfeed
Techfeed,2026-03-21,0.3214673076923077,0.25,52,25.03846153846154,29,20,Techfeed
Techfeed,2026-03-22,0.49804318181818186,0.5,44,27.613636363636363,26,21,Techfeed
Techfeed,2026-03-23,0.37495862068965513,0.3448275862068966,29,32.03448275862069,22,22,Techfeed
Techfeed,2026-03-24,0.3267815789473684,0.2631578947368421,38,27.342105263157894,28,23,Techfeed
Techfeed,2026-03-25,0.45923478260869566,0.43478260869565216,46,22.804347826086957,32,24,Techfeed
Techfeed,2026-03-26,0.4595823529411765,0.4117647058823529,51,26.254901960784313,32,25,Techfeed
Techfeed,2026-03-27,0.5175888888888889,0.4666666666666667,45,26.555555555555557,30,26,Techfeed
Techfeed,2026-03-28,0.3867175,0.35,40,30.675,27,27,Techfeed
Techfeed,2026-03-29,0.4328095238095238,0.38095238095238093,42,31.071428571428573,31,28,Techfeed
Techfeed,2026-03-30,0.3924393939393939,0.3333333333333333,33,26.87878787878788,26,29,Techfeed
Techfeed,2026-03-31,0.31492181818181814,0.2727272727272727,55,26.0,31,30,Techfeed
Techfeed,2026-04-01,0.5824515151515152,0.5757575757575758,33,25.90909090909091,24,31,Techfeed
Techfeed,2026-04-02,0.4424880952380952,0.40476190476190477,42,26.38095238095238,27,32,Techfeed
Techfeed,2026-04-03,0.47617241379310343,0.4482758620689655,29,23.517241379310345,23,33,Techfeed
Techfeed,2026-04-04,0.5263848484848485,0.5151515151515151,33,19.90909090909091,23,34,Techfeed
Techfeed,2026-04-05,0.5287564102564103,0.48717948717948717,39,26.358974358974358,28,35,Techfeed
Techfeed,2026-04-06,0.4640302325581395,0.3953488372093023,43,27.25581395348837,29,36,Techfeed
Techfeed,2026-04-07,0.4637477272727273,0.4090909090909091,44,28.522727272727273,33,37,Techfeed
Techfeed,2026-04-08,0.5107184210526315,0.4473684210526316,38,23.236842105263158,28,38,Techfeed
Techfeed,2026-04-09,0.3991666666666666,0.3333333333333333,45,25.022222222222222,30,39,Techfeed
Techfeed,2026-04-10,0.39614054054054054,0.32432432432432434,37,26.43243243243243,26,40,Techfeed
Techfeed,2026-04-11,0.5304352941176471,0.47058823529411764,34,29.735294117647058,27,41,Techfeed
Techfeed,2026-04-12,0.3537931818181818,0.2727272727272727,44,25.65909090909091,32,42,Techfeed
Techfeed,2026-04-13,0.33771162790697673,0.27906976744186046,43,24.627906976744185,33,43,Techfeed
Techfeed,2026-04-14,0.3331340425531915,0.2765957446808511,47,23.04255319148936,33,44,Techfeed
Techfeed,2026-04-15,0.35804166666666665,0.2916666666666667,48,31.958333333333332,32,45,Techfeed
Techfeed,2026-04-16,0.5389658536585366,0.4878048780487805,41,23.146341463414632,29,46,Techfeed
Techfeed,2026-04-17,0.5347258064516128,0.4838709677419355,31,27.032258064516128,24,47,Techfeed
Techfeed,2026-04-18,0.511452,0.5,50,27.64,33,48,Techfeed
Techfeed,2026-04-19,0.4373871794871795,0.38461538461538464,39,28.205128205128204,29,49,Techfeed
Techfeed,2026-04-20,0.3801424242424243,0.3333333333333333,33,26.060606060606062,25,50,Techfeed
Techfeed,2026-04-21,0.3723333333333333,0.30303030303030304,33,26.606060606060606,24,51,Techfeed
Techfeed,2026-04-22,0.4822190476190476,0.4523809523809524,42,30.547619047619047,27,52,Techfeed
Techfeed,2026-04-23,0.43822926829268294,0.4146341463414634,41,29.170731707317074,29,53,Techfeed
Techfeed,2026-04-24,0.4410780487804878,0.3902439024390244,41,31.804878048780488,29,54,Techfeed
Techfeed,2026-04-25,0.5038282051282051,0.4358974358974359,39,29.153846153846153,29,55,Techfeed
Techfeed,2026-04-26,0.505386,0.46,50,24.54,38,56,Techfeed
Techfeed,2026-04-27,0.28095853658536585,0.21951219512195122,41,30.73170731707317,30,57,Techfeed
Techfeed,2026-04-28,0.45448333333333335,0.3888888888888889,36,25.25,26,58,Techfeed
Techfeed,2026-04-29,0.5057068181818182,0.4772727272727273,44,24.863636363636363,35,59,Techfeed
Techfeed,2026-04-30,0.40329047619047614,0.3333333333333333,42,28.476190476190474,32,60,Techfeed
Techfeed,2026-05-01,0.40917777777777775,0.3888888888888889,36,20.97222222222222,30,61,Techfeed
Techfeed,2026-05-02,0.3929175,0.325,40,23.625,34,62,Techfeed
Techfeed,2026-05-03,0.43126976744186046,0.3953488372093023,43,26.74418604651163,37,63,Techfeed
Techfeed,2026-05-04,0.4628813953488372,0.4186046511627907,43,29.232558139534884,27,64,Techfeed
Techfeed,2026-05-05,0.4504568181818182,0.4318181818181818,44,29.113636363636363,35,65,Techfeed
Techfeed,2026-05-06,0.5136627906976744,0.46511627906976744,43,25.790697674418606,31,66,Techfeed
Techfeed,2026-05-07,0.47346153846153843,0.4358974358974359,39,28.512820512820515,31,67,Techfeed
Techfeed,2026-05-08,0.5326742857142857,0.6,35,23.4,30,68,Techfeed
Techfeed,2026-05-09,0.5109022727272727,0.5,44,27.65909090909091,34,69,Techfeed
Techfeed,2026-05-10,0.47187500000000004,0.4166666666666667,36,28.27777777777778,30,70,Techfeed
Techfeed,2026-05-11,0.5723818181818182,0.5151515151515151,33,26.696969696969695,28,71,Techfeed
Techfeed,2026-05-12,0.5037131578947369,0.47368421052631576,38,25.710526315789473,30,72,Techfeed
Techfeed,2026-05-13,0.4813081081081081,0.4594594594594595,37,26.35135135135135,27,73,Techfeed
Techfeed,2026-05-14,0.50988,0.4857142857142857,35,30.114285714285714,29,74,Techfeed
Techfeed,2026-05-15,0.5133639999999999,0.52,25,24.84,19,75,Techfeed
Techfeed,2026-05-16,0.42347358490566034,0.39622641509433965,53,31.150943396226417,39,76,Techfeed
Techfeed,2026-05-17,0.3966666666666667,0.37777777777777777,45,28.355555555555554,33,77,Techfeed
Techfeed,2026-05-18,0.57166,0.575,40,23.25,31,78,Techfeed
Techfeed,2026-05-19,0.4213325,0.4,40,25.075,31,79,Techfeed
Techfeed,2026-05-20,0.28810555555555556,0.25,36,25.916666666666668,29,80,Techfeed
Techfeed,2026-05-21,0.5516625000000001,0.5714285714285714,56,25.892857142857142,45,81,Techfeed
Techfeed,2026-05-22,0.37233939393939397,0.3333333333333333,33,23.606060606060606,27,82,Techfeed
Techfeed,2026-05-23,0.5176066666666667,0.4444444444444444,45,24.355555555555554,36,83,Techfeed
Techfeed,2026-05-24,0.47770250000000003,0.475,40,26.6,34,84,Techfeed
Techfeed,2026-05-25,0.5494742857142857,0.5428571428571428,35,22.571428571428573,30,85,Techfeed
Techfeed,2026-05-26,0.43149743589743583,0.38461538461538464,39,27.102564102564102,33,86,Techfeed
Techfeed,2026-05-27,0.4838936170212766,0.44680851063829785,47,30.361702127659573,35,87,Techfeed
Techfeed,2026-05-28,0.44901111111111114,0.4,45,30.333333333333332,42,88,Techfeed
Techfeed,2026-05-29,0.5104,0.4186046511627907,43,25.511627906976745,35,89,Techfeed
Techfeed,2026-05-30,0.4812130434782609,0.45652173913043476,46,32.32608695652174,36,90,Techfeed
Techfeed,2026-05-31,0.40725384615384613,0.3333333333333333,39,26.076923076923077,31,91,Techfeed
Techfeed,2026-06-01,0.486260465116279,0.46511627906976744,43,31.46511627906977,34,92,Techfeed
Techfeed,2026-06-02,0.593585294117647,0.5882352941176471,34,25.235294117647058,30,93,Techfeed
Techfeed,2026-06-03,0.42897608695652173,0.41304347826086957,46,23.804347826086957,34,94,Techfeed
Techfeed,2026-06-04,0.5073666666666666,0.48717948717948717,39,28.128205128205128,31,95,Techfeed
Techfeed,2026-06-05,0.5446513513513513,0.5405405405405406,37,21.486486486486488,29,96,Techfeed
Techfeed,2026-06-06,0.5320489361702128,0.5319148936170213,47,26.4468085106383,37,97,Techfeed
Techfeed,2026-06-07,0.418658064516129,0.3870967741935484,31,28.29032258064516,27,98,Techfeed
Techfeed,2026-06-08,0.4421744186046512,0.4186046511627907,43,24.41860465116279,35,99,Techfeed
Techfeed,2026-06-09,0.44187105263157894,0.42105263157894735,38,22.0,34,100,Techfeed
Techfeed,2026-06-10,0.6607418604651163,0.6744186046511628,43,27.837209302325583,35,101,Techfeed
Techfeed,2026-06-11,0.6120355555555556,0.6,45,26.133333333333333,36,102,Techfeed
Techfeed,2026-06-12,0.6151938775510204,0.5918367346938775,49,24.714285714285715,41,103,Techfeed
Techfeed,2026-06-13,0.5990386363636364,0.5909090909090909,44,31.295454545454547,36,104,Techfeed
Techfeed,2026-06-14,0.6697117647058823,0.7058823529411765,34,28.470588235294116,30,105,Techfeed
Techfeed,2026-06-15,0.662419512195122,0.6585365853658537,41,29.70731707317073,33,106,Techfeed
Techfeed,2026-06-16,0.6821878787878788,0.696969696969697,33,22.515151515151516,28,107,Techfeed
Techfeed,2026-06-17,0.6947871794871795,0.6923076923076923,39,24.743589743589745,29,108,Techfeed
Techfeed,2026-06-18,0.5374320754716981,0.5094339622641509,53,29.22641509433962,44,109,Techfeed
Techfeed,2026-06-19,0.5932404761904762,0.5952380952380952,42,24.142857142857142,39,110,Techfeed
Techfeed,2026-06-20,0.51738125,0.5416666666666666,48,24.458333333333332,43,111,Techfeed
Techfeed,2026-06-21,0.5230378378378379,0.4864864864864865,37,26.08108108108108,31,112,Techfeed
Techfeed,2026-06-22,0.545784375,0.53125,32,30.875,25,113,Techfeed
Techfeed,2026-06-23,0.6631966666666667,0.6666666666666666,30,33.166666666666664,28,114,Techfeed
Techfeed,2026-06-24,0.6538679999999999,0.64,50,23.06,44,115,Techfeed
Techfeed,2026-06-25,0.5582021276595744,0.5319148936170213,47,24.74468085106383,39,116,Techfeed
Techfeed,2026-06-26,0.6645232558139536,0.6511627906976745,43,24.162790697674417,34,117,Techfeed
Techfeed,2026-06-27,0.6880363636363636,0.7045454545454546,44,24.727272727272727,37,118,Techfeed
Techfeed,2026-06-28,0.5386977272727272,0.5227272727272727,44,27.454545454545453,39,119,Techfeed
TheColorIsBlue,2026-03-01,0.24054038461538463,0.11538461538461539,52,28.71153846153846,31,0,TheColorIsBlue
TheColorIsBlue,2026-03-02,0.28939019607843136,0.17647058823529413,51,24.49019607843137,25,1,TheColorIsBlue
TheColorIsBlue,2026-03-03,0.1896732142857143,0.14285714285714285,56,29.410714285714285,33,2,TheColorIsBlue
TheColorIsBlue,2026-03-04,0.21475652173913043,0.17391304347826086,46,26.891304347826086,27,3,TheColorIsBlue
TheColorIsBlue,2026-03-05,0.24063559322033898,0.15254237288135594,59,25.677966101694917,32,4,TheColorIsBlue
TheColorIsBlue,2026-03-06,0.22899615384615385,0.17307692307692307,52,25.096153846153847,33,5,TheColorIsBlue
TheColorIsBlue,2026-03-07,0.17325535714285714,0.07142857142857142,56,24.678571428571427,32,6,TheColorIsBlue
TheColorIsBlue,2026-03-08,0.23252549019607843,0.17647058823529413,51,21.568627450980394,32,7,TheColorIsBlue
TheColorIsBlue,2026-03-09,0.3585679245283019,0.2830188679245283,53,28.9811320754717,32,8,TheColorIsBlue
TheColorIsBlue,2026-03-10,0.3253020833333333,0.25,48,30.375,36,9,TheColorIsBlue
TheColorIsBlue,2026-03-11,0.24030655737704917,0.16393442622950818,61,27.737704918032787,35,10,TheColorIsBlue
TheColorIsBlue,2026-03-12,0.26988378378378375,0.16216216216216217,37,24.324324324324323,23,11,TheColorIsBlue
TheColorIsBlue,2026-03-13,0.2521327272727273,0.16363636363636364,55,25.89090909090909,32,12,TheColorIsBlue
TheColorIsBlue,2026-03-14,0.20809444444444444,0.12962962962962962,54,26.537037037037038,27,13,TheColorIsBlue
TheColorIsBlue,2026-03-15,0.33007254901960786,0.2549019607843137,51,26.92156862745098,32,14,TheColorIsBlue
TheColorIsBlue,2026-03-16,0.38722727272727275,0.3181818181818182,44,23.204545454545453,29,15,TheColorIsBlue
TheColorIsBlue,2026-03-17,0.26379767441860463,0.23255813953488372,43,31.3953488372093,29,16,TheColorIsBlue
TheColorIsBlue,2026-03-18,0.3246,0.2692307692307692,52,28.0,30,17,TheColorIsBlue
TheColorIsBlue,2026-03-19,0.25642666666666664,0.13333333333333333,45,23.533333333333335,29,18,TheColorIsBlue
TheColorIsBlue,2026-03-20,0.242856,0.16,50,29.36,32,19,TheColorIsBlue
TheColorIsBlue,2026-03-21,0.2498421052631579,0.15789473684210525,38,31.394736842105264,23,20,TheColorIsBlue
TheColorIsBlue,2026-03-22,0.30272093023255814,0.2558139534883721,43,27.162790697674417,30,21,TheColorIsBlue
TheColorIsBlue,2026-03-23,0.3901588235294118,0.3137254901960784,51,27.50980392156863,30,22,TheColorIsBlue
TheColorIsBlue,2026-03-24,0.26021395348837206,0.18604651162790697,43,26.27906976744186,25,23,TheColorIsBlue
TheColorIsBlue,2026-03-25,0.3302872340425532,0.23404255319148937,47,22.25531914893617,27,24,TheColorIsBlue
TheColorIsBlue,2026-03-26,0.25233818181818185,0.18181818181818182,55,23.12727272727273,30,25,TheColorIsBlue
TheColorIsBlue,2026-03-27,0.33169600000000005,0.22,50,27.14,34,26,TheColorIsBlue
TheColorIsBlue,2026-03-28,0.26184761904761905,0.19047619047619047,42,25.595238095238095,25,27,TheColorIsBlue
TheColorIsBlue,2026-03-29,0.27888620689655175,0.1896551724137931,58,25.896551724137932,35,28,TheColorIsBlue
TheColorIsBlue,2026-03-30,0.29089,0.225,40,29.575,28,29,TheColorIsBlue
TheColorIsBlue,2026-03-31,0.24542916666666667,0.16666666666666666,48,26.083333333333332,30,30,TheColorIsBlue
TheColorIsBlue,2026-04-01,0.17275967741935483,0.11290322580645161,62,27.06451612903226,35,31,TheColorIsBlue
TheColorIsBlue,2026-04-02,0.20629056603773585,0.11320754716981132,53,23.962264150943398,30,32,TheColorIsBlue
TheColorIsBlue,2026-04-03,0.24090625,0.20833333333333334,48,31.020833333333332,31,33,TheColorIsBlue
TheColorIsBlue,2026-04-04,0.285444,0.2,50,25.0,33,34,TheColorIsBlue
TheColorIsBlue,2026-04-05,0.351959649122807,0.2807017543859649,57,30.894736842105264,33,35,TheColorIsBlue
TheColorIsBlue,2026-04-06,0.2083140350877193,0.15789473684210525,57,27.842105263157894,35,36,TheColorIsBlue
TheColorIsBlue,2026-04-07,0.18192,0.05714285714285714,35,28.62857142857143,25,37,TheColorIsBlue
TheColorIsBlue,2026-04-08,0.21119230769230768,0.11538461538461539,52,31.846153846153847,30,38,TheColorIsBlue
TheColorIsBlue,2026-04-09,0.22761749999999997,0.175,40,25.0,29,39,TheColorIsBlue
TheColorIsBlue,2026-04-10,0.2847372881355932,0.2033898305084746,59,28.372881355932204,40,40,TheColorIsBlue
TheColorIsBlue,2026-04-11,0.189968,0.08,50,25.04,31,41,TheColorIsBlue
TheColorIsBlue,2026-04-12,0.22766774193548386,0.14516129032258066,62,27.241935483870968,37,42,TheColorIsBlue
TheColorIsBlue,2026-04-13,0.20724615384615383,0.15384615384615385,52,29.23076923076923,31,43,TheColorIsBlue
TheColorIsBlue,2026-04-14,0.3205020408163265,0.22448979591836735,49,23.693877551020407,29,44,TheColorIsBlue
TheColorIsBlue,2026-04-15,0.24905238095238097,0.14285714285714285,42,21.19047619047619,27,45,TheColorIsBlue
TheColorIsBlue,2026-04-16,0.37119347826086957,0.2826086956521739,46,28.630434782608695,32,46,TheColorIsBlue
TheColorIsBlue,2026-04-17,0.2294,0.17307692307692307,52,29.23076923076923,32,47,TheColorIsBlue
TheColorIsBlue,2026-04-18,0.24983529411764707,0.17647058823529413,51,25.705882352941178,33,48,TheColorIsBlue
TheColorIsBlue,2026-04-19,0.27248260869565216,0.21739130434782608,46,22.0,33,49,TheColorIsBlue
TheColorIsBlue,2026-04-20,0.3230904761904762,0.16666666666666666,42,24.833333333333332,28,50,TheColorIsBlue
TheColorIsBlue,2026-04-21,0.41321111111111114,0.3888888888888889,36,26.88888888888889,23,51,TheColorIsBlue
TheColorIsBlue,2026-04-22,0.21561296296296298,0.12962962962962962,54,21.425925925925927,32,52,TheColorIsBlue
TheColorIsBlue,2026-04-23,0.23917096774193547,0.16129032258064516,31,21.806451612903224,22,53,TheColorIsBlue
TheColorIsBlue,2026-04-24,0.2776792452830189,0.18867924528301888,53,26.81132075471698,33,54,TheColorIsBlue
TheColorIsBlue,2026-04-25,0.24944166666666667,0.125,48,26.916666666666668,24,55,TheColorIsBlue
TheColorIsBlue,2026-04-26,0.24033181818181817,0.11363636363636363,44,28.84090909090909,26,56,TheColorIsBlue
TheColorIsBlue,2026-04-27,0.2961,0.20833333333333334,48,28.583333333333332,28,57,TheColorIsBlue
TheColorIsBlue,2026-04-28,0.2900914893617021,0.2127659574468085,47,29.04255319148936,29,58,TheColorIsBlue
TheColorIsBlue,2026-04-29,0.27605283018867927,0.16981132075471697,53,24.88679245283019,34,59,TheColorIsBlue
TheColorIsBlue,2026-04-30,0.18811296296296295,0.1111111111111111,54,30.11111111111111,31,60,TheColorIsBlue
TheColorIsBlue,2026-05-01,0.192728,0.14,50,25.82,32,61,TheColorIsBlue
TheColorIsBlue,2026-05-02,0.226534693877551,0.16326530612244897,49,25.877551020408163,25,62,TheColorIsBlue
TheColorIsBlue,2026-05-03,0.31743333333333335,0.23809523809523808,42,30.452380952380953,31,63,TheColorIsBlue
TheColorIsBlue,2026-05-04,0.18887857142857142,0.10714285714285714,56,26.803571428571427,35,64,TheColorIsBlue
TheColorIsBlue,2026-05-05,0.2870020833333333,0.1875,48,28.104166666666668,30,65,TheColorIsBlue
TheColorIsBlue,2026-05-06,0.24548771929824562,0.08771929824561403,57,30.19298245614035,30,66,TheColorIsBlue
TheColorIsBlue,2026-05-07,0.2785877551020408,0.20408163265306123,49,23.79591836734694,29,67,TheColorIsBlue
TheColorIsBlue,2026-05-08,0.285982,0.2,50,27.28,27,68,TheColorIsBlue
TheColorIsBlue,2026-05-09,0.18805000000000002,0.11363636363636363,44,27.09090909090909,28,69,TheColorIsBlue
TheColorIsBlue,2026-05-10,0.2789195652173913,0.1956521739130435,46,26.08695652173913,26,70,TheColorIsBlue
TheColorIsBlue,2026-05-11,0.32916486486486485,0.24324324324324326,37,29.72972972972973,24,71,TheColorIsBlue
TheColorIsBlue,2026-05-12,0.2691392857142857,0.19642857142857142,56,30.535714285714285,29,72,TheColorIsBlue
TheColorIsBlue,2026-05-13,0.42933571428571426,0.35714285714285715,42,28.404761904761905,26,73,TheColorIsBlue
TheColorIsBlue,2026-05-14,0.2680428571428572,0.17142857142857143,35,20.82857142857143,24,74,TheColorIsBlue
TheColorIsBlue,2026-05-15,0.20991904761904762,0.09523809523809523,42,23.595238095238095,28,75,TheColorIsBlue
TheColorIsBlue,2026-05-16,0.2502672727272727,0.14545454545454545,55,29.0,30,76,TheColorIsBlue
TheColorIsBlue,2026-05-17,0.3990897435897436,0.28205128205128205,39,25.82051282051282,25,77,TheColorIsBlue
TheColorIsBlue,2026-05-18,0.2781589285714286,0.21428571428571427,56,26.196428571428573,33,78,TheColorIsBlue
TheColorIsBlue,2026-05-19,0.23447777777777778,0.17777777777777778,45,31.866666666666667,29,79,TheColorIsBlue
TheColorIsBlue,2026-05-20,0.3255264150943396,0.2641509433962264,53,31.67924528301887,33,80,TheColorIsBlue
TheColorIsBlue,2026-05-21,0.32387073170731706,0.24390243902439024,41,26.78048780487805,26,81,TheColorIsBlue
TheColorIsBlue,2026-05-22,0.2118,0.11904761904761904,42,25.5,29,82,TheColorIsBlue
TheColorIsBlue,2026-05-23,0.15313773584905663,0.09433962264150944,53,29.62264150943396,33,83,TheColorIsBlue
TheColorIsBlue,2026-05-24,0.20016136363636364,0.11363636363636363,44,28.15909090909091,29,84,TheColorIsBlue
TheColorIsBlue,2026-05-25,0.2792702702702703,0.21621621621621623,37,27.405405405405407,27,85,TheColorIsBlue
TheColorIsBlue,2026-05-26,0.3339622641509434,0.2641509433962264,53,29.49056603773585,30,86,TheColorIsBlue
TheColorIsBlue,2026-05-27,0.33810232558139536,0.23255813953488372,43,27.046511627906977,28,87,TheColorIsBlue
TheColorIsBlue,2026-05-28,0.2641622641509434,0.18867924528301888,53,27.67924528301887,28,88,TheColorIsBlue
TheColorIsBlue,2026-05-29,0.22230250000000001,0.125,40,21.525,26,89,TheColorIsBlue
TheColorIsBlue,2026-05-30,0.31325333333333333,0.2222222222222222,45,26.844444444444445,27,90,TheColorIsBlue
TheColorIsBlue,2026-05-31,0.27214883720930233,0.20930232558139536,43,22.25581395348837,30,91,TheColorIsBlue
TheColorIsBlue,2026-06-01,0.31367500000000004,0.2222222222222222,36,29.22222222222222,31,92,TheColorIsBlue
TheColorIsBlue,2026-06-02,0.3316255319148936,0.23404255319148937,47,32.97872340425532,29,93,TheColorIsBlue
TheColorIsBlue,2026-06-03,0.3053815789473684,0.23684210526315788,38,29.526315789473685,29,94,TheColorIsBlue
TheColorIsBlue,2026-06-04,0.28078888888888887,0.2222222222222222,36,25.25,22,95,TheColorIsBlue
TheColorIsBlue,2026-06-05,0.17301063829787236,0.10638297872340426,47,27.02127659574468,26,96,TheColorIsBlue
TheColorIsBlue,2026-06-06,0.27578703703703705,0.2222222222222222,54,22.74074074074074,30,97,TheColorIsBlue
TheColorIsBlue,2026-06-07,0.22632040816326532,0.12244897959183673,49,30.93877551020408,32,98,TheColorIsBlue
TheColorIsBlue,2026-06-08,0.2506675,0.125,40,30.175,25,99,TheColorIsBlue
TheColorIsBlue,2026-06-09,0.29697142857142855,0.21428571428571427,42,28.976190476190474,26,100,TheColorIsBlue
TheColorIsBlue,2026-06-10,0.1595910714285714,0.10714285714285714,56,27.660714285714285,33,101,TheColorIsBlue
TheColorIsBlue,2026-06-11,0.4014036363636364,0.3090909090909091,55,26.945454545454545,30,102,TheColorIsBlue
TheColorIsBlue,2026-06-12,0.21408857142857143,0.08571428571428572,35,24.34285714285714,22,103,TheColorIsBlue
TheColorIsBlue,2026-06-13,0.16355625,0.08333333333333333,48,28.083333333333332,33,104,TheColorIsBlue
TheColorIsBlue,2026-06-14,0.20599024390243903,0.14634146341463414,41,28.341463414634145,30,105,TheColorIsBlue
TheColorIsBlue,2026-06-15,0.18725882352941178,0.0784313725490196,51,25.529411764705884,24,106,TheColorIsBlue
TheColorIsBlue,2026-06-16,0.2696363636363636,0.2,55,28.345454545454544,28,107,TheColorIsBlue
TheColorIsBlue,2026-06-17,0.26285396825396823,0.19047619047619047,63,30.142857142857142,34,108,TheColorIsBlue
TheColorIsBlue,2026-06-18,0.32230000000000003,0.2727272727272727,44,22.931818181818183,27,109,TheColorIsBlue
TheColorIsBlue,2026-06-19,0.2104351851851852,0.14814814814814814,54,29.25925925925926,32,110,TheColorIsBlue
TheColorIsBlue,2026-06-20,0.21377254901960785,0.09803921568627451,51,28.274509803921568,30,111,TheColorIsBlue
TheColorIsBlue,2026-06-21,0.3211519230769231,0.25,52,28.653846153846153,28,112,TheColorIsBlue
TheColorIsBlue,2026-06-22,0.35839818181818184,0.2909090909090909,55,26.745454545454546,34,113,TheColorIsBlue
TheColorIsBlue,2026-06-23,0.20143396226415095,0.1320754716981132,53,25.264150943396228,32,114,TheColorIsBlue
TheColorIsBlue,2026-06-24,0.26744222222222225,0.17777777777777778,45,28.644444444444446,28,115,TheColorIsBlue
TheColorIsBlue,2026-06-25,0.1841341463414634,0.12195121951219512,41,27.829268292682926,27,116,TheColorIsBlue
TheColorIsBlue,2026-06-26,0.22810757575757576,0.15151515151515152,66,26.363636363636363,34,117,TheColorIsBlue
TheColorIsBlue,2026-06-27,0.14892222222222223,0.06666666666666667,45,24.666666666666668,26,118,TheColorIsBlue
TheColorIsBlue,2026-06-28,0.3967122448979592,0.32653061224489793,49,24.102040816326532,30,119,TheColorIsBlue
TheColorIsOrange,2026-03-01,0.4224588235294118,0.4117647058823529,34,26.441176470588236,24,0,TheColorIsOrange
TheColorIsOrange,2026-03-02,0.47785714285714287,0.38095238095238093,21,30.428571428571427,18,1,TheColorIsOrange
TheColorIsOrange,2026-03-03,0.4416875,0.375,32,29.09375,25,2,TheColorIsOrange
TheColorIsOrange,2026-03-04,0.47477878787878786,0.42424242424242425,33,25.363636363636363,27,3,TheColorIsOrange
TheColorIsOrange,2026-03-05,0.37164444444444444,0.25925925925925924,27,35.7037037037037,22,4,TheColorIsOrange
TheColorIsOrange,2026-03-06,0.4458371428571429,0.3142857142857143,35,27.114285714285714,25,5,TheColorIsOrange
TheColorIsOrange,2026-03-07,0.3101375,0.21875,32,30.75,26,6,TheColorIsOrange
TheColorIsOrange,2026-03-08,0.35676296296296295,0.2962962962962963,27,28.814814814814813,24,7,TheColorIsOrange
TheColorIsOrange,2026-03-09,0.40232631578947364,0.42105263157894735,38,23.710526315789473,31,8,TheColorIsOrange
TheColorIsOrange,2026-03-10,0.48247567567567573,0.43243243243243246,37,25.864864864864863,30,9,TheColorIsOrange
TheColorIsOrange,2026-03-11,0.4721,0.4090909090909091,44,25.386363636363637,35,10,TheColorIsOrange
TheColorIsOrange,2026-03-12,0.30965588235294117,0.17647058823529413,34,27.5,29,11,TheColorIsOrange
TheColorIsOrange,2026-03-13,0.3546740740740741,0.2962962962962963,27,22.0,22,12,TheColorIsOrange
TheColorIsOrange,2026-03-14,0.23515833333333333,0.16666666666666666,24,18.833333333333332,20,13,TheColorIsOrange
TheColorIsOrange,2026-03-15,0.46580625000000003,0.40625,32,31.875,27,14,TheColorIsOrange
TheColorIsOrange,2026-03-16,0.265804,0.2,25,29.16,22,15,TheColorIsOrange
TheColorIsOrange,2026-03-17,0.47522702702702707,0.43243243243243246,37,23.513513513513512,33,16,TheColorIsOrange
TheColorIsOrange,2026-03-18,0.2687372093023256,0.20930232558139536,43,28.88372093023256,32,17,TheColorIsOrange
TheColorIsOrange,2026-03-19,0.4857192307692308,0.4230769230769231,26,27.26923076923077,23,18,TheColorIsOrange
TheColorIsOrange,2026-03-20,0.3908894736842105,0.3157894736842105,38,26.05263157894737,28,19,TheColorIsOrange
TheColorIsOrange,2026-03-21,0.28694117647058826,0.23529411764705882,17,28.941176470588236,16,20,TheColorIsOrange
TheColorIsOrange,2026-03-22,0.3969857142857143,0.34285714285714286,35,24.742857142857144,29,21,TheColorIsOrange
TheColorIsOrange,2026-03-23,0.2879285714285714,0.22857142857142856,35,24.514285714285716,27,22,TheColorIsOrange
TheColorIsOrange,2026-03-24,0.3573064516129032,0.2903225806451613,31,31.06451612903226,26,23,TheColorIsOrange
TheColorIsOrange,2026-03-25,0.2882142857142857,0.17142857142857143,35,32.22857142857143,27,24,TheColorIsOrange
TheColorIsOrange,2026-03-26,0.40606451612903227,0.3548387096774194,31,27.483870967741936,24,25,TheColorIsOrange
TheColorIsOrange,2026-03-27,0.32287272727272726,0.2727272727272727,33,22.727272727272727,27,26,TheColorIsOrange
TheColorIsOrange,2026-03-28,0.5037733333333334,0.4666666666666667,30,27.333333333333332,24,27,TheColorIsOrange
TheColorIsOrange,2026-03-29,0.37045925925925927,0.25925925925925924,27,21.88888888888889,22,28,TheColorIsOrange
TheColorIsOrange,2026-03-30,0.33902333333333334,0.3333333333333333,30,25.133333333333333,26,29,TheColorIsOrange
TheColorIsOrange,2026-03-31,0.4092935483870968,0.3548387096774194,31,23.451612903225808,25,30,TheColorIsOrange
TheColorIsOrange,2026-04-01,0.36611875,0.28125,32,29.84375,27,31,TheColorIsOrange
TheColorIsOrange,2026-04-02,0.4239611111111111,0.3611111111111111,36,27.11111111111111,32,32,TheColorIsOrange
TheColorIsOrange,2026-04-03,0.32919459459459455,0.2702702702702703,37,25.54054054054054,30,33,TheColorIsOrange
TheColorIsOrange,2026-04-04,0.4345935483870968,0.45161290322580644,31,25.35483870967742,25,34,TheColorIsOrange
TheColorIsOrange,2026-04-05,0.31175277777777777,0.25,36,24.666666666666668,31,35,TheColorIsOrange
TheColorIsOrange,2026-04-06,0.5080210526315789,0.47368421052631576,19,24.105263157894736,15,36,TheColorIsOrange
TheColorIsOrange,2026-04-07,0.41894230769230767,0.38461538461538464,26,30.73076923076923,19,37,TheColorIsOrange
TheColorIsOrange,2026-04-08,0.4322914285714286,0.42857142857142855,35,23.2,31,38,TheColorIsOrange
TheColorIsOrange,2026-04-09,0.3614029411764706,0.35294117647058826,34,28.38235294117647,25,39,TheColorIsOrange
TheColorIsOrange,2026-04-10,0.3475114285714286,0.2571428571428571,35,21.742857142857144,31,40,TheColorIsOrange
TheColorIsOrange,2026-04-11,0.36986315789473684,0.34210526315789475,38,25.86842105263158,29,41,TheColorIsOrange
TheColorIsOrange,2026-04-12,0.3934722222222222,0.3333333333333333,36,30.75,26,42,TheColorIsOrange
TheColorIsOrange,2026-04-13,0.3929205882352941,0.3235294117647059,34,29.205882352941178,27,43,TheColorIsOrange
TheColorIsOrange,2026-04-14,0.3385457142857143,0.2857142857142857,35,30.514285714285716,31,44,TheColorIsOrange
TheColorIsOrange,2026-04-15,0.3518275862068965,0.27586206896551724,29,22.20689655172414,26,45,TheColorIsOrange
TheColorIsOrange,2026-04-16,0.29849090909090914,0.24242424242424243,33,30.03030303030303,27,46,TheColorIsOrange
TheColorIsOrange,2026-04-17,0.380369696969697,0.30303030303030304,33,29.424242424242426,28,47,TheColorIsOrange
TheColorIsOrange,2026-04-18,0.27283333333333337,0.23333333333333334,30,23.7,28,48,TheColorIsOrange
TheColorIsOrange,2026-04-19,0.39802592592592595,0.37037037037037035,27,26.14814814814815,24,49,TheColorIsOrange
TheColorIsOrange,2026-04-20,0.2707264705882353,0.17647058823529413,34,28.823529411764707,30,50,TheColorIsOrange
TheColorIsOrange,2026-04-21,0.49971142857142853,0.4857142857142857,35,25.685714285714287,28,51,TheColorIsOrange
TheColorIsOrange,2026-04-22,0.25717,0.2,40,19.75,29,52,TheColorIsOrange
TheColorIsOrange,2026-04-23,0.359109375,0.28125,32,30.0625,31,53,TheColorIsOrange
TheColorIsOrange,2026-04-24,0.4125384615384615,0.38461538461538464,26,25.115384615384617,22,54,TheColorIsOrange
TheColorIsOrange,2026-04-25,0.43532758620689654,0.3448275862068966,29,28.862068965517242,22,55,TheColorIsOrange
TheColorIsOrange,2026-04-26,0.3522821428571428,0.2857142857142857,28,24.607142857142858,23,56,TheColorIsOrange
TheColorIsOrange,2026-04-27,0.4070263157894737,0.39473684210526316,38,26.86842105263158,29,57,TheColorIsOrange
TheColorIsOrange,2026-04-28,0.28672916666666665,0.20833333333333334,24,29.958333333333332,20,58,TheColorIsOrange
TheColorIsOrange,2026-04-29,0.43844242424242424,0.36363636363636365,33,23.757575757575758,28,59,TheColorIsOrange
TheColorIsOrange,2026-04-30,0.349,0.29411764705882354,34,31.852941176470587,29,60,TheColorIsOrange
TheColorIsOrange,2026-05-01,0.29802,0.25,40,24.95,28,61,TheColorIsOrange
TheColorIsOrange,2026-05-02,0.4953739130434782,0.43478260869565216,23,28.08695652173913,20,62,TheColorIsOrange
TheColorIsOrange,2026-05-03,0.28582962962962966,0.2222222222222222,27,27.703703703703702,24,63,TheColorIsOrange
TheColorIsOrange,2026-05-04,0.4003085714285714,0.3142857142857143,35,25.8,27,64,TheColorIsOrange
TheColorIsOrange,2026-05-05,0.27139117647058825,0.17647058823529413,34,21.705882352941178,29,65,TheColorIsOrange
TheColorIsOrange,2026-05-06,0.5676823529411765,0.5294117647058824,34,31.176470588235293,31,66,TheColorIsOrange
TheColorIsOrange,2026-05-07,0.5070515151515151,0.45454545454545453,33,27.181818181818183,25,67,TheColorIsOrange
TheColorIsOrange,2026-05-08,0.41863125,0.40625,32,27.6875,26,68,TheColorIsOrange
TheColorIsOrange,2026-05-09,0.36772571428571427,0.3142857142857143,35,30.62857142857143,28,69,TheColorIsOrange
TheColorIsOrange,2026-05-10,0.3275061224489796,0.2857142857142857,49,27.93877551020408,40,70,TheColorIsOrange
TheColorIsOrange,2026-05-11,0.4426827586206896,0.41379310344827586,29,26.103448275862068,22,71,TheColorIsOrange
TheColorIsOrange,2026-05-12,0.19921025641025641,0.1282051282051282,39,24.564102564102566,34,72,TheColorIsOrange
TheColorIsOrange,2026-05-13,0.5141764705882352,0.4411764705882353,34,24.08823529411765,27,73,TheColorIsOrange
TheColorIsOrange,2026-05-14,0.39226451612903224,0.3225806451612903,31,21.096774193548388,29,74,TheColorIsOrange
TheColorIsOrange,2026-05-15,0.3849705882352941,0.35294117647058826,17,28.352941176470587,15,75,TheColorIsOrange
TheColorIsOrange,2026-05-16,0.32026363636363636,0.25,44,23.5,35,76,TheColorIsOrange
TheColorIsOrange,2026-05-17,0.33955625,0.28125,32,25.53125,29,77,TheColorIsOrange
TheColorIsOrange,2026-05-18,0.2981825,0.225,40,26.175,30,78,TheColorIsOrange
TheColorIsOrange,2026-05-19,0.33123103448275865,0.27586206896551724,29,20.448275862068964,24,79,TheColorIsOrange
TheColorIsOrange,2026-05-20,0.32764400000000005,0.28,25,28.36,23,80,TheColorIsOrange
TheColorIsOrange,2026-05-21,0.3557318181818182,0.2727272727272727,22,26.318181818181817,18,81,TheColorIsOrange
TheColorIsOrange,2026-05-22,0.2748896551724138,0.1724137931034483,29,24.517241379310345,21,82,TheColorIsOrange
TheColorIsOrange,2026-05-23,0.31225185185185184,0.25925925925925924,27,31.37037037037037,23,83,TheColorIsOrange
TheColorIsOrange,2026-05-24,0.24836206896551727,0.1724137931034483,29,24.137931034482758,27,84,TheColorIsOrange
TheColorIsOrange,2026-05-25,0.3936425,0.35,40,26.675,26,85,TheColorIsOrange
TheColorIsOrange,2026-05-26,0.23958709677419354,0.1935483870967742,31,28.387096774193548,27,86,TheColorIsOrange
TheColorIsOrange,2026-05-27,0.23418214285714287,0.10714285714285714,28,26.25,22,87,TheColorIsOrange
TheColorIsOrange,2026-05-28,0.3322575757575758,0.2727272727272727,33,23.727272727272727,27,88,TheColorIsOrange
TheColorIsOrange,2026-05-29,0.4368448275862069,0.3793103448275862,29,23.620689655172413,24,89,TheColorIsOrange
TheColorIsOrange,2026-05-30,0.247796875,0.1875,32,28.125,27,90,TheColorIsOrange
TheColorIsOrange,2026-05-31,0.5079541666666666,0.4166666666666667,24,29.625,21,91,TheColorIsOrange
TheColorIsOrange,2026-06-01,0.38752400000000004,0.32,25,30.96,22,92,TheColorIsOrange
TheColorIsOrange,2026-06-02,0.3820488372093023,0.3023255813953488,43,27.46511627906977,33,93,TheColorIsOrange
TheColorIsOrange,2026-06-03,0.2537235294117647,0.20588235294117646,34,28.38235294117647,31,94,TheColorIsOrange
TheColorIsOrange,2026-06-04,0.2133846153846154,0.15384615384615385,26,21.346153846153847,21,95,TheColorIsOrange
TheColorIsOrange,2026-06-05,0.51188125,0.46875,32,25.90625,28,96,TheColorIsOrange
TheColorIsOrange,2026-06-06,0.27967333333333333,0.23333333333333334,30,24.966666666666665,25,97,TheColorIsOrange
TheColorIsOrange,2026-06-07,0.4518051282051282,0.38461538461538464,39,28.794871794871796,29,98,TheColorIsOrange
TheColorIsOrange,2026-06-08,0.36518333333333336,0.3333333333333333,30,28.933333333333334,27,99,TheColorIsOrange
TheColorIsOrange,2026-06-09,0.3845961538461538,0.3076923076923077,26,28.884615384615383,21,100,TheColorIsOrange
TheColorIsOrange,2026-06-10,0.4850564102564103,0.4358974358974359,39,28.487179487179485,31,101,TheColorIsOrange
TheColorIsOrange,2026-06-11,0.5772290322580645,0.5483870967741935,31,25.967741935483872,25,102,TheColorIsOrange
TheColorIsOrange,2026-06-12,0.29712307692307693,0.23076923076923078,26,23.615384615384617,21,103,TheColorIsOrange
TheColorIsOrange,2026-06-13,0.42952307692307695,0.38461538461538464,26,26.23076923076923,21,104,TheColorIsOrange
TheColorIsOrange,2026-06-14,0.42305714285714285,0.38095238095238093,42,23.285714285714285,34,105,TheColorIsOrange
TheColorIsOrange,2026-06-15,0.4683088235294117,0.4117647058823529,34,25.470588235294116,31,106,TheColorIsOrange
TheColorIsOrange,2026-06-16,0.4646677419354839,0.3870967741935484,31,24.35483870967742,26,107,TheColorIsOrange
TheColorIsOrange,2026-06-17,0.39504242424242425,0.30303030303030304,33,27.636363636363637,29,108,TheColorIsOrange
TheColorIsOrange,2026-06-18,0.2826888888888889,0.16666666666666666,18,21.61111111111111,15,109,TheColorIsOrange
TheColorIsOrange,2026-06-19,0.3068810810810811,0.24324324324324326,37,34.62162162162162,29,110,TheColorIsOrange
TheColorIsOrange,2026-06-20,0.315558064516129,0.2903225806451613,31,28.0,27,111,TheColorIsOrange
TheColorIsOrange,2026-06-21,0.35841142857142855,0.3142857142857143,35,38.114285714285714,28,112,TheColorIsOrange
TheColorIsOrange,2026-06-22,0.2979074074074074,0.2222222222222222,27,27.14814814814815,26,113,TheColorIsOrange
TheColorIsOrange,2026-06-23,0.3587625,0.3125,32,29.84375,27,114,TheColorIsOrange
TheColorIsOrange,2026-06-24,0.3987894736842105,0.34210526315789475,38,22.105263157894736,30,115,TheColorIsOrange
TheColorIsOrange,2026-06-25,0.36606428571428573,0.2857142857142857,28,28.464285714285715,24,116,TheColorIsOrange
TheColorIsOrange,2026-06-26,0.3804702702702703,0.32432432432432434,37,26.7027027027027,30,117,TheColorIsOrange
TheColorIsOrange,2026-06-27,0.3708828571428571,0.3142857142857143,35,29.37142857142857,29,118,TheColorIsOrange
TheColorIsOrange,2026-06-28,0.361358064516129,0.3225806451612903,31,28.838709677419356,28,119,TheColorIsOrange
TheNewsFeed,2026-03-01,0.416672,0.36,25,30.56,17,0,TheNewsFeed
TheNewsFeed,2026-03-02,0.4434033333333333,0.4,30,22.266666666666666,19,1,TheNewsFeed
TheNewsFeed,2026-03-03,0.40507727272727273,0.3181818181818182,22,25.045454545454547,16,2,TheNewsFeed
TheNewsFeed,2026-03-04,0.3815266666666667,0.26666666666666666,15,23.266666666666666,13,3,TheNewsFeed
TheNewsFeed,2026-03-05,0.2771821428571429,0.25,28,25.107142857142858,20,4,TheNewsFeed
TheNewsFeed,2026-03-06,0.4762111111111111,0.5,18,25.833333333333332,13,5,TheNewsFeed
TheNewsFeed,2026-03-07,0.4111208333333333,0.375,24,25.875,18,6,TheNewsFeed
TheNewsFeed,2026-03-08,0.2685423076923077,0.19230769230769232,26,23.846153846153847,17,7,TheNewsFeed
TheNewsFeed,2026-03-09,0.556288,0.52,25,19.92,19,8,TheNewsFeed
TheNewsFeed,2026-03-10,0.2669619047619048,0.19047619047619047,21,34.04761904761905,15,9,TheNewsFeed
TheNewsFeed,2026-03-11,0.468244,0.4,25,31.04,20,10,TheNewsFeed
TheNewsFeed,2026-03-12,0.40121481481481475,0.3333333333333333,27,18.703703703703702,23,11,TheNewsFeed
TheNewsFeed,2026-03-13,0.45810833333333334,0.4166666666666667,24,26.125,18,12,TheNewsFeed
TheNewsFeed,2026-03-14,0.3675866666666667,0.26666666666666666,30,25.8,21,13,TheNewsFeed
TheNewsFeed,2026-03-15,0.47263636363636363,0.4090909090909091,22,33.90909090909091,17,14,TheNewsFeed
TheNewsFeed,2026-03-16,0.37218,0.32,25,26.0,18,15,TheNewsFeed
TheNewsFeed,2026-03-17,0.5146258064516129,0.4838709677419355,31,23.677419354838708,21,16,TheNewsFeed
TheNewsFeed,2026-03-18,0.3505933333333333,0.36666666666666664,30,24.533333333333335,17,17,TheNewsFeed
TheNewsFeed,2026-03-19,0.35962285714285713,0.2571428571428571,35,23.571428571428573,25,18,TheNewsFeed
TheNewsFeed,2026-03-20,0.36972499999999997,0.3,20,31.95,15,19,TheNewsFeed
TheNewsFeed,2026-03-21,0.39571153846153845,0.3076923076923077,26,24.384615384615383,16,20,TheNewsFeed
TheNewsFeed,2026-03-22,0.44631714285714286,0.4,35,28.6,22,21,TheNewsFeed
TheNewsFeed,2026-03-23,0.3123115384615385,0.23076923076923078,26,29.5,19,22,TheNewsFeed
TheNewsFeed,2026-03-24,0.41864347826086956,0.391304347826087,23,29.695652173913043,17,23,TheNewsFeed
TheNewsFeed,2026-03-25,0.40974193548387094,0.3870967741935484,31,31.129032258064516,23,24,TheNewsFeed
TheNewsFeed,2026-03-26,0.4049633333333333,0.3333333333333333,30,28.333333333333332,19,25,TheNewsFeed
TheNewsFeed,2026-03-27,0.2980238095238095,0.14285714285714285,21,25.095238095238095,18,26,TheNewsFeed
TheNewsFeed,2026-03-28,0.3458551724137931,0.3448275862068966,29,26.620689655172413,18,27,TheNewsFeed
TheNewsFeed,2026-03-29,0.41188,0.4,30,27.933333333333334,18,28,TheNewsFeed
TheNewsFeed,2026-03-30,0.3380444444444444,0.25925925925925924,27,26.85185185185185,18,29,TheNewsFeed
TheNewsFeed,2026-03-31,0.33587209302325577,0.2558139534883721,43,26.837209302325583,21,30,TheNewsFeed
TheNewsFeed,2026-04-01,0.35994857142857145,0.3142857142857143,35,28.885714285714286,18,31,TheNewsFeed
TheNewsFeed,2026-04-02,0.39304814814814815,0.4074074074074074,27,26.22222222222222,19,32,TheNewsFeed
TheNewsFeed,2026-04-03,0.6158473684210527,0.5789473684210527,19,24.63157894736842,16,33,TheNewsFeed
TheNewsFeed,2026-04-04,0.4305625,0.375,24,31.083333333333332,15,34,TheNewsFeed
TheNewsFeed,2026-04-05,0.39521578947368424,0.3684210526315789,38,32.28947368421053,22,35,TheNewsFeed
TheNewsFeed,2026-04-06,0.3889333333333333,0.3333333333333333,30,27.866666666666667,21,36,TheNewsFeed
TheNewsFeed,2026-04-07,0.41545000000000004,0.3181818181818182,22,28.227272727272727,17,37,TheNewsFeed
TheNewsFeed,2026-04-08,0.2987625,0.25,24,25.291666666666668,18,38,TheNewsFeed
TheNewsFeed,2026-04-09,0.40915238095238093,0.2857142857142857,21,34.095238095238095,15,39,TheNewsFeed
TheNewsFeed,2026-04-10,0.3885095238095238,0.3333333333333333,21,25.428571428571427,18,40,TheNewsFeed
TheNewsFeed,2026-04-11,0.3801535714285714,0.32142857142857145,28,26.214285714285715,20,41,TheNewsFeed
TheNewsFeed,2026-04-12,0.27803333333333335,0.24242424242424243,33,22.636363636363637,24,42,TheNewsFeed
TheNewsFeed,2026-04-13,0.3081318181818182,0.2727272727272727,22,31.5,17,43,TheNewsFeed
TheNewsFeed,2026-04-14,0.40437307692307695,0.23076923076923078,26,25.96153846153846,19,44,TheNewsFeed
TheNewsFeed,2026-04-15,0.49779444444444443,0.5555555555555556,18,26.11111111111111,14,45,TheNewsFeed
TheNewsFeed,2026-04-16,0.4651235294117647,0.4117647058823529,17,26.764705882352942,12,46,TheNewsFeed
TheNewsFeed,2026-04-17,0.314595,0.25,40,25.9,21,47,TheNewsFeed
TheNewsFeed,2026-04-18,0.4313125,0.40625,32,28.21875,27,48,TheNewsFeed
TheNewsFeed,2026-04-19,0.3694148148148148,0.2962962962962963,27,26.74074074074074,21,49,TheNewsFeed
TheNewsFeed,2026-04-20,0.2833620689655173,0.2413793103448276,29,26.655172413793103,18,50,TheNewsFeed
TheNewsFeed,2026-04-21,0.38246129032258064,0.3548387096774194,31,30.967741935483872,18,51,TheNewsFeed
TheNewsFeed,2026-04-22,0.5438040000000001,0.48,25,31.56,20,52,TheNewsFeed
TheNewsFeed,2026-04-23,0.46154782608695655,0.43478260869565216,23,28.652173913043477,17,53,TheNewsFeed
TheNewsFeed,2026-04-24,0.3759074074074074,0.3333333333333333,27,29.14814814814815,22,54,TheNewsFeed
TheNewsFeed,2026-04-25,0.38969310344827585,0.3103448275862069,29,24.103448275862068,23,55,TheNewsFeed
TheNewsFeed,2026-04-26,0.3867863636363636,0.3181818181818182,22,29.181818181818183,17,56,TheNewsFeed
TheNewsFeed,2026-04-27,0.40950999999999993,0.35,20,27.05,15,57,TheNewsFeed
TheNewsFeed,2026-04-28,0.30856071428571424,0.25,28,29.0,17,58,TheNewsFeed
TheNewsFeed,2026-04-29,0.44959499999999997,0.4,20,24.05,15,59,TheNewsFeed
TheNewsFeed,2026-04-30,0.39080588235294117,0.4117647058823529,17,32.411764705882355,14,60,TheNewsFeed
TheNewsFeed,2026-05-01,0.417916,0.36,25,27.52,20,61,TheNewsFeed
TheNewsFeed,2026-05-02,0.2892241379310345,0.2413793103448276,29,30.103448275862068,19,62,TheNewsFeed
TheNewsFeed,2026-05-03,0.4021958333333333,0.375,24,20.041666666666668,17,63,TheNewsFeed
TheNewsFeed,2026-05-04,0.39929375,0.375,16,20.5625,14,64,TheNewsFeed
TheNewsFeed,2026-05-05,0.32335357142857146,0.25,28,22.107142857142858,23,65,TheNewsFeed
TheNewsFeed,2026-05-06,0.48794782608695647,0.4782608695652174,23,28.217391304347824,21,66,TheNewsFeed
TheNewsFeed,2026-05-07,0.31807894736842107,0.21052631578947367,19,26.42105263157895,15,67,TheNewsFeed
TheNewsFeed,2026-05-08,0.19060434782608696,0.08695652173913043,23,34.130434782608695,16,68,TheNewsFeed
TheNewsFeed,2026-05-09,0.21248076923076922,0.11538461538461539,26,33.42307692307692,16,69,TheNewsFeed
TheNewsFeed,2026-05-10,0.36900476190476195,0.2857142857142857,21,30.333333333333332,16,70,TheNewsFeed
TheNewsFeed,2026-05-11,0.41193125,0.3125,32,29.9375,20,71,TheNewsFeed
TheNewsFeed,2026-05-12,0.3535206896551724,0.27586206896551724,29,29.862068965517242,20,72,TheNewsFeed
TheNewsFeed,2026-05-13,0.3911148148148148,0.3333333333333333,27,22.88888888888889,21,73,TheNewsFeed
TheNewsFeed,2026-05-14,0.33635862068965516,0.3103448275862069,29,25.82758620689655,24,74,TheNewsFeed
TheNewsFeed,2026-05-15,0.3306769230769231,0.3076923076923077,26,27.0,18,75,TheNewsFeed
TheNewsFeed,2026-05-16,0.5485666666666666,0.5333333333333333,30,27.866666666666667,23,76,TheNewsFeed
TheNewsFeed,2026-05-17,0.48791290322580644,0.45161290322580644,31,22.741935483870968,21,77,TheNewsFeed
TheNewsFeed,2026-05-18,0.319152,0.2,25,26.04,21,78,TheNewsFeed
TheNewsFeed,2026-05-19,0.30362333333333336,0.23333333333333334,30,27.333333333333332,22,79,TheNewsFeed
TheNewsFeed,2026-05-20,0.45286774193548385,0.3870967741935484,31,24.612903225806452,20,80,TheNewsFeed
TheNewsFeed,2026-05-21,0.4204357142857143,0.39285714285714285,28,28.321428571428573,20,81,TheNewsFeed
TheNewsFeed,2026-05-22,0.5035096774193548,0.4838709677419355,31,27.870967741935484,19,82,TheNewsFeed
TheNewsFeed,2026-05-23,0.4609962962962963,0.37037037037037035,27,27.48148148148148,23,83,TheNewsFeed
TheNewsFeed,2026-05-24,0.4051032258064516,0.3548387096774194,31,26.580645161290324,23,84,TheNewsFeed
TheNewsFeed,2026-05-25,0.46851249999999994,0.4166666666666667,24,22.25,21,85,TheNewsFeed
TheNewsFeed,2026-05-26,0.4116115384615385,0.38461538461538464,26,22.0,18,86,TheNewsFeed
TheNewsFeed,2026-05-27,0.1964888888888889,0.14814814814814814,27,28.925925925925927,21,87,TheNewsFeed
TheNewsFeed,2026-05-28,0.33292727272727274,0.2727272727272727,22,25.727272727272727,18,88,TheNewsFeed
TheNewsFeed,2026-05-29,0.212672,0.16,25,29.84,20,89,TheNewsFeed
TheNewsFeed,2026-05-30,0.35997666666666667,0.3,30,23.066666666666666,21,90,TheNewsFeed
TheNewsFeed,2026-05-31,0.435244,0.32,25,25.6,20,91,TheNewsFeed
TheNewsFeed,2026-06-01,0.43223333333333336,0.36363636363636365,33,16.151515151515152,21,92,TheNewsFeed
TheNewsFeed,2026-06-02,0.5746272727272728,0.5909090909090909,22,25.681818181818183,16,93,TheNewsFeed
TheNewsFeed,2026-06-03,0.48154761904761906,0.47619047619047616,21,31.0,17,94,TheNewsFeed
TheNewsFeed,2026-06-04,0.30265454545454545,0.24242424242424243,33,26.454545454545453,19,95,TheNewsFeed
TheNewsFeed,2026-06-05,0.37165172413793107,0.3103448275862069,29,25.137931034482758,21,96,TheNewsFeed
TheNewsFeed,2026-06-06,0.41238437499999997,0.40625,32,29.375,21,97,TheNewsFeed
TheNewsFeed,2026-06-07,0.3978615384615385,0.34615384615384615,26,28.03846153846154,19,98,TheNewsFeed
TheNewsFeed,2026-06-08,0.392996875,0.40625,32,21.8125,28,99,TheNewsFeed
TheNewsFeed,2026-06-09,0.419972,0.4,25,25.28,19,100,TheNewsFeed
TheNewsFeed,2026-06-10,0.3036392857142857,0.21428571428571427,28,24.642857142857142,19,101,TheNewsFeed
TheNewsFeed,2026-06-11,0.3636,0.2692307692307692,26,25.115384615384617,19,102,TheNewsFeed
TheNewsFeed,2026-06-12,0.4338961538461538,0.34615384615384615,26,30.923076923076923,19,103,TheNewsFeed
TheNewsFeed,2026-06-13,0.35216521739130435,0.30434782608695654,23,22.565217391304348,17,104,TheNewsFeed
TheNewsFeed,2026-06-14,0.4495894736842105,0.42105263157894735,19,24.42105263157895,16,105,TheNewsFeed
TheNewsFeed,2026-06-15,0.32859655172413793,0.3103448275862069,29,28.551724137931036,17,106,TheNewsFeed
TheNewsFeed,2026-06-16,0.4841115384615385,0.4230769230769231,26,21.0,21,107,TheNewsFeed
TheNewsFeed,2026-06-17,0.4299181818181818,0.3939393939393939,33,28.303030303030305,22,108,TheNewsFeed
TheNewsFeed,2026-06-18,0.2911766666666667,0.23333333333333334,30,15.533333333333333,24,109,TheNewsFeed
TheNewsFeed,2026-06-19,0.28490333333333334,0.16666666666666666,30,34.8,23,110,TheNewsFeed
TheNewsFeed,2026-06-20,0.26766923076923077,0.15384615384615385,26,29.53846153846154,19,111,TheNewsFeed
TheNewsFeed,2026-06-21,0.53169,0.5,20,30.95,16,112,TheNewsFeed
TheNewsFeed,2026-06-22,0.55424,0.5,20,38.85,16,113,TheNewsFeed
TheNewsFeed,2026-06-23,0.5612115384615385,0.5,26,28.192307692307693,20,114,TheNewsFeed
TheNewsFeed,2026-06-24,0.469334375,0.4375,32,28.4375,22,115,TheNewsFeed
TheNewsFeed,2026-06-25,0.3830677419354839,0.3548387096774194,31,27.225806451612904,20,116,TheNewsFeed
TheNewsFeed,2026-06-26,0.20356842105263157,0.15789473684210525,19,24.157894736842106,15,117,TheNewsFeed
TheNewsFeed,2026-06-27,0.3227966666666667,0.23333333333333334,30,24.866666666666667,19,118,TheNewsFeed
TheNewsFeed,2026-06-28,0.3039566666666667,0.23333333333333334,30,24.933333333333334,21,119,TheNewsFeed
The_Donald,2026-03-01,0.36985208333333336,0.2708333333333333,48,28.125,37,0,The_Donald
The_Donald,2026-03-02,0.26481632653061227,0.12244897959183673,49,24.346938775510203,40,1,The_Donald
The_Donald,2026-03-03,0.23060163934426228,0.14754098360655737,61,28.81967213114754,46,2,The_Donald
The_Donald,2026-03-04,0.25537,0.18,50,27.02,38,3,The_Donald
The_Donald,2026-03-05,0.2530928571428571,0.14285714285714285,56,22.053571428571427,41,4,The_Donald
The_Donald,2026-03-06,0.19483999999999999,0.1,70,25.271428571428572,52,5,The_Donald
The_Donald,2026-03-07,0.3388,0.28888888888888886,45,28.11111111111111,31,6,The_Donald
The_Donald,2026-03-08,0.23695892857142858,0.10714285714285714,56,25.839285714285715,45,7,The_Donald
The_Donald,2026-03-09,0.3664877551020408,0.30612244897959184,49,26.836734693877553,42,8,The_Donald
The_Donald,2026-03-10,0.2875611111111111,0.2037037037037037,54,30.796296296296298,44,9,The_Donald
The_Donald,2026-03-11,0.22918541666666667,0.125,48,24.8125,35,10,The_Donald
The_Donald,2026-03-12,0.1590549019607843,0.0392156862745098,51,28.07843137254902,40,11,The_Donald
The_Donald,2026-03-13,0.2739280701754386,0.17543859649122806,57,27.63157894736842,39,12,The_Donald
The_Donald,2026-03-14,0.2331394736842105,0.15789473684210525,38,31.763157894736842,29,13,The_Donald
The_Donald,2026-03-15,0.24530491803278687,0.16393442622950818,61,24.459016393442624,43,14,The_Donald
The_Donald,2026-03-16,0.24603389830508474,0.1694915254237288,59,26.89830508474576,40,15,The_Donald
The_Donald,2026-03-17,0.3064017857142857,0.25,56,25.732142857142858,43,16,The_Donald
The_Donald,2026-03-18,0.2188421052631579,0.12280701754385964,57,30.75438596491228,43,17,The_Donald
The_Donald,2026-03-19,0.2850560975609756,0.1951219512195122,41,27.73170731707317,32,18,The_Donald
The_Donald,2026-03-20,0.3494591836734694,0.2857142857142857,49,24.571428571428573,38,19,The_Donald
The_Donald,2026-03-21,0.16367450980392156,0.0784313725490196,51,25.745098039215687,42,20,The_Donald
The_Donald,2026-03-22,0.18745079365079365,0.12698412698412698,63,27.444444444444443,51,21,The_Donald
The_Donald,2026-03-23,0.3148891304347826,0.2391304347826087,46,25.41304347826087,38,22,The_Donald
The_Donald,2026-03-24,0.2377711111111111,0.13333333333333333,45,22.533333333333335,39,23,The_Donald
The_Donald,2026-03-25,0.29418333333333335,0.21212121212121213,66,29.015151515151516,45,24,The_Donald
The_Donald,2026-03-26,0.247622,0.2,50,29.9,40,25,The_Donald
The_Donald,2026-03-27,0.2909829268292683,0.21951219512195122,41,25.926829268292682,37,26,The_Donald
The_Donald,2026-03-28,0.3176627450980392,0.21568627450980393,51,26.50980392156863,40,27,The_Donald
The_Donald,2026-03-29,0.2636283018867925,0.16981132075471697,53,27.754716981132077,43,28,The_Donald
The_Donald,2026-03-30,0.31546888888888885,0.24444444444444444,45,22.155555555555555,38,29,The_Donald
The_Donald,2026-03-31,0.1538843137254902,0.0392156862745098,51,24.764705882352942,43,30,The_Donald
The_Donald,2026-04-01,0.3217,0.21052631578947367,57,30.50877192982456,44,31,The_Donald
The_Donald,2026-04-02,0.21098431372549017,0.13725490196078433,51,35.15686274509804,42,32,The_Donald
The_Donald,2026-04-03,0.22285882352941178,0.1568627450980392,51,23.84313725490196,39,33,The_Donald
The_Donald,2026-04-04,0.19105454545454545,0.10909090909090909,55,26.2,41,34,The_Donald
The_Donald,2026-04-05,0.12644615384615385,0.057692307692307696,52,29.03846153846154,40,35,The_Donald
The_Donald,2026-04-06,0.31786,0.225,40,31.0,33,36,The_Donald
The_Donald,2026-04-07,0.24408125,0.16666666666666666,48,26.520833333333332,41,37,The_Donald
The_Donald,2026-04-08,0.220058,0.16,50,24.46,38,38,The_Donald
The_Donald,2026-04-09,0.27253518518518516,0.2037037037037037,54,30.814814814814813,47,39,The_Donald
The_Donald,2026-04-10,0.30929824561403507,0.24561403508771928,57,26.894736842105264,47,40,The_Donald
The_Donald,2026-04-11,0.27672857142857143,0.19642857142857142,56,24.357142857142858,50,41,The_Donald
The_Donald,2026-04-12,0.34596666666666664,0.24561403508771928,57,30.614035087719298,46,42,The_Donald
The_Donald,2026-04-13,0.34245576923076926,0.2692307692307692,52,26.826923076923077,44,43,The_Donald
The_Donald,2026-04-14,0.33275396825396825,0.2698412698412698,63,25.634920634920636,55,44,The_Donald
The_Donald,2026-04-15,0.29701836734693876,0.1836734693877551,49,26.714285714285715,43,45,The_Donald
The_Donald,2026-04-16,0.20502962962962964,0.1111111111111111,54,27.72222222222222,42,46,The_Donald
The_Donald,2026-04-17,0.101065,0.025,40,25.85,33,47,The_Donald
The_Donald,2026-04-18,0.15138153846153846,0.03076923076923077,65,29.646153846153847,51,48,The_Donald
The_Donald,2026-04-19,0.2662793103448276,0.1724137931034483,58,29.948275862068964,45,49,The_Donald
The_Donald,2026-04-20,0.31861555555555554,0.24444444444444444,45,31.177777777777777,35,50,The_Donald
The_Donald,2026-04-21,0.32081428571428566,0.21428571428571427,56,24.375,41,51,The_Donald
The_Donald,2026-04-22,0.2892,0.21153846153846154,52,28.173076923076923,49,52,The_Donald
The_Donald,2026-04-23,0.27933157894736843,0.21052631578947367,57,29.05263157894737,47,53,The_Donald
The_Donald,2026-04-24,0.2726016666666667,0.18333333333333332,60,30.05,47,54,The_Donald
The_Donald,2026-04-25,0.171978431372549,0.09803921568627451,51,24.176470588235293,44,55,The_Donald
The_Donald,2026-04-26,0.33076612903225805,0.25806451612903225,62,31.919354838709676,56,56,The_Donald
The_Donald,2026-04-27,0.26680545454545457,0.21818181818181817,55,28.09090909090909,47,57,The_Donald
The_Donald,2026-04-28,0.25477636363636363,0.16363636363636364,55,31.0,49,58,The_Donald
The_Donald,2026-04-29,0.1943728813559322,0.1016949152542373,59,27.694915254237287,49,59,The_Donald
The_Donald,2026-04-30,0.32896136363636364,0.2727272727272727,44,23.84090909090909,36,60,The_Donald
The_Donald,2026-05-01,0.216732,0.14,50,29.1,42,61,The_Donald
The_Donald,2026-05-02,0.2470140350877193,0.15789473684210525,57,24.57894736842105,50,62,The_Donald
The_Donald,2026-05-03,0.2784978723404255,0.2127659574468085,47,27.02127659574468,39,63,The_Donald
The_Donald,2026-05-04,0.20789215686274512,0.13725490196078433,51,30.352941176470587,43,64,The_Donald
The_Donald,2026-05-05,0.31740677966101694,0.2542372881355932,59,26.28813559322034,50,65,The_Donald
The_Donald,2026-05-06,0.28364782608695654,0.15217391304347827,46,31.02173913043478,43,66,The_Donald
The_Donald,2026-05-07,0.14702264150943398,0.07547169811320754,53,25.20754716981132,44,67,The_Donald
The_Donald,2026-05-08,0.23108125000000002,0.16666666666666666,48,26.833333333333332,43,68,The_Donald
The_Donald,2026-05-09,0.2660063492063492,0.1746031746031746,63,24.047619047619047,51,69,The_Donald
The_Donald,2026-05-10,0.24740327868852457,0.18032786885245902,61,29.78688524590164,47,70,The_Donald
The_Donald,2026-05-11,0.2859934426229508,0.19672131147540983,61,25.295081967213115,48,71,The_Donald
The_Donald,2026-05-12,0.270663829787234,0.23404255319148937,47,31.0,43,72,The_Donald
The_Donald,2026-05-13,0.22190392156862745,0.09803921568627451,51,29.058823529411764,45,73,The_Donald
The_Donald,2026-05-14,0.15730499999999997,0.075,40,26.95,37,74,The_Donald
The_Donald,2026-05-15,0.34212765957446806,0.2978723404255319,47,24.80851063829787,39,75,The_Donald
The_Donald,2026-05-16,0.2895151515151515,0.22727272727272727,66,32.25757575757576,55,76,The_Donald
The_Donald,2026-05-17,0.32367391304347826,0.2391304347826087,46,28.065217391304348,44,77,The_Donald
The_Donald,2026-05-18,0.2977161290322581,0.20967741935483872,62,24.032258064516128,49,78,The_Donald
The_Donald,2026-05-19,0.1827796875,0.09375,64,25.96875,51,79,The_Donald
The_Donald,2026-05-20,0.30606249999999996,0.19642857142857142,56,26.785714285714285,49,80,The_Donald
The_Donald,2026-05-21,0.3637865671641791,0.29850746268656714,67,25.28358208955224,60,81,The_Donald
The_Donald,2026-05-22,0.2349155172413793,0.13793103448275862,58,25.53448275862069,49,82,The_Donald
The_Donald,2026-05-23,0.30236842105263156,0.21052631578947367,57,27.859649122807017,45,83,The_Donald
The_Donald,2026-05-24,0.33593389830508474,0.2711864406779661,59,29.440677966101696,47,84,The_Donald
The_Donald,2026-05-25,0.355208,0.32,50,29.76,41,85,The_Donald
The_Donald,2026-05-26,0.3390785714285714,0.26785714285714285,56,27.321428571428573,48,86,The_Donald
The_Donald,2026-05-27,0.31742857142857145,0.20408163265306123,49,23.816326530612244,39,87,The_Donald
The_Donald,2026-05-28,0.2843236111111111,0.2222222222222222,72,29.819444444444443,58,88,The_Donald
The_Donald,2026-05-29,0.26241186440677966,0.1864406779661017,59,29.406779661016948,51,89,The_Donald
The_Donald,2026-05-30,0.3696123287671233,0.3013698630136986,73,22.383561643835616,57,90,The_Donald
The_Donald,2026-05-31,0.4087913043478261,0.34782608695652173,46,30.152173913043477,43,91,The_Donald
The_Donald,2026-06-01,0.38151702127659576,0.2978723404255319,47,27.170212765957448,42,92,The_Donald
The_Donald,2026-06-02,0.34751379310344827,0.29310344827586204,58,27.103448275862068,55,93,The_Donald
The_Donald,2026-06-03,0.39059622641509434,0.3018867924528302,53,26.566037735849058,47,94,The_Donald
The_Donald,2026-06-04,0.34566600000000003,0.28,50,29.58,48,95,The_Donald
The_Donald,2026-06-05,0.44983636363636365,0.43636363636363634,55,23.763636363636362,50,96,The_Donald
The_Donald,2026-06-06,0.38115,0.3333333333333333,60,29.416666666666668,52,97,The_Donald
The_Donald,2026-06-07,0.40580350877192983,0.3684210526315789,57,24.228070175438596,51,98,The_Donald
The_Donald,2026-06-08,0.371512962962963,0.3148148148148148,54,26.64814814814815,47,99,The_Donald
The_Donald,2026-06-09,0.46176415094339623,0.4339622641509434,53,29.754716981132077,45,100,The_Donald
The_Donald,2026-06-10,0.441155737704918,0.4098360655737705,61,28.37704918032787,50,101,The_Donald
The_Donald,2026-06-11,0.46660416666666665,0.4166666666666667,48,30.645833333333332,43,102,The_Donald
The_Donald,2026-06-12,0.4707173076923077,0.4423076923076923,52,25.576923076923077,45,103,The_Donald
The_Donald,2026-06-13,0.4046327868852459,0.32786885245901637,61,27.39344262295082,54,104,The_Donald
The_Donald,2026-06-14,0.4949813953488373,0.4418604651162791,43,30.74418604651163,40,105,The_Donald
The_Donald,2026-06-15,0.5112959183673469,0.4489795918367347,49,27.122448979591837,45,106,The_Donald
The_Donald,2026-06-16,0.5141661016949153,0.4576271186440678,59,28.06779661016949,50,107,The_Donald
The_Donald,2026-06-17,0.5601679245283019,0.5283018867924528,53,25.90566037735849,49,108,The_Donald
The_Donald,2026-06-18,0.5504177419354839,0.532258064516129,62,25.467741935483872,46,109,The_Donald
The_Donald,2026-06-19,0.4414303571428571,0.4107142857142857,56,27.982142857142858,48,110,The_Donald
The_Donald,2026-06-20,0.5702285714285714,0.5714285714285714,49,27.408163265306122,43,111,The_Donald
The_Donald,2026-06-21,0.48765263157894734,0.47368421052631576,57,29.526315789473685,54,112,The_Donald
The_Donald,2026-06-22,0.5280694915254237,0.5254237288135594,59,28.76271186440678,49,113,The_Donald
The_Donald,2026-06-23,0.6304843137254902,0.6078431372549019,51,24.098039215686274,45,114,The_Donald
The_Donald,2026-06-24,0.5545584905660378,0.5471698113207547,53,28.18867924528302,49,115,The_Donald
The_Donald,2026-06-25,0.513777358490566,0.49056603773584906,53,24.18867924528302,48,116,The_Donald
The_Donald,2026-06-26,0.5860431818181818,0.5681818181818182,44,30.431818181818183,41,117,The_Donald
The_Donald,2026-06-27,0.5394351851851852,0.5370370370370371,54,27.24074074074074,50,118,The_Donald
The_Donald,2026-06-28,0.6624599999999999,0.6545454545454545,55,28.454545454545453,48,119,The_Donald
UMukhasimAutoNews,2026-03-01,0.11860285714285716,0.02857142857142857,35,28.62857142857143,24,0,UMukhasimAutoNews
UMukhasimAutoNews,2026-03-02,0.17736000000000002,0.05,20,23.55,16,1,UMukhasimAutoNews
UMukhasimAutoNews,2026-03-03,0.114565,0.0,20,33.6,16,2,UMukhasimAutoNews
UMukhasimAutoNews,2026-03-04,0.219652,0.12,25,20.6,21,3,UMukhasimAutoNews
UMukhasimAutoNews,2026-03-05,0.20313703703703703,0.07407407407407407,27,29.25925925925926,21,4,UMukhasimAutoNews
UMukhasimAutoNews,2026-03-06,0.19155862068965518,0.10344827586206896,29,32.6551724137931,27,5,UMukhasimAutoNews
UMukhasimAutoNews,2026-03-07,0.13642,0.03333333333333333,30,26.033333333333335,28,6,UMukhasimAutoNews
UMukhasimAutoNews,2026-03-08,0.0976,0.0,27,31.51851851851852,23,7,UMukhasimAutoNews
UMukhasimAutoNews,2026-03-09,0.32528,0.22857142857142856,35,21.114285714285714,27,8,UMukhasimAutoNews
UMukhasimAutoNews,2026-03-10,0.23592962962962963,0.1111111111111111,27,29.88888888888889,24,9,UMukhasimAutoNews
UMukhasimAutoNews,2026-03-11,0.1859311111111111,0.13333333333333333,45,28.444444444444443,32,10,UMukhasimAutoNews
UMukhasimAutoNews,2026-03-12,0.35515625,0.25,16,24.25,13,11,UMukhasimAutoNews
UMukhasimAutoNews,2026-03-13,0.13615185185185186,0.0,27,28.48148148148148,21,12,UMukhasimAutoNews
UMukhasimAutoNews,2026-03-14,0.1568857142857143,0.047619047619047616,21,23.095238095238095,19,13,UMukhasimAutoNews
UMukhasimAutoNews,2026-03-15,0.0697,0.0,25,20.6,23,14,UMukhasimAutoNews
UMukhasimAutoNews,2026-03-16,0.332476,0.28,25,25.36,22,15,UMukhasimAutoNews
UMukhasimAutoNews,2026-03-17,0.2970535714285715,0.17857142857142858,28,25.357142857142858,27,16,UMukhasimAutoNews
UMukhasimAutoNews,2026-03-18,0.15221904761904761,0.09523809523809523,21,24.238095238095237,19,17,UMukhasimAutoNews
UMukhasimAutoNews,2026-03-19,0.06313846153846153,0.0,26,29.307692307692307,24,18,UMukhasimAutoNews
UMukhasimAutoNews,2026-03-20,0.13020526315789474,0.05263157894736842,19,41.26315789473684,18,19,UMukhasimAutoNews
UMukhasimAutoNews,2026-03-21,0.15524827586206896,0.034482758620689655,29,29.448275862068964,22,20,UMukhasimAutoNews
UMukhasimAutoNews,2026-03-22,0.1422,0.0,22,31.272727272727273,21,21,UMukhasimAutoNews
UMukhasimAutoNews,2026-03-23,0.333088,0.24,25,29.76,21,22,UMukhasimAutoNews
UMukhasimAutoNews,2026-03-24,0.24600000000000002,0.2,25,27.08,21,23,UMukhasimAutoNews
UMukhasimAutoNews,2026-03-25,0.10771724137931035,0.034482758620689655,29,29.517241379310345,26,24,UMukhasimAutoNews
UMukhasimAutoNews,2026-03-26,0.15008695652173912,0.08695652173913043,23,21.956521739130434,19,25,UMukhasimAutoNews
UMukhasimAutoNews,2026-03-27,0.18873043478260867,0.08695652173913043,23,25.217391304347824,21,26,UMukhasimAutoNews
UMukhasimAutoNews,2026-03-28,0.3431461538461538,0.2692307692307692,26,19.23076923076923,24,27,UMukhasimAutoNews
UMukhasimAutoNews,2026-03-29,0.34387222222222225,0.2777777777777778,36,32.138888888888886,31,28,UMukhasimAutoNews
UMukhasimAutoNews,2026-03-30,0.18770571428571428,0.05714285714285714,35,30.0,29,29,UMukhasimAutoNews
UMukhasimAutoNews,2026-03-31,0.24238846153846155,0.15384615384615385,26,27.846153846153847,22,30,UMukhasimAutoNews
UMukhasimAutoNews,2026-04-01,0.15595833333333334,0.041666666666666664,24,28.25,22,31,UMukhasimAutoNews
UMukhasimAutoNews,2026-04-02,0.14266399999999999,0.12,25,30.68,20,32,UMukhasimAutoNews
UMukhasimAutoNews,2026-04-03,0.22039499999999998,0.1,20,28.75,18,33,UMukhasimAutoNews
UMukhasimAutoNews,2026-04-04,0.17865833333333334,0.041666666666666664,24,28.166666666666668,21,34,UMukhasimAutoNews
UMukhasimAutoNews,2026-04-05,0.242788,0.08,25,31.0,21,35,UMukhasimAutoNews
UMukhasimAutoNews,2026-04-06,0.21774,0.05,20,22.55,18,36,UMukhasimAutoNews
UMukhasimAutoNews,2026-04-07,0.19303157894736844,0.05263157894736842,19,23.526315789473685,16,37,UMukhasimAutoNews
UMukhasimAutoNews,2026-04-08,0.2322142857142857,0.14285714285714285,21,26.047619047619047,19,38,UMukhasimAutoNews
UMukhasimAutoNews,2026-04-09,0.20139565217391306,0.17391304347826086,23,28.26086956521739,19,39,UMukhasimAutoNews
UMukhasimAutoNews,2026-04-10,0.2239642857142857,0.16666666666666666,42,26.357142857142858,38,40,UMukhasimAutoNews
UMukhasimAutoNews,2026-04-11,0.22382272727272728,0.13636363636363635,22,30.136363636363637,18,41,UMukhasimAutoNews
UMukhasimAutoNews,2026-04-12,0.2398782608695652,0.13043478260869565,23,30.434782608695652,19,42,UMukhasimAutoNews
UMukhasimAutoNews,2026-04-13,0.2142666666666667,0.14814814814814814,27,26.555555555555557,22,43,UMukhasimAutoNews
UMukhasimAutoNews,2026-04-14,0.14051111111111111,0.027777777777777776,36,32.19444444444444,30,44,UMukhasimAutoNews
UMukhasimAutoNews,2026-04-15,0.2980777777777778,0.16666666666666666,18,24.61111111111111,16,45,UMukhasimAutoNews
UMukhasimAutoNews,2026-04-16,0.10711304347826087,0.043478260869565216,23,24.608695652173914,22,46,UMukhasimAutoNews
UMukhasimAutoNews,2026-04-17,0.17626521739130435,0.043478260869565216,23,29.47826086956522,20,47,UMukhasimAutoNews
UMukhasimAutoNews,2026-04-18,0.24050555555555558,0.16666666666666666,18,24.055555555555557,16,48,UMukhasimAutoNews
UMukhasimAutoNews,2026-04-19,0.08990740740740742,0.037037037037037035,27,25.88888888888889,22,49,UMukhasimAutoNews
UMukhasimAutoNews,2026-04-20,0.2288,0.15384615384615385,26,29.46153846153846,24,50,UMukhasimAutoNews
UMukhasimAutoNews,2026-04-21,0.19591818181818182,0.09090909090909091,33,28.393939393939394,25,51,UMukhasimAutoNews
UMukhasimAutoNews,2026-04-22,0.1915375,0.08333333333333333,24,30.458333333333332,21,52,UMukhasimAutoNews
UMukhasimAutoNews,2026-04-23,0.2885969696969697,0.21212121212121213,33,26.424242424242426,27,53,UMukhasimAutoNews
UMukhasimAutoNews,2026-04-24,0.15289117647058822,0.058823529411764705,34,23.676470588235293,26,54,UMukhasimAutoNews
UMukhasimAutoNews,2026-04-25,0.1518942857142857,0.08571428571428572,35,28.142857142857142,29,55,UMukhasimAutoNews
UMukhasimAutoNews,2026-04-26,0.18592,0.08571428571428572,35,25.142857142857142,27,56,UMukhasimAutoNews
UMukhasimAutoNews,2026-04-27,0.21693703703703704,0.14814814814814814,27,24.62962962962963,23,57,UMukhasimAutoNews
UMukhasimAutoNews,2026-04-28,0.09844444444444445,0.027777777777777776,36,29.083333333333332,28,58,UMukhasimAutoNews
UMukhasimAutoNews,2026-04-29,0.235036,0.2,25,31.28,21,59,UMukhasimAutoNews
UMukhasimAutoNews,2026-04-30,0.182755,0.0,20,22.9,19,60,UMukhasimAutoNews
UMukhasimAutoNews,2026-05-01,0.21986315789473687,0.10526315789473684,19,31.05263157894737,19,61,UMukhasimAutoNews
UMukhasimAutoNews,2026-05-02,0.11957575757575759,0.0,33,30.393939393939394,29,62,UMukhasimAutoNews
UMukhasimAutoNews,2026-05-03,0.1811,0.1,20,25.25,19,63,UMukhasimAutoNews
UMukhasimAutoNews,2026-05-04,0.2979695652173913,0.21739130434782608,23,24.043478260869566,19,64,UMukhasimAutoNews
UMukhasimAutoNews,2026-05-05,0.1521809523809524,0.047619047619047616,21,28.523809523809526,17,65,UMukhasimAutoNews
UMukhasimAutoNews,2026-05-06,0.18763225806451614,0.0967741935483871,31,33.96774193548387,26,66,UMukhasimAutoNews
UMukhasimAutoNews,2026-05-07,0.21463043478260868,0.13043478260869565,23,29.304347826086957,22,67,UMukhasimAutoNews
UMukhasimAutoNews,2026-05-08,0.22891111111111112,0.1111111111111111,27,26.185185185185187,22,68,UMukhasimAutoNews
UMukhasimAutoNews,2026-05-09,0.19047692307692307,0.038461538461538464,26,29.53846153846154,22,69,UMukhasimAutoNews
UMukhasimAutoNews,2026-05-10,0.15018571428571428,0.09523809523809523,21,25.0,19,70,UMukhasimAutoNews
UMukhasimAutoNews,2026-05-11,0.32475,0.22727272727272727,22,20.636363636363637,19,71,UMukhasimAutoNews
UMukhasimAutoNews,2026-05-12,0.2654095238095238,0.19047619047619047,21,24.904761904761905,20,72,UMukhasimAutoNews
UMukhasimAutoNews,2026-05-13,0.1682076923076923,0.038461538461538464,26,21.346153846153847,21,73,UMukhasimAutoNews
UMukhasimAutoNews,2026-05-14,0.15887407407407408,0.07407407407407407,27,26.185185185185187,23,74,UMukhasimAutoNews
UMukhasimAutoNews,2026-05-15,0.15901764705882354,0.11764705882352941,17,25.11764705882353,15,75,UMukhasimAutoNews
UMukhasimAutoNews,2026-05-16,0.13724444444444445,0.037037037037037035,27,32.0,23,76,UMukhasimAutoNews
UMukhasimAutoNews,2026-05-17,0.09878214285714285,0.0,28,29.75,23,77,UMukhasimAutoNews
UMukhasimAutoNews,2026-05-18,0.21439999999999998,0.14285714285714285,28,29.285714285714285,26,78,UMukhasimAutoNews
UMukhasimAutoNews,2026-05-19,0.29053809523809526,0.14285714285714285,21,31.333333333333332,19,79,UMukhasimAutoNews
UMukhasimAutoNews,2026-05-20,0.28348333333333336,0.2,30,28.3,21,80,UMukhasimAutoNews
UMukhasimAutoNews,2026-05-21,0.1725448275862069,0.034482758620689655,29,23.551724137931036,26,81,UMukhasimAutoNews
UMukhasimAutoNews,2026-05-22,0.20329,0.13333333333333333,30,27.133333333333333,27,82,UMukhasimAutoNews
UMukhasimAutoNews,2026-05-23,0.30791999999999997,0.16,25,21.8,19,83,UMukhasimAutoNews
UMukhasimAutoNews,2026-05-24,0.18959166666666669,0.08333333333333333,24,21.791666666666668,21,84,UMukhasimAutoNews
UMukhasimAutoNews,2026-05-25,0.14801250000000002,0.041666666666666664,24,26.916666666666668,22,85,UMukhasimAutoNews
UMukhasimAutoNews,2026-05-26,0.19993333333333335,0.15151515151515152,33,24.96969696969697,25,86,UMukhasimAutoNews
UMukhasimAutoNews,2026-05-27,0.26910434782608694,0.17391304347826086,23,28.782608695652176,21,87,UMukhasimAutoNews
UMukhasimAutoNews,2026-05-28,0.228435,0.1,20,27.8,18,88,UMukhasimAutoNews
UMukhasimAutoNews,2026-05-29,0.30773055555555556,0.2222222222222222,36,26.583333333333332,32,89,UMukhasimAutoNews
UMukhasimAutoNews,2026-05-30,0.15124,0.03333333333333333,30,31.6,28,90,UMukhasimAutoNews
UMukhasimAutoNews,2026-05-31,0.17746333333333333,0.1,30,22.9,25,91,UMukhasimAutoNews
UMukhasimAutoNews,2026-06-01,0.18513809523809524,0.047619047619047616,21,31.19047619047619,18,92,UMukhasimAutoNews
UMukhasimAutoNews,2026-06-02,0.222225,0.16666666666666666,24,32.958333333333336,23,93,UMukhasimAutoNews
UMukhasimAutoNews,2026-06-03,0.13766,0.0,25,29.68,20,94,UMukhasimAutoNews
UMukhasimAutoNews,2026-06-04,0.19555769230769232,0.07692307692307693,26,25.653846153846153,20,95,UMukhasimAutoNews
UMukhasimAutoNews,2026-06-05,0.22143999999999997,0.16,25,31.52,22,96,UMukhasimAutoNews
UMukhasimAutoNews,2026-06-06,0.20971176470588238,0.0,17,19.647058823529413,16,97,UMukhasimAutoNews
UMukhasimAutoNews,2026-06-07,0.3327925925925926,0.25925925925925924,27,29.555555555555557,24,98,UMukhasimAutoNews
UMukhasimAutoNews,2026-06-08,0.26976666666666665,0.18518518518518517,27,27.62962962962963,24,99,UMukhasimAutoNews
UMukhasimAutoNews,2026-06-09,0.16636666666666666,0.07407407407407407,27,26.40740740740741,22,100,UMukhasimAutoNews
UMukhasimAutoNews,2026-06-10,0.14620869565217393,0.08695652173913043,23,22.26086956521739,19,101,UMukhasimAutoNews
UMukhasimAutoNews,2026-06-11,0.2068761904761905,0.14285714285714285,21,21.952380952380953,17,102,UMukhasimAutoNews
UMukhasimAutoNews,2026-06-12,0.1673,0.08333333333333333,24,29.375,22,103,UMukhasimAutoNews
UMukhasimAutoNews,2026-06-13,0.248735,0.15,20,28.7,18,104,UMukhasimAutoNews
UMukhasimAutoNews,2026-06-14,0.17969375,0.125,16,21.875,16,105,UMukhasimAutoNews
UMukhasimAutoNews,2026-06-15,0.12432105263157894,0.0,19,37.94736842105263,16,106,UMukhasimAutoNews
UMukhasimAutoNews,2026-06-16,0.32669166666666666,0.25,24,30.0,18,107,UMukhasimAutoNews
UMukhasimAutoNews,2026-06-17,0.13160322580645162,0.03225806451612903,31,27.64516129032258,26,108,UMukhasimAutoNews
UMukhasimAutoNews,2026-06-18,0.2159625,0.09375,32,27.4375,26,109,UMukhasimAutoNews
UMukhasimAutoNews,2026-06-19,0.3091814814814815,0.2222222222222222,27,29.296296296296298,21,110,UMukhasimAutoNews
UMukhasimAutoNews,2026-06-20,0.22617500000000001,0.15,20,18.65,20,111,UMukhasimAutoNews
UMukhasimAutoNews,2026-06-21,0.1322878787878788,0.06060606060606061,33,20.545454545454547,29,112,UMukhasimAutoNews
UMukhasimAutoNews,2026-06-22,0.25305384615384613,0.15384615384615385,26,27.884615384615383,25,113,UMukhasimAutoNews
UMukhasimAutoNews,2026-06-23,0.21847500000000003,0.1,20,29.1,19,114,UMukhasimAutoNews
UMukhasimAutoNews,2026-06-24,0.1674923076923077,0.11538461538461539,26,24.576923076923077,23,115,UMukhasimAutoNews
UMukhasimAutoNews,2026-06-25,0.34108387096774195,0.22580645161290322,31,25.322580645161292,25,116,UMukhasimAutoNews
UMukhasimAutoNews,2026-06-26,0.23596296296296299,0.14814814814814814,27,27.51851851851852,22,117,UMukhasimAutoNews
UMukhasimAutoNews,2026-06-27,0.1941918918918919,0.10810810810810811,37,28.513513513513512,28,118,UMukhasimAutoNews
UMukhasimAutoNews,2026-06-28,0.16160588235294118,0.058823529411764705,17,27.294117647058822,14,119,UMukhasimAutoNews
VANGUARDauto,2026-03-01,0.1748313725490196,0.0784313725490196,51,26.41176470588235,38,0,VANGUARDauto
VANGUARDauto,2026-03-02,0.17549555555555554,0.022222222222222223,45,24.933333333333334,33,1,VANGUARDauto
VANGUARDauto,2026-03-03,0.124208,0.02,50,28.56,36,2,VANGUARDauto
VANGUARDauto,2026-03-04,0.2407148148148148,0.16666666666666666,54,30.685185185185187,42,3,VANGUARDauto
VANGUARDauto,2026-03-05,0.11606981132075471,0.018867924528301886,53,31.11320754716981,35,4,VANGUARDauto
VANGUARDauto,2026-03-06,0.1189706896551724,0.017241379310344827,58,27.43103448275862,37,5,VANGUARDauto
VANGUARDauto,2026-03-07,0.1724897435897436,0.05128205128205128,39,31.333333333333332,31,6,VANGUARDauto
VANGUARDauto,2026-03-08,0.2824641509433962,0.18867924528301888,53,26.754716981132077,40,7,VANGUARDauto
VANGUARDauto,2026-03-09,0.15585000000000002,0.022727272727272728,44,32.25,35,8,VANGUARDauto
VANGUARDauto,2026-03-10,0.12172786885245901,0.04918032786885246,61,26.049180327868854,38,9,VANGUARDauto
VANGUARDauto,2026-03-11,0.17973658536585366,0.07317073170731707,41,28.4390243902439,32,10,VANGUARDauto
VANGUARDauto,2026-03-12,0.09124,0.022222222222222223,45,29.08888888888889,38,11,VANGUARDauto
VANGUARDauto,2026-03-13,0.16891666666666666,0.037037037037037035,54,25.38888888888889,38,12,VANGUARDauto
VANGUARDauto,2026-03-14,0.1906309090909091,0.05454545454545454,55,24.509090909090908,41,13,VANGUARDauto
VANGUARDauto,2026-03-15,0.19015333333333334,0.08333333333333333,60,23.616666666666667,43,14,VANGUARDauto
VANGUARDauto,2026-03-16,0.23756153846153846,0.13846153846153847,65,26.015384615384615,40,15,VANGUARDauto
VANGUARDauto,2026-03-17,0.2387387755102041,0.16326530612244897,49,28.306122448979593,39,16,VANGUARDauto
VANGUARDauto,2026-03-18,0.17892131147540985,0.09836065573770492,61,25.147540983606557,45,17,VANGUARDauto
VANGUARDauto,2026-03-19,0.1897820512820513,0.10256410256410256,39,26.41025641025641,29,18,VANGUARDauto
VANGUARDauto,2026-03-20,0.16556071428571428,0.03571428571428571,56,26.875,41,19,VANGUARDauto
VANGUARDauto,2026-03-21,0.1437235294117647,0.029411764705882353,68,31.88235294117647,44,20,VANGUARDauto
VANGUARDauto,2026-03-22,0.13579347826086957,0.043478260869565216,46,27.434782608695652,33,21,VANGUARDauto
VANGUARDauto,2026-03-23,0.21838032786885248,0.14754098360655737,61,31.491803278688526,44,22,VANGUARDauto
VANGUARDauto,2026-03-24,0.26777321428571427,0.19642857142857142,56,27.785714285714285,43,23,VANGUARDauto
VANGUARDauto,2026-03-25,0.1332274193548387,0.04838709677419355,62,26.43548387096774,45,24,VANGUARDauto
VANGUARDauto,2026-03-26,0.20768727272727275,0.10909090909090909,55,26.163636363636364,42,25,VANGUARDauto
VANGUARDauto,2026-03-27,0.15225000000000002,0.018518518518518517,54,25.185185185185187,42,26,VANGUARDauto
VANGUARDauto,2026-03-28,0.174414,0.04,50,23.82,40,27,VANGUARDauto
VANGUARDauto,2026-03-29,0.1288079365079365,0.031746031746031744,63,31.444444444444443,53,28,VANGUARDauto
VANGUARDauto,2026-03-30,0.1252818181818182,0.03636363636363636,55,26.454545454545453,43,29,VANGUARDauto
VANGUARDauto,2026-03-31,0.15859464285714284,0.05357142857142857,56,28.535714285714285,43,30,VANGUARDauto
VANGUARDauto,2026-04-01,0.13821929824561402,0.017543859649122806,57,28.92982456140351,43,31,VANGUARDauto
VANGUARDauto,2026-04-02,0.2048025,0.1,40,24.675,31,32,VANGUARDauto
VANGUARDauto,2026-04-03,0.10102558139534884,0.046511627906976744,43,24.53488372093023,37,33,VANGUARDauto
VANGUARDauto,2026-04-04,0.22721052631578947,0.07894736842105263,38,26.07894736842105,32,34,VANGUARDauto
VANGUARDauto,2026-04-05,0.17762941176470587,0.11764705882352941,51,27.84313725490196,41,35,VANGUARDauto
VANGUARDauto,2026-04-06,0.1598595238095238,0.047619047619047616,42,23.928571428571427,34,36,VANGUARDauto
VANGUARDauto,2026-04-07,0.1905901960784314,0.0784313725490196,51,29.372549019607842,44,37,VANGUARDauto
VANGUARDauto,2026-04-08,0.14731538461538463,0.07692307692307693,52,31.115384615384617,38,38,VANGUARDauto
VANGUARDauto,2026-04-09,0.17214918032786883,0.08196721311475409,61,30.34426229508197,47,39,VANGUARDauto
VANGUARDauto,2026-04-10,0.18542894736842105,0.13157894736842105,38,25.605263157894736,32,40,VANGUARDauto
VANGUARDauto,2026-04-11,0.15901224489795918,0.04081632653061224,49,21.93877551020408,39,41,VANGUARDauto
VANGUARDauto,2026-04-12,0.20538163265306125,0.08163265306122448,49,27.93877551020408,39,42,VANGUARDauto
VANGUARDauto,2026-04-13,0.17744761904761905,0.11904761904761904,42,31.261904761904763,32,43,VANGUARDauto
VANGUARDauto,2026-04-14,0.20059302325581396,0.11627906976744186,43,25.651162790697676,34,44,VANGUARDauto
VANGUARDauto,2026-04-15,0.23292500000000002,0.125,48,23.770833333333332,40,45,VANGUARDauto
VANGUARDauto,2026-04-16,0.15181521739130435,0.06521739130434782,46,26.5,38,46,VANGUARDauto
VANGUARDauto,2026-04-17,0.14390188679245283,0.05660377358490566,53,25.88679245283019,45,47,VANGUARDauto
VANGUARDauto,2026-04-18,0.2596977777777778,0.17777777777777778,45,19.666666666666668,35,48,VANGUARDauto
VANGUARDauto,2026-04-19,0.11051555555555556,0.022222222222222223,45,28.333333333333332,39,49,VANGUARDauto
VANGUARDauto,2026-04-20,0.144518,0.08,50,24.94,42,50,VANGUARDauto
VANGUARDauto,2026-04-21,0.20571929824561402,0.12280701754385964,57,28.596491228070175,47,51,VANGUARDauto
VANGUARDauto,2026-04-22,0.1798918367346939,0.04081632653061224,49,30.693877551020407,40,52,VANGUARDauto
VANGUARDauto,2026-04-23,0.1631142857142857,0.08163265306122448,49,28.612244897959183,37,53,VANGUARDauto
VANGUARDauto,2026-04-24,0.12207037037037037,0.0,54,26.22222222222222,41,54,VANGUARDauto
VANGUARDauto,2026-04-25,0.15991698113207548,0.07547169811320754,53,27.37735849056604,39,55,VANGUARDauto
VANGUARDauto,2026-04-26,0.13078032786885246,0.01639344262295082,61,29.295081967213115,47,56,VANGUARDauto
VANGUARDauto,2026-04-27,0.17358113207547168,0.05660377358490566,53,23.50943396226415,40,57,VANGUARDauto
VANGUARDauto,2026-04-28,0.14926250000000002,0.07142857142857142,56,28.482142857142858,46,58,VANGUARDauto
VANGUARDauto,2026-04-29,0.20881458333333333,0.041666666666666664,48,23.729166666666668,42,59,VANGUARDauto
VANGUARDauto,2026-04-30,0.2181813953488372,0.11627906976744186,43,30.46511627906977,36,60,VANGUARDauto
VANGUARDauto,2026-05-01,0.14904615384615386,0.057692307692307696,52,24.384615384615383,43,61,VANGUARDauto
VANGUARDauto,2026-05-02,0.1647490909090909,0.07272727272727272,55,27.963636363636365,46,62,VANGUARDauto
VANGUARDauto,2026-05-03,0.27729818181818183,0.2,55,21.89090909090909,48,63,VANGUARDauto
VANGUARDauto,2026-05-04,0.2165276595744681,0.1276595744680851,47,24.170212765957448,40,64,VANGUARDauto
VANGUARDauto,2026-05-05,0.12316111111111111,0.0,36,27.555555555555557,33,65,VANGUARDauto
VANGUARDauto,2026-05-06,0.15318837209302327,0.046511627906976744,43,28.837209302325583,35,66,VANGUARDauto
VANGUARDauto,2026-05-07,0.24525714285714284,0.14285714285714285,49,28.73469387755102,39,67,VANGUARDauto
VANGUARDauto,2026-05-08,0.10666590909090909,0.0,44,24.022727272727273,35,68,VANGUARDauto
VANGUARDauto,2026-05-09,0.1369711111111111,0.044444444444444446,45,30.0,36,69,VANGUARDauto
VANGUARDauto,2026-05-10,0.1068640625,0.015625,64,24.859375,50,70,VANGUARDauto
VANGUARDauto,2026-05-11,0.18596379310344827,0.08620689655172414,58,30.017241379310345,47,71,VANGUARDauto
VANGUARDauto,2026-05-12,0.1681901960784314,0.0784313725490196,51,25.19607843137255,41,72,VANGUARDauto
VANGUARDauto,2026-05-13,0.16618148148148149,0.05555555555555555,54,28.87037037037037,43,73,VANGUARDauto
VANGUARDauto,2026-05-14,0.20700555555555555,0.09259259259259259,54,26.703703703703702,41,74,VANGUARDauto
VANGUARDauto,2026-05-15,0.24534642857142858,0.125,56,29.785714285714285,45,75,VANGUARDauto
VANGUARDauto,2026-05-16,0.15834328358208954,0.029850746268656716,67,28.26865671641791,51,76,VANGUARDauto
VANGUARDauto,2026-05-17,0.154525,0.057692307692307696,52,25.98076923076923,43,77,VANGUARDauto
VANGUARDauto,2026-05-18,0.20254038461538462,0.09615384615384616,52,28.942307692307693,45,78,VANGUARDauto
VANGUARDauto,2026-05-19,0.2916925925925926,0.2037037037037037,54,24.962962962962962,51,79,VANGUARDauto
VANGUARDauto,2026-05-20,0.1198,0.045454545454545456,44,24.113636363636363,38,80,VANGUARDauto
VANGUARDauto,2026-05-21,0.1846754716981132,0.05660377358490566,53,24.79245283018868,43,81,VANGUARDauto
VANGUARDauto,2026-05-22,0.23963541666666666,0.125,48,23.458333333333332,42,82,VANGUARDauto
VANGUARDauto,2026-05-23,0.22168909090909092,0.12727272727272726,55,25.454545454545453,43,83,VANGUARDauto
VANGUARDauto,2026-05-24,0.1541546875,0.0625,64,31.578125,53,84,VANGUARDauto
VANGUARDauto,2026-05-25,0.19694313725490198,0.11764705882352941,51,26.88235294117647,40,85,VANGUARDauto
VANGUARDauto,2026-05-26,0.24286206896551724,0.1724137931034483,58,27.310344827586206,50,86,VANGUARDauto
VANGUARDauto,2026-05-27,0.1910625,0.109375,64,26.75,47,87,VANGUARDauto
VANGUARDauto,2026-05-28,0.2835811320754717,0.18867924528301888,53,28.07547169811321,46,88,VANGUARDauto
VANGUARDauto,2026-05-29,0.22944042553191488,0.14893617021276595,47,24.319148936170212,42,89,VANGUARDauto
VANGUARDauto,2026-05-30,0.2506916666666667,0.15,60,25.566666666666666,53,90,VANGUARDauto
VANGUARDauto,2026-05-31,0.18341481481481484,0.09259259259259259,54,25.62962962962963,51,91,VANGUARDauto
VANGUARDauto,2026-06-01,0.31669,0.25,40,25.175,37,92,VANGUARDauto
VANGUARDauto,2026-06-02,0.21168039215686274,0.11764705882352941,51,23.0,44,93,VANGUARDauto
VANGUARDauto,2026-06-03,0.28566976744186046,0.18604651162790697,43,27.511627906976745,37,94,VANGUARDauto
VANGUARDauto,2026-06-04,0.30423676470588235,0.23529411764705882,68,30.705882352941178,56,95,VANGUARDauto
VANGUARDauto,2026-06-05,0.2747409090909091,0.22727272727272727,44,27.977272727272727,38,96,VANGUARDauto
VANGUARDauto,2026-06-06,0.32890344827586204,0.25862068965517243,58,25.20689655172414,51,97,VANGUARDauto
VANGUARDauto,2026-06-07,0.4415824561403509,0.40350877192982454,57,29.789473684210527,52,98,VANGUARDauto
VANGUARDauto,2026-06-08,0.44631904761904767,0.4126984126984127,63,24.53968253968254,58,99,VANGUARDauto
VANGUARDauto,2026-06-09,0.44406511627906975,0.3953488372093023,43,24.651162790697676,39,100,VANGUARDauto
VANGUARDauto,2026-06-10,0.30675892857142856,0.21428571428571427,56,31.5,48,101,VANGUARDauto
VANGUARDauto,2026-06-11,0.2708409836065574,0.21311475409836064,61,32.42622950819672,55,102,VANGUARDauto
VANGUARDauto,2026-06-12,0.35224038461538465,0.28846153846153844,52,25.615384615384617,48,103,VANGUARDauto
VANGUARDauto,2026-06-13,0.35922600000000005,0.3,50,26.34,41,104,VANGUARDauto
VANGUARDauto,2026-06-14,0.5275755555555556,0.4888888888888889,45,24.711111111111112,36,105,VANGUARDauto
VANGUARDauto,2026-06-15,0.3913333333333333,0.36231884057971014,69,26.81159420289855,60,106,VANGUARDauto
VANGUARDauto,2026-06-16,0.3683368421052632,0.3508771929824561,57,29.68421052631579,50,107,VANGUARDauto
VANGUARDauto,2026-06-17,0.5060204545454545,0.45454545454545453,44,30.09090909090909,42,108,VANGUARDauto
VANGUARDauto,2026-06-18,0.39836307692307693,0.3384615384615385,65,26.753846153846155,57,109,VANGUARDauto
VANGUARDauto,2026-06-19,0.4059711538461538,0.28846153846153844,52,27.78846153846154,47,110,VANGUARDauto
VANGUARDauto,2026-06-20,0.44985102040816327,0.40816326530612246,49,26.816326530612244,47,111,VANGUARDauto
VANGUARDauto,2026-06-21,0.342862,0.26,50,31.46,46,112,VANGUARDauto
VANGUARDauto,2026-06-22,0.4278810344827586,0.39655172413793105,58,26.482758620689655,51,113,VANGUARDauto
VANGUARDauto,2026-06-23,0.46571399999999996,0.42,50,24.44,45,114,VANGUARDauto
VANGUARDauto,2026-06-24,0.41168153846153843,0.4,65,23.153846153846153,55,115,VANGUARDauto
VANGUARDauto,2026-06-25,0.4729489795918368,0.42857142857142855,49,25.73469387755102,41,116,VANGUARDauto
VANGUARDauto,2026-06-26,0.3835909090909091,0.36363636363636365,55,27.454545454545453,47,117,VANGUARDauto
VANGUARDauto,2026-06-27,0.4334354166666667,0.4166666666666667,48,25.708333333333332,44,118,VANGUARDauto
VANGUARDauto,2026-06-28,0.5313245283018868,0.49056603773584906,53,30.11320754716981,48,119,VANGUARDauto
WAEXauto,2026-03-01,0.30451875,0.25,32,29.1875,28,0,WAEXauto
WAEXauto,2026-03-02,0.30065333333333333,0.23333333333333334,30,28.833333333333332,27,1,WAEXauto
WAEXauto,2026-03-03,0.5432088235294118,0.5,34,26.647058823529413,30,2,WAEXauto
WAEXauto,2026-03-04,0.3760810810810811,0.32432432432432434,37,31.64864864864865,31,3,WAEXauto
WAEXauto,2026-03-05,0.3248464285714286,0.2857142857142857,28,21.964285714285715,26,4,WAEXauto
WAEXauto,2026-03-06,0.28298108108108105,0.21621621621621623,37,33.78378378378378,32,5,WAEXauto
WAEXauto,2026-03-07,0.18361379310344828,0.10344827586206896,29,25.482758620689655,23,6,WAEXauto
WAEXauto,2026-03-08,0.3272133333333333,0.23333333333333334,30,28.333333333333332,24,7,WAEXauto
WAEXauto,2026-03-09,0.31642666666666663,0.26666666666666666,30,30.533333333333335,27,8,WAEXauto
WAEXauto,2026-03-10,0.43103499999999995,0.375,40,29.275,32,9,WAEXauto
WAEXauto,2026-03-11,0.30643928571428575,0.25,28,27.464285714285715,23,10,WAEXauto
WAEXauto,2026-03-12,0.3339970588235294,0.29411764705882354,34,21.794117647058822,29,11,WAEXauto
WAEXauto,2026-03-13,0.31720000000000004,0.21428571428571427,28,31.821428571428573,25,12,WAEXauto
WAEXauto,2026-03-14,0.2535903225806452,0.12903225806451613,31,20.419354838709676,26,13,WAEXauto
WAEXauto,2026-03-15,0.23298666666666668,0.2,30,27.933333333333334,25,14,WAEXauto
WAEXauto,2026-03-16,0.5189285714285715,0.5,42,28.88095238095238,35,15,WAEXauto
WAEXauto,2026-03-17,0.4699194444444445,0.4444444444444444,36,28.194444444444443,30,16,WAEXauto
WAEXauto,2026-03-18,0.284969696969697,0.21212121212121213,33,31.363636363636363,31,17,WAEXauto
WAEXauto,2026-03-19,0.23512000000000002,0.14285714285714285,35,28.428571428571427,28,18,WAEXauto
WAEXauto,2026-03-20,0.3056666666666667,0.2222222222222222,27,25.185185185185187,24,19,WAEXauto
WAEXauto,2026-03-21,0.458384,0.4,25,27.24,22,20,WAEXauto
WAEXauto,2026-03-22,0.3478085714285714,0.2857142857142857,35,27.34285714285714,28,21,WAEXauto
WAEXauto,2026-03-23,0.440403125,0.34375,32,30.9375,27,22,WAEXauto
WAEXauto,2026-03-24,0.3922827586206897,0.3103448275862069,29,22.310344827586206,24,23,WAEXauto
WAEXauto,2026-03-25,0.43427,0.36666666666666664,30,32.6,27,24,WAEXauto
WAEXauto,2026-03-26,0.33941724137931034,0.20689655172413793,29,25.689655172413794,24,25,WAEXauto
WAEXauto,2026-03-27,0.2810857142857143,0.2,35,24.65714285714286,32,26,WAEXauto
WAEXauto,2026-03-28,0.3187279069767442,0.2558139534883721,43,27.209302325581394,37,27,WAEXauto
WAEXauto,2026-03-29,0.5193416666666667,0.4166666666666667,24,19.583333333333332,23,28,WAEXauto
WAEXauto,2026-03-30,0.33078928571428573,0.2857142857142857,28,31.678571428571427,25,29,WAEXauto
WAEXauto,2026-03-31,0.390675,0.3611111111111111,36,31.02777777777778,33,30,WAEXauto
WAEXauto,2026-04-01,0.18295833333333333,0.16666666666666666,24,20.125,21,31,WAEXauto
WAEXauto,2026-04-02,0.29411818181818183,0.2727272727272727,33,27.333333333333332,28,32,WAEXauto
WAEXauto,2026-04-03,0.2807230769230769,0.23076923076923078,26,22.692307692307693,22,33,WAEXauto
WAEXauto,2026-04-04,0.305778125,0.21875,32,23.71875,27,34,WAEXauto
WAEXauto,2026-04-05,0.431365,0.35,20,24.6,19,35,WAEXauto
WAEXauto,2026-04-06,0.292975,0.2222222222222222,36,26.166666666666668,32,36,WAEXauto
WAEXauto,2026-04-07,0.28024516129032256,0.22580645161290322,31,27.64516129032258,25,37,WAEXauto
WAEXauto,2026-04-08,0.4059527777777778,0.3611111111111111,36,26.38888888888889,29,38,WAEXauto
WAEXauto,2026-04-09,0.3381351351351351,0.2702702702702703,37,25.35135135135135,31,39,WAEXauto
WAEXauto,2026-04-10,0.21544285714285713,0.14285714285714285,28,19.357142857142858,26,40,WAEXauto
WAEXauto,2026-04-11,0.33176999999999995,0.26666666666666666,30,24.233333333333334,26,41,WAEXauto
WAEXauto,2026-04-12,0.2198361111111111,0.16666666666666666,36,33.111111111111114,30,42,WAEXauto
WAEXauto,2026-04-13,0.4650411764705882,0.4411764705882353,34,24.147058823529413,30,43,WAEXauto
WAEXauto,2026-04-14,0.3990967741935484,0.2903225806451613,31,29.93548387096774,26,44,WAEXauto
WAEXauto,2026-04-15,0.3062709677419355,0.25806451612903225,31,25.419354838709676,28,45,WAEXauto
WAEXauto,2026-04-16,0.23776585365853659,0.1951219512195122,41,27.195121951219512,33,46,WAEXauto
WAEXauto,2026-04-17,0.253508,0.2,25,24.56,21,47,WAEXauto
WAEXauto,2026-04-18,0.34402666666666665,0.3,30,22.666666666666668,26,48,WAEXauto
WAEXauto,2026-04-19,0.4255333333333333,0.36363636363636365,33,27.09090909090909,31,49,WAEXauto
WAEXauto,2026-04-20,0.40226052631578946,0.34210526315789475,38,28.81578947368421,35,50,WAEXauto
WAEXauto,2026-04-21,0.40456875,0.375,32,24.03125,26,51,WAEXauto
WAEXauto,2026-04-22,0.3471590909090909,0.2727272727272727,44,30.795454545454547,36,52,WAEXauto
WAEXauto,2026-04-23,0.35703823529411766,0.3235294117647059,34,24.441176470588236,30,53,WAEXauto
WAEXauto,2026-04-24,0.19387575757575756,0.09090909090909091,33,35.24242424242424,27,54,WAEXauto
WAEXauto,2026-04-25,0.2847545454545455,0.21212121212121213,33,28.272727272727273,31,55,WAEXauto
WAEXauto,2026-04-26,0.38478999999999997,0.3,30,26.6,27,56,WAEXauto
WAEXauto,2026-04-27,0.3701652173913043,0.2608695652173913,23,26.26086956521739,22,57,WAEXauto
WAEXauto,2026-04-28,0.2849891891891892,0.24324324324324326,37,33.4054054054054,31,58,WAEXauto
WAEXauto,2026-04-29,0.3864571428571429,0.35714285714285715,28,29.0,25,59,WAEXauto
WAEXauto,2026-04-30,0.37773103448275863,0.3103448275862069,29,18.655172413793103,24,60,WAEXauto
WAEXauto,2026-05-01,0.33025000000000004,0.26666666666666666,30,31.1,27,61,WAEXauto
WAEXauto,2026-05-02,0.34110999999999997,0.23333333333333334,30,25.2,24,62,WAEXauto
WAEXauto,2026-05-03,0.279558064516129,0.1935483870967742,31,23.419354838709676,28,63,WAEXauto
WAEXauto,2026-05-04,0.383796,0.28,25,27.68,21,64,WAEXauto
WAEXauto,2026-05-05,0.3710159090909091,0.3409090909090909,44,29.727272727272727,37,65,WAEXauto
WAEXauto,2026-05-06,0.3276457142857143,0.3142857142857143,35,27.37142857142857,33,66,WAEXauto
WAEXauto,2026-05-07,0.4053341463414634,0.3170731707317073,41,25.390243902439025,29,67,WAEXauto
WAEXauto,2026-05-08,0.2970555555555556,0.2222222222222222,27,29.925925925925927,23,68,WAEXauto
WAEXauto,2026-05-09,0.37398275862068964,0.27586206896551724,29,25.620689655172413,27,69,WAEXauto
WAEXauto,2026-05-10,0.414148,0.36,25,25.08,22,70,WAEXauto
WAEXauto,2026-05-11,0.19108285714285714,0.08571428571428572,35,24.714285714285715,27,71,WAEXauto
WAEXauto,2026-05-12,0.31356190476190476,0.14285714285714285,21,31.238095238095237,21,72,WAEXauto
WAEXauto,2026-05-13,0.27781666666666666,0.19047619047619047,42,27.714285714285715,35,73,WAEXauto
WAEXauto,2026-05-14,0.4629463414634146,0.4146341463414634,41,26.341463414634145,32,74,WAEXauto
WAEXauto,2026-05-15,0.24384827586206897,0.13793103448275862,29,26.275862068965516,24,75,WAEXauto
WAEXauto,2026-05-16,0.446076,0.4,25,27.64,23,76,WAEXauto
WAEXauto,2026-05-17,0.43964333333333333,0.4,30,27.066666666666666,25,77,WAEXauto
WAEXauto,2026-05-18,0.33254210526315786,0.2631578947368421,38,22.973684210526315,36,78,WAEXauto
WAEXauto,2026-05-19,0.24551290322580646,0.22580645161290322,31,32.03225806451613,27,79,WAEXauto
WAEXauto,2026-05-20,0.3653862068965517,0.27586206896551724,29,27.0,26,80,WAEXauto
WAEXauto,2026-05-21,0.30138611111111113,0.2222222222222222,36,31.11111111111111,31,81,WAEXauto
WAEXauto,2026-05-22,0.5881900000000001,0.6,30,20.366666666666667,25,82,WAEXauto
WAEXauto,2026-05-23,0.22784347826086956,0.13043478260869565,23,25.91304347826087,20,83,WAEXauto
WAEXauto,2026-05-24,0.22057333333333332,0.2,30,25.666666666666668,27,84,WAEXauto
WAEXauto,2026-05-25,0.46356896551724136,0.41379310344827586,29,27.24137931034483,22,85,WAEXauto
WAEXauto,2026-05-26,0.3290967741935484,0.22580645161290322,31,25.387096774193548,27,86,WAEXauto
WAEXauto,2026-05-27,0.2939709677419355,0.25806451612903225,31,31.967741935483872,26,87,WAEXauto
WAEXauto,2026-05-28,0.3931566666666667,0.26666666666666666,30,30.333333333333332,24,88,WAEXauto
WAEXauto,2026-05-29,0.1637275,0.05,40,27.3,33,89,WAEXauto
WAEXauto,2026-05-30,0.3247242424242424,0.2727272727272727,33,30.484848484848484,27,90,WAEXauto
WAEXauto,2026-05-31,0.26465833333333333,0.16666666666666666,24,17.208333333333332,21,91,WAEXauto
WAEXauto,2026-06-01,0.248975,0.15,20,27.05,18,92,WAEXauto
WAEXauto,2026-06-02,0.380027027027027,0.32432432432432434,37,20.756756756756758,31,93,WAEXauto
WAEXauto,2026-06-03,0.1955,0.12121212121212122,33,27.272727272727273,29,94,WAEXauto
WAEXauto,2026-06-04,0.26301071428571426,0.21428571428571427,28,26.142857142857142,28,95,WAEXauto
WAEXauto,2026-06-05,0.2876782608695652,0.2608695652173913,23,29.304347826086957,20,96,WAEXauto
WAEXauto,2026-06-06,0.3198475,0.275,40,28.6,34,97,WAEXauto
WAEXauto,2026-06-07,0.399815,0.35,40,24.375,34,98,WAEXauto
WAEXauto,2026-06-08,0.4637846153846154,0.4230769230769231,26,33.73076923076923,23,99,WAEXauto
WAEXauto,2026-06-09,0.40957666666666664,0.36666666666666664,30,27.666666666666668,26,100,WAEXauto
WAEXauto,2026-06-10,0.5311511627906977,0.4418604651162791,43,23.697674418604652,33,101,WAEXauto
WAEXauto,2026-06-11,0.4036757575757576,0.3333333333333333,33,26.454545454545453,30,102,WAEXauto
WAEXauto,2026-06-12,0.3777285714285714,0.2857142857142857,28,29.285714285714285,24,103,WAEXauto
WAEXauto,2026-06-13,0.262321875,0.125,32,28.78125,26,104,WAEXauto
WAEXauto,2026-06-14,0.30272702702702703,0.1891891891891892,37,28.83783783783784,29,105,WAEXauto
WAEXauto,2026-06-15,0.25620333333333334,0.2,30,34.333333333333336,27,106,WAEXauto
WAEXauto,2026-06-16,0.306575,0.25,32,27.21875,30,107,WAEXauto
WAEXauto,2026-06-17,0.47159166666666663,0.4444444444444444,36,25.333333333333332,30,108,WAEXauto
WAEXauto,2026-06-18,0.38527272727272727,0.30303030303030304,33,22.09090909090909,26,109,WAEXauto
WAEXauto,2026-06-19,0.2781205882352941,0.20588235294117646,34,24.852941176470587,27,110,WAEXauto
WAEXauto,2026-06-20,0.4676941176470588,0.38235294117647056,34,28.735294117647058,30,111,WAEXauto
WAEXauto,2026-06-21,0.34596400000000005,0.24,25,31.76,23,112,WAEXauto
WAEXauto,2026-06-22,0.37949310344827586,0.3103448275862069,29,26.06896551724138,26,113,WAEXauto
WAEXauto,2026-06-23,0.4327153846153846,0.38461538461538464,26,28.423076923076923,23,114,WAEXauto
WAEXauto,2026-06-24,0.3669294117647059,0.23529411764705882,17,26.294117647058822,16,115,WAEXauto
WAEXauto,2026-06-25,0.300128,0.2,25,28.12,20,116,WAEXauto
WAEXauto,2026-06-26,0.2824,0.22857142857142856,35,25.057142857142857,33,117,WAEXauto
WAEXauto,2026-06-27,0.37004444444444445,0.3611111111111111,36,25.97222222222222,27,118,WAEXauto
WAEXauto,2026-06-28,0.29706666666666665,0.2222222222222222,36,25.555555555555557,34,119,WAEXauto
WAPOauto,2026-03-01,0.20214444444444446,0.07936507936507936,63,27.063492063492063,40,0,WAPOauto
WAPOauto,2026-03-02,0.16956829268292684,0.0975609756097561,41,28.21951219512195,28,1,WAPOauto
WAPOauto,2026-03-03,0.1866967213114754,0.08196721311475409,61,26.885245901639344,44,2,WAPOauto
WAPOauto,2026-03-04,0.22798636363636363,0.09090909090909091,44,30.5,34,3,WAPOauto
WAPOauto,2026-03-05,0.21096274509803922,0.058823529411764705,51,24.49019607843137,39,4,WAPOauto
WAPOauto,2026-03-06,0.1450156862745098,0.058823529411764705,51,28.725490196078432,31,5,WAPOauto
WAPOauto,2026-03-07,0.19540000000000002,0.061224489795918366,49,28.387755102040817,37,6,WAPOauto
WAPOauto,2026-03-08,0.20780153846153848,0.1076923076923077,65,27.83076923076923,46,7,WAPOauto
WAPOauto,2026-03-09,0.27969772727272724,0.22727272727272727,44,29.431818181818183,29,8,WAPOauto
WAPOauto,2026-03-10,0.2974333333333333,0.19607843137254902,51,28.568627450980394,37,9,WAPOauto
WAPOauto,2026-03-11,0.11834864864864865,0.05405405405405406,37,25.324324324324323,27,10,WAPOauto
WAPOauto,2026-03-12,0.19606415094339624,0.09433962264150944,53,29.32075471698113,38,11,WAPOauto
WAPOauto,2026-03-13,0.18269622641509434,0.07547169811320754,53,28.962264150943398,39,12,WAPOauto
WAPOauto,2026-03-14,0.12286041666666665,0.020833333333333332,48,24.875,36,13,WAPOauto
WAPOauto,2026-03-15,0.15081636363636364,0.05454545454545454,55,30.10909090909091,37,14,WAPOauto
WAPOauto,2026-03-16,0.20425882352941174,0.11764705882352941,51,28.215686274509803,40,15,WAPOauto
WAPOauto,2026-03-17,0.23694821428571428,0.125,56,25.125,40,16,WAPOauto
WAPOauto,2026-03-18,0.177875,0.05357142857142857,56,26.142857142857142,41,17,WAPOauto
WAPOauto,2026-03-19,0.12740333333333334,0.016666666666666666,60,29.166666666666668,41,18,WAPOauto
WAPOauto,2026-03-20,0.23944333333333334,0.13333333333333333,60,30.033333333333335,40,19,WAPOauto
WAPOauto,2026-03-21,0.18958444444444444,0.06666666666666667,45,27.6,32,20,WAPOauto
WAPOauto,2026-03-22,0.14352448979591836,0.04081632653061224,49,24.183673469387756,38,21,WAPOauto
WAPOauto,2026-03-23,0.18711272727272726,0.09090909090909091,55,29.98181818181818,38,22,WAPOauto
WAPOauto,2026-03-24,0.2610170212765957,0.14893617021276595,47,26.53191489361702,37,23,WAPOauto
WAPOauto,2026-03-25,0.32636666666666664,0.25,48,25.729166666666668,34,24,WAPOauto
WAPOauto,2026-03-26,0.2500307692307692,0.11538461538461539,52,21.384615384615383,38,25,WAPOauto
WAPOauto,2026-03-27,0.20754827586206898,0.08620689655172414,58,22.93103448275862,43,26,WAPOauto
WAPOauto,2026-03-28,0.10669545454545455,0.0,44,29.318181818181817,36,27,WAPOauto
WAPOauto,2026-03-29,0.14111612903225806,0.06451612903225806,62,27.79032258064516,41,28,WAPOauto
WAPOauto,2026-03-30,0.19177758620689653,0.08620689655172414,58,27.620689655172413,45,29,WAPOauto
WAPOauto,2026-03-31,0.18059193548387095,0.04838709677419355,62,24.048387096774192,39,30,WAPOauto
WAPOauto,2026-04-01,0.13153050847457626,0.03389830508474576,59,30.89830508474576,43,31,WAPOauto
WAPOauto,2026-04-02,0.14407704918032788,0.03278688524590164,61,26.983606557377048,47,32,WAPOauto
WAPOauto,2026-04-03,0.15055882352941174,0.058823529411764705,51,30.647058823529413,37,33,WAPOauto
WAPOauto,2026-04-04,0.1793122448979592,0.04081632653061224,49,26.693877551020407,32,34,WAPOauto
WAPOauto,2026-04-05,0.17162391304347827,0.08695652173913043,46,22.804347826086957,35,35,WAPOauto
WAPOauto,2026-04-06,0.14664328358208956,0.05970149253731343,67,21.53731343283582,46,36,WAPOauto
WAPOauto,2026-04-07,0.154965306122449,0.04081632653061224,49,28.183673469387756,38,37,WAPOauto
WAPOauto,2026-04-08,0.1944396551724138,0.10344827586206896,58,27.396551724137932,42,38,WAPOauto
WAPOauto,2026-04-09,0.1868622641509434,0.07547169811320754,53,27.037735849056602,39,39,WAPOauto
WAPOauto,2026-04-10,0.15734464285714284,0.05357142857142857,56,25.053571428571427,39,40,WAPOauto
WAPOauto,2026-04-11,0.13528444444444443,0.044444444444444446,45,27.2,33,41,WAPOauto
WAPOauto,2026-04-12,0.28079622641509433,0.18867924528301888,53,22.867924528301888,35,42,WAPOauto
WAPOauto,2026-04-13,0.14532105263157893,0.02631578947368421,38,23.605263157894736,35,43,WAPOauto
WAPOauto,2026-04-14,0.25924901960784313,0.17647058823529413,51,22.54901960784314,34,44,WAPOauto
WAPOauto,2026-04-15,0.1917156862745098,0.0784313725490196,51,23.627450980392158,43,45,WAPOauto
WAPOauto,2026-04-16,0.14951470588235294,0.058823529411764705,68,27.397058823529413,46,46,WAPOauto
WAPOauto,2026-04-17,0.2654326923076923,0.15384615384615385,52,24.346153846153847,35,47,WAPOauto
WAPOauto,2026-04-18,0.1828204081632653,0.10204081632653061,49,28.775510204081634,33,48,WAPOauto
WAPOauto,2026-04-19,0.16899848484848484,0.045454545454545456,66,27.03030303030303,45,49,WAPOauto
WAPOauto,2026-04-20,0.2915894736842105,0.19298245614035087,57,29.263157894736842,37,50,WAPOauto
WAPOauto,2026-04-21,0.19987462686567165,0.07462686567164178,67,29.328358208955223,44,51,WAPOauto
WAPOauto,2026-04-22,0.17099622641509435,0.07547169811320754,53,24.339622641509433,37,52,WAPOauto
WAPOauto,2026-04-23,0.13174358974358974,0.02564102564102564,39,28.46153846153846,26,53,WAPOauto
WAPOauto,2026-04-24,0.12031224489795918,0.04081632653061224,49,27.081632653061224,36,54,WAPOauto
WAPOauto,2026-04-25,0.17002083333333332,0.0625,48,31.041666666666668,37,55,WAPOauto
WAPOauto,2026-04-26,0.205172131147541,0.11475409836065574,61,27.983606557377048,35,56,WAPOauto
WAPOauto,2026-04-27,0.1645188679245283,0.05660377358490566,53,24.528301886792452,41,57,WAPOauto
WAPOauto,2026-04-28,0.21626206896551725,0.1206896551724138,58,31.03448275862069,43,58,WAPOauto
WAPOauto,2026-04-29,0.21707333333333334,0.13333333333333333,45,25.755555555555556,37,59,WAPOauto
WAPOauto,2026-04-30,0.192415,0.1,60,27.133333333333333,44,60,WAPOauto
WAPOauto,2026-05-01,0.2675019607843137,0.13725490196078433,51,24.372549019607842,34,61,WAPOauto
WAPOauto,2026-05-02,0.175782,0.1,50,29.52,36,62,WAPOauto
WAPOauto,2026-05-03,0.26785333333333333,0.16666666666666666,60,26.05,46,63,WAPOauto
WAPOauto,2026-05-04,0.1554357142857143,0.047619047619047616,42,28.166666666666668,32,64,WAPOauto
WAPOauto,2026-05-05,0.19954897959183676,0.10204081632653061,49,30.387755102040817,35,65,WAPOauto
WAPOauto,2026-05-06,0.14752222222222222,0.08888888888888889,45,26.955555555555556,32,66,WAPOauto
WAPOauto,2026-05-07,0.15897878787878786,0.06060606060606061,66,27.151515151515152,43,67,WAPOauto
WAPOauto,2026-05-08,0.157946511627907,0.046511627906976744,43,25.11627906976744,31,68,WAPOauto
WAPOauto,2026-05-09,0.2231490196078431,0.11764705882352941,51,24.88235294117647,36,69,WAPOauto
WAPOauto,2026-05-10,0.13372916666666668,0.041666666666666664,48,28.645833333333332,38,70,WAPOauto
WAPOauto,2026-05-11,0.155364,0.08,50,26.04,37,71,WAPOauto
WAPOauto,2026-05-12,0.29577659574468085,0.1702127659574468,47,30.340425531914892,40,72,WAPOauto
WAPOauto,2026-05-13,0.22560816326530614,0.14285714285714285,49,31.3265306122449,39,73,WAPOauto
WAPOauto,2026-05-14,0.1593,0.05405405405405406,37,28.675675675675677,26,74,WAPOauto
WAPOauto,2026-05-15,0.1331030303030303,0.06060606060606061,33,18.454545454545453,27,75,WAPOauto
WAPOauto,2026-05-16,0.16755151515151517,0.07575757575757576,66,26.106060606060606,44,76,WAPOauto
WAPOauto,2026-05-17,0.11308958333333334,0.041666666666666664,48,23.875,37,77,WAPOauto
WAPOauto,2026-05-18,0.15836153846153847,0.046153846153846156,65,28.03076923076923,42,78,WAPOauto
WAPOauto,2026-05-19,0.23423617021276597,0.10638297872340426,47,31.340425531914892,31,79,WAPOauto
WAPOauto,2026-05-20,0.15677083333333333,0.041666666666666664,48,28.854166666666668,36,80,WAPOauto
WAPOauto,2026-05-21,0.16205,0.022727272727272728,44,25.022727272727273,32,81,WAPOauto
WAPOauto,2026-05-22,0.18338863636363636,0.06818181818181818,44,25.977272727272727,34,82,WAPOauto
WAPOauto,2026-05-23,0.22060526315789475,0.14035087719298245,57,30.964912280701753,40,83,WAPOauto
WAPOauto,2026-05-24,0.17546166666666665,0.1,60,27.333333333333332,43,84,WAPOauto
WAPOauto,2026-05-25,0.2931345454545454,0.2,55,26.272727272727273,42,85,WAPOauto
WAPOauto,2026-05-26,0.26407868852459015,0.18032786885245902,61,28.918032786885245,43,86,WAPOauto
WAPOauto,2026-05-27,0.17158333333333334,0.041666666666666664,48,26.6875,33,87,WAPOauto
WAPOauto,2026-05-28,0.15602241379310347,0.034482758620689655,58,23.93103448275862,42,88,WAPOauto
WAPOauto,2026-05-29,0.1712525,0.025,40,27.3,28,89,WAPOauto
WAPOauto,2026-05-30,0.3004478260869565,0.1956521739130435,46,26.804347826086957,36,90,WAPOauto
WAPOauto,2026-05-31,0.16748103448275864,0.034482758620689655,58,28.689655172413794,43,91,WAPOauto
WAPOauto,2026-06-01,0.17677500000000002,0.08333333333333333,48,29.708333333333332,34,92,WAPOauto
WAPOauto,2026-06-02,0.15807333333333332,0.08888888888888889,45,27.755555555555556,35,93,WAPOauto
WAPOauto,2026-06-03,0.29818846153846157,0.17307692307692307,52,26.923076923076923,42,94,WAPOauto
WAPOauto,2026-06-04,0.17733333333333334,0.07936507936507936,63,25.603174603174605,43,95,WAPOauto
WAPOauto,2026-06-05,0.2046290322580645,0.11290322580645161,62,28.080645161290324,42,96,WAPOauto
WAPOauto,2026-06-06,0.20406976744186048,0.11627906976744186,43,28.186046511627907,30,97,WAPOauto
WAPOauto,2026-06-07,0.1344,0.03278688524590164,61,26.688524590163933,44,98,WAPOauto
WAPOauto,2026-06-08,0.2654679245283019,0.16981132075471697,53,27.0,37,99,WAPOauto
WAPOauto,2026-06-09,0.21008813559322034,0.15254237288135594,59,29.508474576271187,42,100,WAPOauto
WAPOauto,2026-06-10,0.14340895522388059,0.04477611940298507,67,29.865671641791046,44,101,WAPOauto
WAPOauto,2026-06-11,0.14159787234042553,0.0425531914893617,47,30.95744680851064,37,102,WAPOauto
WAPOauto,2026-06-12,0.15567551020408163,0.04081632653061224,49,28.6734693877551,34,103,WAPOauto
WAPOauto,2026-06-13,0.1298344262295082,0.03278688524590164,61,27.39344262295082,44,104,WAPOauto
WAPOauto,2026-06-14,0.16737608695652173,0.06521739130434782,46,22.043478260869566,35,105,WAPOauto
WAPOauto,2026-06-15,0.2461489795918367,0.14285714285714285,49,23.448979591836736,36,106,WAPOauto
WAPOauto,2026-06-16,0.21131311475409836,0.11475409836065574,61,28.327868852459016,40,107,WAPOauto
WAPOauto,2026-06-17,0.22750188679245284,0.1320754716981132,53,29.150943396226417,40,108,WAPOauto
WAPOauto,2026-06-18,0.15218541666666666,0.020833333333333332,48,28.166666666666668,33,109,WAPOauto
WAPOauto,2026-06-19,0.13951521739130435,0.06521739130434782,46,26.934782608695652,37,110,WAPOauto
WAPOauto,2026-06-20,0.09452553191489363,0.0,47,25.06382978723404,36,111,WAPOauto
WAPOauto,2026-06-21,0.17891702127659576,0.10638297872340426,47,30.48936170212766,36,112,WAPOauto
WAPOauto,2026-06-22,0.15581694915254238,0.06779661016949153,59,28.74576271186441,41,113,WAPOauto
WAPOauto,2026-06-23,0.1871759259259259,0.05555555555555555,54,22.62962962962963,37,114,WAPOauto
WAPOauto,2026-06-24,0.2239294117647059,0.0784313725490196,51,29.058823529411764,33,115,WAPOauto
WAPOauto,2026-06-25,0.17237868852459018,0.04918032786885246,61,27.885245901639344,39,116,WAPOauto
WAPOauto,2026-06-26,0.10282142857142858,0.0,42,30.61904761904762,30,117,WAPOauto
WAPOauto,2026-06-27,0.15549545454545455,0.06818181818181818,44,27.84090909090909,35,118,WAPOauto
WAPOauto,2026-06-28,0.21079473684210526,0.12280701754385964,57,26.29824561403509,39,119,WAPOauto
canada,2026-03-01,0.42084736842105264,0.3684210526315789,19,24.68421052631579,14,0,canada
canada,2026-03-02,0.16928666666666667,0.13333333333333333,15,30.666666666666668,14,1,canada
canada,2026-03-03,0.26563235294117643,0.14705882352941177,34,26.58823529411765,27,2,canada
canada,2026-03-04,0.33871764705882357,0.29411764705882354,17,28.176470588235293,16,3,canada
canada,2026-03-05,0.30547619047619046,0.14285714285714285,21,32.0,16,4,canada
canada,2026-03-06,0.22571052631578947,0.10526315789473684,19,32.94736842105263,15,5,canada
canada,2026-03-07,0.21094444444444446,0.1111111111111111,18,27.77777777777778,14,6,canada
canada,2026-03-08,0.29887142857142857,0.19047619047619047,21,27.142857142857142,17,7,canada
canada,2026-03-09,0.24563333333333331,0.14285714285714285,21,26.476190476190474,17,8,canada
canada,2026-03-10,0.21285238095238096,0.19047619047619047,21,23.095238095238095,19,9,canada
canada,2026-03-11,0.23901666666666666,0.125,24,18.708333333333332,20,10,canada
canada,2026-03-12,0.2516826086956522,0.17391304347826086,23,35.91304347826087,20,11,canada
canada,2026-03-13,0.33483999999999997,0.26666666666666666,15,18.2,12,12,canada
canada,2026-03-14,0.22297333333333333,0.13333333333333333,15,39.0,14,13,canada
canada,2026-03-15,0.12477777777777778,0.037037037037037035,27,19.666666666666668,23,14,canada
canada,2026-03-16,0.35374375,0.25,16,33.0,15,15,canada
canada,2026-03-17,0.12449666666666667,0.03333333333333333,30,28.933333333333334,21,16,canada
canada,2026-03-18,0.12134,0.06666666666666667,15,29.2,13,17,canada
canada,2026-03-19,0.1946047619047619,0.09523809523809523,21,23.047619047619047,18,18,canada
canada,2026-03-20,0.1515,0.043478260869565216,23,25.17391304347826,18,19,canada
canada,2026-03-21,0.15772380952380954,0.047619047619047616,21,26.476190476190474,19,20,canada
canada,2026-03-22,0.17574705882352942,0.058823529411764705,17,20.88235294117647,15,21,canada
canada,2026-03-23,0.1336222222222222,0.05555555555555555,18,20.0,16,22,canada
canada,2026-03-24,0.36270434782608696,0.30434782608695654,23,26.956521739130434,20,23,canada
canada,2026-03-25,0.22834999999999997,0.1111111111111111,18,26.5,15,24,canada
canada,2026-03-26,0.22140555555555555,0.05555555555555555,18,29.72222222222222,15,25,canada
canada,2026-03-27,0.3870294117647059,0.23529411764705882,17,18.41176470588235,15,26,canada
canada,2026-03-28,0.188405,0.1,20,23.9,17,27,canada
canada,2026-03-29,0.2272,0.13043478260869565,23,28.304347826086957,18,28,canada
canada,2026-03-30,0.20542962962962963,0.1111111111111111,27,26.59259259259259,24,29,canada
canada,2026-03-31,0.21154347826086956,0.043478260869565216,23,30.73913043478261,23,30,canada
canada,2026-04-01,0.2971263157894737,0.2631578947368421,19,28.63157894736842,17,31,canada
canada,2026-04-02,0.1763222222222222,0.05555555555555555,18,31.38888888888889,17,32,canada
canada,2026-04-03,0.18436666666666668,0.05555555555555555,18,30.11111111111111,15,33,canada
canada,2026-04-04,0.3058228571428571,0.2,35,31.114285714285714,27,34,canada
canada,2026-04-05,0.3225,0.19230769230769232,26,23.076923076923077,22,35,canada
canada,2026-04-06,0.284275,0.25,20,25.75,16,36,canada
canada,2026-04-07,0.4082392857142857,0.35714285714285715,28,28.857142857142858,19,37,canada
canada,2026-04-08,0.17324814814814815,0.07407407407407407,27,23.37037037037037,23,38,canada
canada,2026-04-09,0.18938148148148148,0.1111111111111111,27,25.444444444444443,22,39,canada
canada,2026-04-10,0.156,0.08333333333333333,24,29.625,17,40,canada
canada,2026-04-11,0.337515,0.3,20,26.7,17,41,canada
canada,2026-04-12,0.2611791666666667,0.16666666666666666,24,30.0,16,42,canada
canada,2026-04-13,0.27471904761904764,0.19047619047619047,21,32.80952380952381,16,43,canada
canada,2026-04-14,0.3578571428571428,0.23809523809523808,21,24.476190476190474,19,44,canada
canada,2026-04-15,0.3175769230769231,0.23076923076923078,26,25.846153846153847,20,45,canada
canada,2026-04-16,0.23482,0.16,25,23.92,18,46,canada
canada,2026-04-17,0.1650111111111111,0.037037037037037035,27,37.333333333333336,22,47,canada
canada,2026-04-18,0.38256,0.26666666666666666,15,18.533333333333335,13,48,canada
canada,2026-04-19,0.10451538461538462,0.0,13,25.384615384615383,9,49,canada
canada,2026-04-20,0.28695,0.17857142857142858,28,22.571428571428573,21,50,canada
canada,2026-04-21,0.18341052631578947,0.10526315789473684,19,24.63157894736842,16,51,canada
canada,2026-04-22,0.3061,0.21052631578947367,19,35.1578947368421,17,52,canada
canada,2026-04-23,0.22589473684210526,0.15789473684210525,19,29.210526315789473,14,53,canada
canada,2026-04-24,0.30980833333333335,0.25,12,28.416666666666668,9,54,canada
canada,2026-04-25,0.19107619047619048,0.14285714285714285,21,32.0,15,55,canada
canada,2026-04-26,0.27515625,0.25,16,28.3125,15,56,canada
canada,2026-04-27,0.3043566666666667,0.16666666666666666,30,30.533333333333335,25,57,canada
canada,2026-04-28,0.2070148148148148,0.14814814814814814,27,37.851851851851855,23,58,canada
canada,2026-04-29,0.143412,0.04,25,25.76,23,59,canada
canada,2026-04-30,0.3067307692307692,0.23076923076923078,13,27.846153846153847,11,60,canada
canada,2026-05-01,0.2204857142857143,0.14285714285714285,21,25.571428571428573,19,61,canada
canada,2026-05-02,0.1568625,0.08333333333333333,24,32.833333333333336,20,62,canada
canada,2026-05-03,0.40060666666666667,0.3333333333333333,15,25.333333333333332,13,63,canada
canada,2026-05-04,0.3767625,0.375,16,26.875,14,64,canada
canada,2026-05-05,0.22317727272727275,0.13636363636363635,22,28.363636363636363,18,65,canada
canada,2026-05-06,0.27183999999999997,0.2,20,29.6,18,66,canada
canada,2026-05-07,0.20678947368421052,0.10526315789473684,19,29.68421052631579,16,67,canada
canada,2026-05-08,0.10910500000000001,0.0,20,26.85,18,68,canada
canada,2026-05-09,0.14308,0.05,20,25.5,18,69,canada
canada,2026-05-10,0.2649473684210526,0.21052631578947367,19,23.894736842105264,16,70,canada
canada,2026-05-11,0.35714736842105266,0.21052631578947367,19,22.63157894736842,17,71,canada
canada,2026-05-12,0.152744,0.08,25,27.88,20,72,canada
canada,2026-05-13,0.2791,0.14285714285714285,28,22.285714285714285,21,73,canada
canada,2026-05-14,0.08538,0.0,20,21.15,18,74,canada
canada,2026-05-15,0.15942499999999998,0.1,20,23.9,17,75,canada
canada,2026-05-16,0.2629535714285714,0.21428571428571427,28,23.142857142857142,24,76,canada
canada,2026-05-17,0.258795,0.15,20,31.0,17,77,canada
canada,2026-05-18,0.09799047619047618,0.0,21,23.095238095238095,16,78,canada
canada,2026-05-19,0.25514761904761907,0.19047619047619047,21,28.523809523809526,17,79,canada
canada,2026-05-20,0.20756538461538462,0.07692307692307693,26,25.26923076923077,18,80,canada
canada,2026-05-21,0.10672173913043478,0.043478260869565216,23,27.08695652173913,20,81,canada
canada,2026-05-22,0.2227,0.125,24,27.708333333333332,20,82,canada
canada,2026-05-23,0.31272727272727274,0.18181818181818182,22,22.636363636363637,17,83,canada
canada,2026-05-24,0.19180000000000003,0.06666666666666667,30,26.133333333333333,24,84,canada
canada,2026-05-25,0.21720434782608697,0.13043478260869565,23,23.347826086956523,17,85,canada
canada,2026-05-26,0.2763576923076923,0.19230769230769232,26,28.153846153846153,21,86,canada
canada,2026-05-27,0.24664242424242427,0.21212121212121213,33,26.96969696969697,22,87,canada
canada,2026-05-28,0.3114857142857143,0.25,28,23.75,24,88,canada
canada,2026-05-29,0.12298333333333332,0.05555555555555555,18,36.22222222222222,17,89,canada
canada,2026-05-30,0.3186125,0.25,24,29.625,17,90,canada
canada,2026-05-31,0.22115555555555555,0.16666666666666666,18,33.27777777777778,15,91,canada
canada,2026-06-01,0.18049565217391303,0.08695652173913043,23,25.73913043478261,21,92,canada
canada,2026-06-02,0.22868750000000002,0.125,24,20.875,19,93,canada
canada,2026-06-03,0.322795,0.25,20,25.4,16,94,canada
canada,2026-06-04,0.15605833333333333,0.041666666666666664,24,31.666666666666668,19,95,canada
canada,2026-06-05,0.35568666666666665,0.26666666666666666,15,22.466666666666665,15,96,canada
canada,2026-06-06,0.32515,0.2222222222222222,18,34.388888888888886,14,97,canada
canada,2026-06-07,0.28813,0.25,20,24.3,17,98,canada
canada,2026-06-08,0.30613125,0.1875,16,19.6875,13,99,canada
canada,2026-06-09,0.224215,0.15,20,26.4,17,100,canada
canada,2026-06-10,0.2279235294117647,0.11764705882352941,17,31.235294117647058,15,101,canada
canada,2026-06-11,0.3548304347826087,0.21739130434782608,23,22.73913043478261,22,102,canada
canada,2026-06-12,0.3852869565217391,0.30434782608695654,23,24.47826086956522,19,103,canada
canada,2026-06-13,0.1904565217391304,0.08695652173913043,23,25.043478260869566,21,104,canada
canada,2026-06-14,0.2236736842105263,0.10526315789473684,19,26.94736842105263,12,105,canada
canada,2026-06-15,0.382704347826087,0.2608695652173913,23,23.869565217391305,19,106,canada
canada,2026-06-16,0.2249736842105263,0.10526315789473684,19,26.210526315789473,14,107,canada
canada,2026-06-17,0.1701181818181818,0.09090909090909091,22,25.818181818181817,18,108,canada
canada,2026-06-18,0.2828407407407407,0.14814814814814814,27,27.074074074074073,23,109,canada
canada,2026-06-19,0.18484761904761907,0.09523809523809523,21,20.523809523809526,11,110,canada
canada,2026-06-20,0.27958695652173915,0.21739130434782608,23,27.565217391304348,18,111,canada
canada,2026-06-21,0.16849090909090908,0.09090909090909091,11,26.454545454545453,9,112,canada
canada,2026-06-22,0.271315,0.25,20,29.3,19,113,canada
canada,2026-06-23,0.1796913043478261,0.13043478260869565,23,24.782608695652176,18,114,canada
canada,2026-06-24,0.23129655172413793,0.13793103448275862,29,24.103448275862068,21,115,canada
canada,2026-06-25,0.26947727272727273,0.22727272727272727,22,20.636363636363637,17,116,canada
canada,2026-06-26,0.23334000000000002,0.05,20,16.15,16,117,canada
canada,2026-06-27,0.25522105263157896,0.15789473684210525,19,21.736842105263158,16,118,canada
canada,2026-06-28,0.285075,0.2,20,31.0,18,119,canada
conspiracy,2026-03-01,0.52615,0.5,34,24.735294117647058,28,0,conspiracy
conspiracy,2026-03-02,0.40581379310344823,0.41379310344827586,29,26.620689655172413,25,1,conspiracy
conspiracy,2026-03-03,0.41962499999999997,0.375,24,24.208333333333332,19,2,conspiracy
conspiracy,2026-03-04,0.6105655172413793,0.6206896551724138,29,28.24137931034483,25,3,conspiracy
conspiracy,2026-03-05,0.35993589743589743,0.3333333333333333,39,29.897435897435898,31,4,conspiracy
conspiracy,2026-03-06,0.5450896551724138,0.5517241379310345,29,27.20689655172414,26,5,conspiracy
conspiracy,2026-03-07,0.31455384615384613,0.2692307692307692,26,23.23076923076923,20,6,conspiracy
conspiracy,2026-03-08,0.48819999999999997,0.42857142857142855,35,22.257142857142856,27,7,conspiracy
conspiracy,2026-03-09,0.39214,0.37142857142857144,35,27.37142857142857,26,8,conspiracy
conspiracy,2026-03-10,0.4083388888888889,0.4166666666666667,36,23.833333333333332,30,9,conspiracy
conspiracy,2026-03-11,0.5037107142857142,0.4642857142857143,28,29.25,23,10,conspiracy
conspiracy,2026-03-12,0.4005451612903226,0.3548387096774194,31,28.419354838709676,26,11,conspiracy
conspiracy,2026-03-13,0.4787275862068966,0.4482758620689655,29,25.17241379310345,22,12,conspiracy
conspiracy,2026-03-14,0.38936774193548385,0.3548387096774194,31,21.64516129032258,25,13,conspiracy
conspiracy,2026-03-15,0.5044911764705882,0.4117647058823529,34,29.441176470588236,33,14,conspiracy
conspiracy,2026-03-16,0.4507032258064516,0.45161290322580644,31,31.387096774193548,27,15,conspiracy
conspiracy,2026-03-17,0.511230303030303,0.48484848484848486,33,28.272727272727273,29,16,conspiracy
conspiracy,2026-03-18,0.5031148148148149,0.48148148148148145,27,23.48148148148148,23,17,conspiracy
conspiracy,2026-03-19,0.31499032258064513,0.25806451612903225,31,25.0,23,18,conspiracy
conspiracy,2026-03-20,0.5214958333333334,0.5,24,28.5,19,19,conspiracy
conspiracy,2026-03-21,0.4766297297297298,0.4594594594594595,37,24.62162162162162,32,20,conspiracy
conspiracy,2026-03-22,0.40219285714285713,0.32142857142857145,28,28.357142857142858,20,21,conspiracy
conspiracy,2026-03-23,0.4849,0.43478260869565216,23,28.391304347826086,17,22,conspiracy
conspiracy,2026-03-24,0.573175,0.5416666666666666,24,30.208333333333332,19,23,conspiracy
conspiracy,2026-03-25,0.5468620689655173,0.4827586206896552,29,27.03448275862069,25,24,conspiracy
conspiracy,2026-03-26,0.6010555555555555,0.5833333333333334,36,23.47222222222222,27,25,conspiracy
conspiracy,2026-03-27,0.46471379310344824,0.41379310344827586,29,25.03448275862069,23,26,conspiracy
conspiracy,2026-03-28,0.3984620689655173,0.3793103448275862,29,28.517241379310345,24,27,conspiracy
conspiracy,2026-03-29,0.47042083333333334,0.4583333333333333,24,29.416666666666668,23,28,conspiracy
conspiracy,2026-03-30,0.5883411764705881,0.5882352941176471,34,27.176470588235293,27,29,conspiracy
conspiracy,2026-03-31,0.49160303030303026,0.45454545454545453,33,24.636363636363637,22,30,conspiracy
conspiracy,2026-04-01,0.5345088235294118,0.47058823529411764,34,26.529411764705884,27,31,conspiracy
conspiracy,2026-04-02,0.42352500000000004,0.38636363636363635,44,31.431818181818183,34,32,conspiracy
conspiracy,2026-04-03,0.42113414634146346,0.3902439024390244,41,31.70731707317073,35,33,conspiracy
conspiracy,2026-04-04,0.5183285714285715,0.42857142857142855,35,22.314285714285713,26,34,conspiracy
conspiracy,2026-04-05,0.306925,0.25,20,22.95,16,35,conspiracy
conspiracy,2026-04-06,0.3984655172413793,0.3793103448275862,29,31.896551724137932,26,36,conspiracy
conspiracy,2026-04-07,0.67932,0.68,25,37.12,22,37,conspiracy
conspiracy,2026-04-08,0.4703535714285714,0.42857142857142855,28,21.678571428571427,22,38,conspiracy
conspiracy,2026-04-09,0.3469548387096774,0.25806451612903225,31,27.451612903225808,25,39,conspiracy
conspiracy,2026-04-10,0.4558966666666667,0.4,30,29.2,24,40,conspiracy
conspiracy,2026-04-11,0.39631578947368423,0.3157894736842105,19,27.94736842105263,18,41,conspiracy
conspiracy,2026-04-12,0.5447172413793103,0.5172413793103449,29,28.275862068965516,24,42,conspiracy
conspiracy,2026-04-13,0.5388896551724138,0.5172413793103449,29,22.448275862068964,26,43,conspiracy
conspiracy,2026-04-14,0.486003125,0.5,32,24.65625,25,44,conspiracy
conspiracy,2026-04-15,0.3947863636363636,0.3181818181818182,22,24.681818181818183,19,45,conspiracy
conspiracy,2026-04-16,0.5173451612903226,0.45161290322580644,31,28.258064516129032,27,46,conspiracy
conspiracy,2026-04-17,0.5735038461538461,0.5769230769230769,26,25.96153846153846,23,47,conspiracy
conspiracy,2026-04-18,0.42117391304347823,0.391304347826087,23,24.608695652173914,18,48,conspiracy
conspiracy,2026-04-19,0.6587681818181819,0.6818181818181818,22,20.318181818181817,20,49,conspiracy
conspiracy,2026-04-20,0.45151379310344825,0.41379310344827586,29,22.103448275862068,27,50,conspiracy
conspiracy,2026-04-21,0.4664037037037037,0.4444444444444444,27,28.666666666666668,23,51,conspiracy
conspiracy,2026-04-22,0.550703448275862,0.5172413793103449,29,23.82758620689655,24,52,conspiracy
conspiracy,2026-04-23,0.6152392857142858,0.5714285714285714,28,33.285714285714285,25,53,conspiracy
conspiracy,2026-04-24,0.50031,0.45,20,25.6,17,54,conspiracy
conspiracy,2026-04-25,0.45463928571428575,0.42857142857142855,28,29.321428571428573,21,55,conspiracy
conspiracy,2026-04-26,0.4270846153846154,0.38461538461538464,26,24.115384615384617,21,56,conspiracy
conspiracy,2026-04-27,0.6924181818181818,0.6818181818181818,22,32.68181818181818,20,57,conspiracy
conspiracy,2026-04-28,0.458568,0.4,25,30.32,23,58,conspiracy
conspiracy,2026-04-29,0.46520357142857144,0.39285714285714285,28,26.392857142857142,23,59,conspiracy
conspiracy,2026-04-30,0.299335,0.25,20,26.6,16,60,conspiracy
conspiracy,2026-05-01,0.4821321428571429,0.4642857142857143,28,27.178571428571427,22,61,conspiracy
conspiracy,2026-05-02,0.46116842105263156,0.4473684210526316,38,34.73684210526316,35,62,conspiracy
conspiracy,2026-05-03,0.48767499999999997,0.4642857142857143,28,32.392857142857146,25,63,conspiracy
conspiracy,2026-05-04,0.720375,0.7,20,30.05,16,64,conspiracy
conspiracy,2026-05-05,0.502437037037037,0.4444444444444444,27,24.814814814814813,23,65,conspiracy
conspiracy,2026-05-06,0.6171464285714287,0.5714285714285714,28,24.75,24,66,conspiracy
conspiracy,2026-05-07,0.44589473684210523,0.42105263157894735,19,25.157894736842106,16,67,conspiracy
conspiracy,2026-05-08,0.4028551724137931,0.3793103448275862,29,25.586206896551722,25,68,conspiracy
conspiracy,2026-05-09,0.40453170731707316,0.36585365853658536,41,29.829268292682926,32,69,conspiracy
conspiracy,2026-05-10,0.394209375,0.34375,32,27.4375,30,70,conspiracy
conspiracy,2026-05-11,0.7395756756756757,0.7567567567567568,37,29.45945945945946,27,71,conspiracy
conspiracy,2026-05-12,0.55246875,0.53125,32,22.03125,25,72,conspiracy
conspiracy,2026-05-13,0.4927565217391305,0.4782608695652174,23,26.043478260869566,21,73,conspiracy
conspiracy,2026-05-14,0.3023,0.2727272727272727,22,31.954545454545453,20,74,conspiracy
conspiracy,2026-05-15,0.6512333333333333,0.625,24,22.208333333333332,22,75,conspiracy
conspiracy,2026-05-16,0.6115382352941177,0.6176470588235294,34,27.61764705882353,27,76,conspiracy
conspiracy,2026-05-17,0.5008114285714286,0.45714285714285713,35,26.857142857142858,29,77,conspiracy
conspiracy,2026-05-18,0.257735,0.2,20,26.65,20,78,conspiracy
conspiracy,2026-05-19,0.6995999999999999,0.6666666666666666,24,23.958333333333332,21,79,conspiracy
conspiracy,2026-05-20,0.5170125,0.5,24,26.541666666666668,22,80,conspiracy
conspiracy,2026-05-21,0.4577121212121212,0.42424242424242425,33,26.90909090909091,25,81,conspiracy
conspiracy,2026-05-22,0.4514166666666667,0.4166666666666667,36,34.44444444444444,32,82,conspiracy
conspiracy,2026-05-23,0.4345076923076923,0.4230769230769231,26,28.846153846153847,22,83,conspiracy
conspiracy,2026-05-24,0.4469075,0.4,40,25.225,32,84,conspiracy
conspiracy,2026-05-25,0.4369885714285714,0.4,35,27.0,28,85,conspiracy
conspiracy,2026-05-26,0.5493263157894738,0.5789473684210527,19,22.736842105263158,16,86,conspiracy
conspiracy,2026-05-27,0.6283655172413793,0.5862068965517241,29,29.0,25,87,conspiracy
conspiracy,2026-05-28,0.40369,0.36666666666666664,30,24.433333333333334,26,88,conspiracy
conspiracy,2026-05-29,0.6031461538461539,0.5384615384615384,39,33.02564102564103,33,89,conspiracy
conspiracy,2026-05-30,0.4880806451612903,0.45161290322580644,31,22.774193548387096,28,90,conspiracy
conspiracy,2026-05-31,0.5073911764705883,0.47058823529411764,34,31.88235294117647,30,91,conspiracy
conspiracy,2026-06-01,0.59635,0.6363636363636364,22,25.227272727272727,21,92,conspiracy
conspiracy,2026-06-02,0.5889571428571428,0.5357142857142857,28,22.321428571428573,25,93,conspiracy
conspiracy,2026-06-03,0.40377647058823524,0.38235294117647056,34,27.91176470588235,27,94,conspiracy
conspiracy,2026-06-04,0.3916,0.3548387096774194,31,24.774193548387096,25,95,conspiracy
conspiracy,2026-06-05,0.40124615384615386,0.358974358974359,39,24.615384615384617,34,96,conspiracy
conspiracy,2026-06-06,0.37028125,0.34375,32,28.65625,30,97,conspiracy
conspiracy,2026-06-07,0.491656,0.4,25,24.24,21,98,conspiracy
conspiracy,2026-06-08,0.5020666666666667,0.4666666666666667,15,31.8,15,99,conspiracy
conspiracy,2026-06-09,0.693056,0.72,25,29.0,23,100,conspiracy
conspiracy,2026-06-10,0.5012333333333333,0.5185185185185185,27,25.51851851851852,22,101,conspiracy
conspiracy,2026-06-11,0.4692807692307692,0.46153846153846156,26,20.26923076923077,23,102,conspiracy
conspiracy,2026-06-12,0.4076707317073171,0.34146341463414637,41,23.4390243902439,33,103,conspiracy
conspiracy,2026-06-13,0.444928125,0.375,32,21.0625,28,104,conspiracy
conspiracy,2026-06-14,0.37368148148148145,0.37037037037037035,27,30.74074074074074,22,105,conspiracy
conspiracy,2026-06-15,0.470230303030303,0.48484848484848486,33,24.939393939393938,26,106,conspiracy
conspiracy,2026-06-16,0.522403125,0.4375,32,29.46875,26,107,conspiracy
conspiracy,2026-06-17,0.3941029411764706,0.38235294117647056,34,29.323529411764707,29,108,conspiracy
conspiracy,2026-06-18,0.51395,0.5,34,28.705882352941178,31,109,conspiracy
conspiracy,2026-06-19,0.5238592592592592,0.5185185185185185,27,26.62962962962963,24,110,conspiracy
conspiracy,2026-06-20,0.37813076923076927,0.34615384615384615,26,27.346153846153847,24,111,conspiracy
conspiracy,2026-06-21,0.42394814814814813,0.37037037037037035,27,28.962962962962962,21,112,conspiracy
conspiracy,2026-06-22,0.42390689655172414,0.3793103448275862,29,27.93103448275862,26,113,conspiracy
conspiracy,2026-06-23,0.456652,0.4,25,35.84,21,114,conspiracy
conspiracy,2026-06-24,0.3793566666666667,0.36666666666666664,30,26.0,26,115,conspiracy
conspiracy,2026-06-25,0.522052,0.48,25,24.0,21,116,conspiracy
conspiracy,2026-06-26,0.5371413793103448,0.4827586206896552,29,26.655172413793103,25,117,conspiracy
conspiracy,2026-06-27,0.5162964285714285,0.5,28,22.25,23,118,conspiracy
conspiracy,2026-06-28,0.5683736842105264,0.5263157894736842,19,23.736842105263158,18,119,conspiracy
europe,2026-03-01,0.42819999999999997,0.375,24,23.791666666666668,22,0,europe
europe,2026-03-02,0.26933636363636365,0.18181818181818182,22,26.818181818181817,20,1,europe
europe,2026-03-03,0.291555,0.25,20,27.1,19,2,europe
europe,2026-03-04,0.34786666666666666,0.2857142857142857,21,29.571428571428573,18,3,europe
europe,2026-03-05,0.3626368421052632,0.3157894736842105,19,34.05263157894737,18,4,europe
europe,2026-03-06,0.246805,0.15,20,26.25,18,5,europe
europe,2026-03-07,0.62748,0.6,20,27.1,17,6,europe
europe,2026-03-08,0.16895909090909092,0.13636363636363635,22,23.5,19,7,europe
europe,2026-03-09,0.3352066666666667,0.26666666666666666,30,23.266666666666666,19,8,europe
europe,2026-03-10,0.39449,0.35,20,34.55,18,9,europe
europe,2026-03-11,0.3394,0.2916666666666667,24,19.625,22,10,europe
europe,2026-03-12,0.27626666666666666,0.23809523809523808,21,22.61904761904762,19,11,europe
europe,2026-03-13,0.3344354838709677,0.2903225806451613,31,26.70967741935484,25,12,europe
europe,2026-03-14,0.40365416666666665,0.3333333333333333,24,27.916666666666668,22,13,europe
europe,2026-03-15,0.2864714285714286,0.17857142857142858,28,33.107142857142854,25,14,europe
europe,2026-03-16,0.31775555555555557,0.2777777777777778,18,30.833333333333332,17,15,europe
europe,2026-03-17,0.19059090909090906,0.13636363636363635,22,25.318181818181817,20,16,europe
europe,2026-03-18,0.31735769230769234,0.23076923076923078,26,30.692307692307693,22,17,europe
europe,2026-03-19,0.46101666666666663,0.4583333333333333,24,25.708333333333332,20,18,europe
europe,2026-03-20,0.23653043478260868,0.17391304347826086,23,19.0,17,19,europe
europe,2026-03-21,0.22166666666666668,0.16666666666666666,24,27.458333333333332,20,20,europe
europe,2026-03-22,0.36642380952380954,0.2857142857142857,21,34.23809523809524,19,21,europe
europe,2026-03-23,0.34122500000000006,0.2916666666666667,24,21.083333333333332,23,22,europe
europe,2026-03-24,0.3618571428571429,0.3333333333333333,21,27.523809523809526,18,23,europe
europe,2026-03-25,0.29957857142857147,0.2857142857142857,14,26.142857142857142,12,24,europe
europe,2026-03-26,0.32553600000000005,0.28,25,30.08,20,25,europe
europe,2026-03-27,0.24445416666666667,0.16666666666666666,24,30.875,21,26,europe
europe,2026-03-28,0.46994736842105267,0.42105263157894735,19,19.789473684210527,17,27,europe
europe,2026-03-29,0.540332,0.48,25,30.68,21,28,europe
europe,2026-03-30,0.36242916666666664,0.25,24,25.875,21,29,europe
europe,2026-03-31,0.25538,0.2,15,19.666666666666668,14,30,europe
europe,2026-04-01,0.22143333333333332,0.16666666666666666,18,23.11111111111111,18,31,europe
europe,2026-04-02,0.32652272727272724,0.2727272727272727,22,36.22727272727273,21,32,europe
europe,2026-04-03,0.2489814814814815,0.2222222222222222,27,33.888888888888886,21,33,europe
europe,2026-04-04,0.4005322580645161,0.3225806451612903,31,29.516129032258064,25,34,europe
europe,2026-04-05,0.41089565217391305,0.391304347826087,23,26.956521739130434,22,35,europe
europe,2026-04-06,0.4267653846153846,0.34615384615384615,26,27.76923076923077,20,36,europe
europe,2026-04-07,0.197875,0.16666666666666666,12,27.25,11,37,europe
europe,2026-04-08,0.23677272727272725,0.18181818181818182,22,32.68181818181818,19,38,europe
europe,2026-04-09,0.376275,0.3,20,30.7,19,39,europe
europe,2026-04-10,0.35374827586206903,0.3103448275862069,29,28.862068965517242,23,40,europe
europe,2026-04-11,0.4998826086956522,0.43478260869565216,23,30.82608695652174,21,41,europe
europe,2026-04-12,0.41779583333333337,0.4166666666666667,24,35.666666666666664,18,42,europe
europe,2026-04-13,0.25196666666666667,0.13333333333333333,15,27.333333333333332,13,43,europe
europe,2026-04-14,0.4306173913043478,0.43478260869565216,23,30.217391304347824,20,44,europe
europe,2026-04-15,0.4897913043478261,0.43478260869565216,23,23.391304347826086,20,45,europe
europe,2026-04-16,0.338044,0.24,25,28.8,24,46,europe
europe,2026-04-17,0.23729499999999998,0.15,20,24.15,18,47,europe
europe,2026-04-18,0.300385,0.25,20,27.4,18,48,europe
europe,2026-04-19,0.37705,0.3,20,24.75,14,49,europe
europe,2026-04-20,0.29057037037037037,0.18518518518518517,27,29.40740740740741,20,50,europe
europe,2026-04-21,0.2572153846153846,0.19230769230769232,26,26.5,22,51,europe
europe,2026-04-22,0.2670666666666667,0.2,15,24.866666666666667,14,52,europe
europe,2026-04-23,0.25191,0.2,10,29.2,9,53,europe
europe,2026-04-24,0.3345448275862069,0.27586206896551724,29,30.82758620689655,21,54,europe
europe,2026-04-25,0.47858,0.4666666666666667,15,26.466666666666665,14,55,europe
europe,2026-04-26,0.441984375,0.375,32,22.125,24,56,europe
europe,2026-04-27,0.3436142857142857,0.2857142857142857,28,23.107142857142858,22,57,europe
europe,2026-04-28,0.383,0.35294117647058826,34,36.588235294117645,25,58,europe
europe,2026-04-29,0.404775,0.35714285714285715,28,23.214285714285715,22,59,europe
europe,2026-04-30,0.2639666666666666,0.20833333333333334,24,34.708333333333336,21,60,europe
europe,2026-05-01,0.29862,0.25,20,24.65,18,61,europe
europe,2026-05-02,0.2834521739130435,0.2608695652173913,23,25.08695652173913,20,62,europe
europe,2026-05-03,0.4042607142857143,0.35714285714285715,28,28.75,23,63,europe
europe,2026-05-04,0.3433357142857143,0.32142857142857145,28,30.464285714285715,26,64,europe
europe,2026-05-05,0.42058,0.36666666666666664,30,30.133333333333333,24,65,europe
europe,2026-05-06,0.2903545454545455,0.22727272727272727,22,36.18181818181818,22,66,europe
europe,2026-05-07,0.3144416666666667,0.25,24,26.541666666666668,19,67,europe
europe,2026-05-08,0.32972,0.32,25,32.48,19,68,europe
europe,2026-05-09,0.607195,0.55,20,26.45,19,69,europe
europe,2026-05-10,0.31740833333333335,0.25,24,23.333333333333332,17,70,europe
europe,2026-05-11,0.38058214285714287,0.32142857142857145,28,32.0,23,71,europe
europe,2026-05-12,0.5672571428571429,0.5238095238095238,21,26.238095238095237,18,72,europe
europe,2026-05-13,0.42680454545454544,0.36363636363636365,22,25.40909090909091,17,73,europe
europe,2026-05-14,0.18345555555555557,0.1111111111111111,18,32.333333333333336,16,74,europe
europe,2026-05-15,0.20091785714285715,0.14285714285714285,28,35.785714285714285,24,75,europe
europe,2026-05-16,0.4709758620689655,0.41379310344827586,29,25.413793103448278,24,76,europe
europe,2026-05-17,0.43157500000000004,0.4,20,21.65,18,77,europe
europe,2026-05-18,0.2974,0.23529411764705882,17,37.76470588235294,17,78,europe
europe,2026-05-19,0.6626277777777778,0.6666666666666666,18,19.833333333333332,16,79,europe
europe,2026-05-20,0.5246363636363637,0.5,22,20.636363636363637,20,80,europe
europe,2026-05-21,0.5540416666666667,0.5416666666666666,24,30.958333333333332,19,81,europe
europe,2026-05-22,0.20454,0.16,25,30.24,21,82,europe
europe,2026-05-23,0.390121052631579,0.3684210526315789,19,29.105263157894736,17,83,europe
europe,2026-05-24,0.4899380952380953,0.47619047619047616,21,23.142857142857142,19,84,europe
europe,2026-05-25,0.48462500000000003,0.45,20,30.3,16,85,europe
europe,2026-05-26,0.3158809523809524,0.2857142857142857,21,20.428571428571427,18,86,europe
europe,2026-05-27,0.4243310344827586,0.3448275862068966,29,26.75862068965517,26,87,europe
europe,2026-05-28,0.4624275862068966,0.3793103448275862,29,24.586206896551722,23,88,europe
europe,2026-05-29,0.30601739130434785,0.21739130434782608,23,28.695652173913043,20,89,europe
europe,2026-05-30,0.3676607142857143,0.2857142857142857,28,26.785714285714285,24,90,europe
europe,2026-05-31,0.45060833333333333,0.4166666666666667,12,27.833333333333332,11,91,europe
europe,2026-06-01,0.2753935483870968,0.16129032258064516,31,23.612903225806452,27,92,europe
europe,2026-06-02,0.4337551724137931,0.3793103448275862,29,29.724137931034484,28,93,europe
europe,2026-06-03,0.48868181818181816,0.48484848484848486,33,24.545454545454547,27,94,europe
europe,2026-06-04,0.12320555555555554,0.0,18,34.111111111111114,14,95,europe
europe,2026-06-05,0.45105555555555554,0.3333333333333333,18,20.77777777777778,17,96,europe
europe,2026-06-06,0.375516,0.28,25,23.8,21,97,europe
europe,2026-06-07,0.3784590909090909,0.3181818181818182,22,27.318181818181817,19,98,europe
europe,2026-06-08,0.36015357142857146,0.2857142857142857,28,27.107142857142858,24,99,europe
europe,2026-06-09,0.5368944444444445,0.5,18,29.38888888888889,18,100,europe
europe,2026-06-10,0.35074642857142857,0.25,28,25.607142857142858,22,101,europe
europe,2026-06-11,0.4791344827586207,0.4482758620689655,29,25.586206896551722,21,102,europe
europe,2026-06-12,0.18192999999999998,0.1,30,29.166666666666668,23,103,europe
europe,2026-06-13,0.4844857142857143,0.5,14,24.428571428571427,14,104,europe
europe,2026-06-14,0.5183842105263158,0.47368421052631576,19,30.736842105263158,16,105,europe
europe,2026-06-15,0.43947142857142857,0.38095238095238093,21,31.761904761904763,17,106,europe
europe,2026-06-16,0.4496842105263158,0.42105263157894735,19,31.157894736842106,17,107,europe
europe,2026-06-17,0.4379045454545455,0.4090909090909091,22,32.77272727272727,20,108,europe
europe,2026-06-18,0.467925,0.45,20,25.45,18,109,europe
europe,2026-06-19,0.49622916666666667,0.4583333333333333,24,29.333333333333332,19,110,europe
europe,2026-06-20,0.2718333333333333,0.20833333333333334,24,23.916666666666668,19,111,europe
europe,2026-06-21,0.3988666666666667,0.3333333333333333,27,25.25925925925926,24,112,europe
europe,2026-06-22,0.33803793103448276,0.27586206896551724,29,31.655172413793103,25,113,europe
europe,2026-06-23,0.3363857142857143,0.2857142857142857,21,22.047619047619047,19,114,europe
europe,2026-06-24,0.53582,0.4666666666666667,15,28.466666666666665,13,115,europe
europe,2026-06-25,0.3608705882352941,0.29411764705882354,17,35.1764705882353,16,116,europe
europe,2026-06-26,0.31202608695652173,0.2608695652173913,23,22.695652173913043,19,117,europe
europe,2026-06-27,0.3678266666666667,0.26666666666666666,15,33.2,15,118,europe
europe,2026-06-28,0.2853,0.19047619047619047,21,24.047619047619047,19,119,europe
india,2026-03-01,0.480025,0.45454545454545453,44,25.204545454545453,35,0,india
india,2026-03-02,0.4555190476190476,0.42857142857142855,42,28.476190476190474,31,1,india
india,2026-03-03,0.5792577777777778,0.5555555555555556,45,23.022222222222222,29,2,india
india,2026-03-04,0.4348692307692308,0.38461538461538464,39,29.94871794871795,31,3,india
india,2026-03-05,0.62795,0.6379310344827587,58,25.017241379310345,37,4,india
india,2026-03-06,0.3891657894736842,0.3684210526315789,38,21.0,30,5,india
india,2026-03-07,0.6125541666666666,0.625,24,30.125,18,6,india
india,2026-03-08,0.5221175,0.5,40,23.45,37,7,india
india,2026-03-09,0.5930161290322581,0.5483870967741935,31,28.258064516129032,25,8,india
india,2026-03-10,0.585475,0.59375,32,22.40625,27,9,india
india,2026-03-11,0.5597840000000001,0.54,50,28.66,36,10,india
india,2026-03-12,0.5718317073170732,0.5365853658536586,41,29.682926829268293,33,11,india
india,2026-03-13,0.5453549019607844,0.5294117647058824,51,32.0,37,12,india
india,2026-03-14,0.49415675675675674,0.4594594594594595,37,24.864864864864863,31,13,india
india,2026-03-15,0.5162536585365853,0.5121951219512195,41,27.048780487804876,32,14,india
india,2026-03-16,0.41270869565217394,0.34782608695652173,46,27.304347826086957,29,15,india
india,2026-03-17,0.539045945945946,0.5135135135135135,37,31.405405405405407,28,16,india
india,2026-03-18,0.5727111111111111,0.5833333333333334,36,23.25,30,17,india
india,2026-03-19,0.5313071428571429,0.5,42,26.30952380952381,34,18,india
india,2026-03-20,0.4989619047619047,0.42857142857142855,42,27.357142857142858,31,19,india
india,2026-03-21,0.48614090909090907,0.4318181818181818,44,28.772727272727273,31,20,india
india,2026-03-22,0.541904347826087,0.5217391304347826,46,28.456521739130434,33,21,india
india,2026-03-23,0.6083694444444444,0.6111111111111112,36,26.694444444444443,27,22,india
india,2026-03-24,0.5689097560975609,0.5365853658536586,41,22.51219512195122,29,23,india
india,2026-03-25,0.5421847826086956,0.5217391304347826,46,25.26086956521739,37,24,india
india,2026-03-26,0.5100179487179487,0.46153846153846156,39,29.0,32,25,india
india,2026-03-27,0.4337138888888889,0.4166666666666667,36,22.72222222222222,25,26,india
india,2026-03-28,0.4176638888888889,0.3888888888888889,36,25.36111111111111,30,27,india
india,2026-03-29,0.4535,0.4375,32,31.1875,28,28,india
india,2026-03-30,0.5396529411764707,0.5098039215686274,51,26.470588235294116,35,29,india
india,2026-03-31,0.4549952380952381,0.42857142857142855,42,25.19047619047619,33,30,india
india,2026-04-01,0.5327790697674419,0.4418604651162791,43,24.627906976744185,34,31,india
india,2026-04-02,0.3689025,0.35,40,21.4,29,32,india
india,2026-04-03,0.5452452380952382,0.5476190476190477,42,33.04761904761905,32,33,india
india,2026-04-04,0.5494347826086957,0.5217391304347826,46,27.23913043478261,30,34,india
india,2026-04-05,0.5576552631578947,0.5263157894736842,38,25.05263157894737,30,35,india
india,2026-04-06,0.6077955555555555,0.6222222222222222,45,23.533333333333335,32,36,india
india,2026-04-07,0.42471818181818183,0.45454545454545453,33,25.606060606060606,25,37,india
india,2026-04-08,0.629130303030303,0.6060606060606061,33,29.12121212121212,23,38,india
india,2026-04-09,0.4842431818181818,0.45454545454545453,44,27.34090909090909,29,39,india
india,2026-04-10,0.53930625,0.5625,48,26.583333333333332,38,40,india
india,2026-04-11,0.5856311111111111,0.5555555555555556,45,28.266666666666666,34,41,india
india,2026-04-12,0.6247065217391304,0.6304347826086957,46,29.73913043478261,31,42,india
india,2026-04-13,0.47211304347826083,0.43478260869565216,46,27.152173913043477,34,43,india
india,2026-04-14,0.5584205128205129,0.5641025641025641,39,27.692307692307693,32,44,india
india,2026-04-15,0.6689785714285714,0.6666666666666666,42,29.166666666666668,31,45,india
india,2026-04-16,0.4599285714285714,0.42857142857142855,35,28.057142857142857,25,46,india
india,2026-04-17,0.4738591836734694,0.4489795918367347,49,28.367346938775512,36,47,india
india,2026-04-18,0.5190405405405405,0.4864864864864865,37,30.216216216216218,33,48,india
india,2026-04-19,0.5721625,0.59375,32,31.0625,24,49,india
india,2026-04-20,0.48792682926829267,0.4634146341463415,41,24.585365853658537,32,50,india
india,2026-04-21,0.4927,0.48484848484848486,33,24.727272727272727,26,51,india
india,2026-04-22,0.61275,0.6,40,26.075,26,52,india
india,2026-04-23,0.5297449999999999,0.475,40,26.05,32,53,india
india,2026-04-24,0.5973844444444445,0.5555555555555556,45,24.57777777777778,35,54,india
india,2026-04-25,0.5661,0.5609756097560976,41,21.70731707317073,31,55,india
india,2026-04-26,0.41142105263157897,0.34210526315789475,38,26.710526315789473,27,56,india
india,2026-04-27,0.5679257142857144,0.5428571428571428,35,20.085714285714285,26,57,india
india,2026-04-28,0.5136431818181818,0.5,44,26.613636363636363,36,58,india
india,2026-04-29,0.4729888888888889,0.4666666666666667,45,28.0,31,59,india
india,2026-04-30,0.3920485714285714,0.34285714285714286,35,25.17142857142857,29,60,india
india,2026-05-01,0.5133836734693877,0.4489795918367347,49,23.285714285714285,32,61,india
india,2026-05-02,0.42187272727272723,0.42424242424242425,33,28.727272727272727,28,62,india
india,2026-05-03,0.43716279069767444,0.3953488372093023,43,29.6046511627907,33,63,india
india,2026-05-04,0.6438133333333333,0.6444444444444445,45,24.666666666666668,33,64,india
india,2026-05-05,0.5520277777777778,0.5277777777777778,36,21.13888888888889,29,65,india
india,2026-05-06,0.4942170212765958,0.44680851063829785,47,28.106382978723403,34,66,india
india,2026-05-07,0.578775,0.5192307692307693,52,24.903846153846153,35,67,india
india,2026-05-08,0.5478357142857143,0.5357142857142857,56,31.357142857142858,38,68,india
india,2026-05-09,0.5977279069767442,0.5813953488372093,43,28.093023255813954,35,69,india
india,2026-05-10,0.4675847826086957,0.43478260869565216,46,27.695652173913043,33,70,india
india,2026-05-11,0.5823533333333333,0.5333333333333333,45,27.11111111111111,31,71,india
india,2026-05-12,0.5092571428571429,0.4489795918367347,49,28.040816326530614,32,72,india
india,2026-05-13,0.5479838709677419,0.5483870967741935,31,28.580645161290324,29,73,india
india,2026-05-14,0.587772,0.58,50,26.88,32,74,india
india,2026-05-15,0.3434431818181818,0.2727272727272727,44,30.295454545454547,37,75,india
india,2026-05-16,0.5505416666666667,0.5,36,23.47222222222222,26,76,india
india,2026-05-17,0.43943414634146344,0.3902439024390244,41,26.585365853658537,32,77,india
india,2026-05-18,0.438025,0.45,40,23.975,32,78,india
india,2026-05-19,0.6760307692307692,0.6666666666666666,39,23.846153846153847,30,79,india
india,2026-05-20,0.49300749999999993,0.45,40,30.5,30,80,india
india,2026-05-21,0.488802380952381,0.4523809523809524,42,28.5,29,81,india
india,2026-05-22,0.45177105263157896,0.39473684210526316,38,21.31578947368421,27,82,india
india,2026-05-23,0.4702348837209302,0.4418604651162791,43,24.88372093023256,33,83,india
india,2026-05-24,0.5605282051282051,0.5384615384615384,39,26.358974358974358,32,84,india
india,2026-05-25,0.6097750000000001,0.5909090909090909,44,27.636363636363637,31,85,india
india,2026-05-26,0.5274611111111112,0.5,36,26.194444444444443,31,86,india
india,2026-05-27,0.57808125,0.6041666666666666,48,22.208333333333332,36,87,india
india,2026-05-28,0.603919512195122,0.6097560975609756,41,28.51219512195122,32,88,india
india,2026-05-29,0.43879024390243904,0.36585365853658536,41,26.048780487804876,33,89,india
india,2026-05-30,0.5726228571428571,0.5714285714285714,35,32.05714285714286,29,90,india
india,2026-05-31,0.5581142857142857,0.5306122448979592,49,25.081632653061224,36,91,india
india,2026-06-01,0.5495214285714286,0.5238095238095238,42,27.476190476190474,27,92,india
india,2026-06-02,0.6187105263157895,0.6052631578947368,38,28.5,31,93,india
india,2026-06-03,0.4759605263157895,0.4473684210526316,38,25.92105263157895,27,94,india
india,2026-06-04,0.6056944444444444,0.6111111111111112,36,26.0,29,95,india
india,2026-06-05,0.42388139534883723,0.3953488372093023,43,28.627906976744185,31,96,india
india,2026-06-06,0.45116744186046515,0.4186046511627907,43,28.25581395348837,26,97,india
india,2026-06-07,0.47952285714285714,0.42857142857142855,35,21.8,26,98,india
india,2026-06-08,0.6012054054054053,0.5675675675675675,37,22.972972972972972,32,99,india
india,2026-06-09,0.6045621621621622,0.5675675675675675,37,22.0,30,100,india
india,2026-06-10,0.6771733333333333,0.6888888888888889,45,32.577777777777776,36,101,india
india,2026-06-11,0.42916829268292683,0.4146341463414634,41,25.804878048780488,30,102,india
india,2026-06-12,0.3866326086956522,0.3695652173913043,46,32.26086956521739,35,103,india
india,2026-06-13,0.5459333333333334,0.5714285714285714,42,27.976190476190474,29,104,india
india,2026-06-14,0.5857234042553191,0.5531914893617021,47,24.53191489361702,32,105,india
india,2026-06-15,0.646552380952381,0.6190476190476191,42,32.642857142857146,32,106,india
india,2026-06-16,0.5884175,0.625,40,25.5,31,107,india
india,2026-06-17,0.6091717948717948,0.5641025641025641,39,22.102564102564102,31,108,india
india,2026-06-18,0.3939871794871795,0.38461538461538464,39,28.641025641025642,34,109,india
india,2026-06-19,0.37420731707317073,0.34146341463414637,41,28.585365853658537,34,110,india
india,2026-06-20,0.679464705882353,0.7058823529411765,34,29.852941176470587,31,111,india
india,2026-06-21,0.5821837837837838,0.5675675675675675,37,23.08108108108108,28,112,india
india,2026-06-22,0.5232888888888889,0.5,36,32.861111111111114,27,113,india
india,2026-06-23,0.44489761904761904,0.40476190476190477,42,29.976190476190474,30,114,india
india,2026-06-24,0.5165642857142857,0.47619047619047616,42,30.738095238095237,30,115,india
india,2026-06-25,0.7063589743589744,0.7435897435897436,39,28.17948717948718,30,116,india
india,2026-06-26,0.5422172413793104,0.4827586206896552,29,26.93103448275862,21,117,india
india,2026-06-27,0.6260581818181818,0.6181818181818182,55,28.636363636363637,38,118,india
india,2026-06-28,0.44238378378378385,0.40540540540540543,37,27.56756756756757,30,119,india
mobilityreport,2026-03-01,0.7615531914893617,0.7872340425531915,47,25.76595744680851,27,0,mobilityreport
mobilityreport,2026-03-02,0.6136131578947368,0.6052631578947368,38,25.026315789473685,27,1,mobilityreport
mobilityreport,2026-03-03,0.6533171428571428,0.6857142857142857,35,26.82857142857143,24,2,mobilityreport
mobilityreport,2026-03-04,0.7197549019607844,0.7058823529411765,51,26.54901960784314,31,3,mobilityreport
mobilityreport,2026-03-05,0.671027027027027,0.6486486486486487,37,28.64864864864865,26,4,mobilityreport
mobilityreport,2026-03-06,0.7023018867924529,0.7358490566037735,53,22.754716981132077,32,5,mobilityreport
mobilityreport,2026-03-07,0.6681849056603774,0.660377358490566,53,23.22641509433962,36,6,mobilityreport
mobilityreport,2026-03-08,0.6668177777777777,0.6888888888888889,45,22.022222222222222,31,7,mobilityreport
mobilityreport,2026-03-09,0.644571794871795,0.6923076923076923,39,26.23076923076923,25,8,mobilityreport
mobilityreport,2026-03-10,0.6789863636363637,0.7045454545454546,44,24.75,28,9,mobilityreport
mobilityreport,2026-03-11,0.6657782608695652,0.6739130434782609,46,25.304347826086957,35,10,mobilityreport
mobilityreport,2026-03-12,0.7054111111111111,0.7037037037037037,54,28.75925925925926,34,11,mobilityreport
mobilityreport,2026-03-13,0.6616719999999999,0.66,50,28.92,34,12,mobilityreport
mobilityreport,2026-03-14,0.5749,0.5897435897435898,39,26.358974358974358,31,13,mobilityreport
mobilityreport,2026-03-15,0.729041304347826,0.7391304347826086,46,29.0,32,14,mobilityreport
mobilityreport,2026-03-16,0.6883302325581395,0.6976744186046512,43,31.069767441860463,29,15,mobilityreport
mobilityreport,2026-03-17,0.6649088235294117,0.6764705882352942,34,24.852941176470587,23,16,mobilityreport
mobilityreport,2026-03-18,0.6705565217391305,0.717391304347826,46,25.152173913043477,34,17,mobilityreport
mobilityreport,2026-03-19,0.6001333333333333,0.6,45,25.177777777777777,31,18,mobilityreport
mobilityreport,2026-03-20,0.6276828571428572,0.6,35,29.742857142857144,26,19,mobilityreport
mobilityreport,2026-03-21,0.7497387755102041,0.7959183673469388,49,23.918367346938776,33,20,mobilityreport
mobilityreport,2026-03-22,0.7799148936170213,0.8085106382978723,47,25.829787234042552,33,21,mobilityreport
mobilityreport,2026-03-23,0.8244066666666666,0.8666666666666667,30,27.666666666666668,20,22,mobilityreport
mobilityreport,2026-03-24,0.7079871794871795,0.717948717948718,39,32.35897435897436,29,23,mobilityreport
mobilityreport,2026-03-25,0.6768195121951219,0.6829268292682927,41,25.4390243902439,28,24,mobilityreport
mobilityreport,2026-03-26,0.5778387096774193,0.5806451612903226,31,34.774193548387096,27,25,mobilityreport
mobilityreport,2026-03-27,0.714957894736842,0.7894736842105263,38,26.210526315789473,32,26,mobilityreport
mobilityreport,2026-03-28,0.6883133333333333,0.6888888888888889,45,30.68888888888889,25,27,mobilityreport
mobilityreport,2026-03-29,0.8065530612244898,0.8367346938775511,49,25.79591836734694,34,28,mobilityreport
mobilityreport,2026-03-30,0.6491676470588236,0.6470588235294118,34,24.029411764705884,24,29,mobilityreport
mobilityreport,2026-03-31,0.7458258620689655,0.7758620689655172,58,25.362068965517242,33,30,mobilityreport
mobilityreport,2026-04-01,0.7463923076923076,0.7692307692307693,52,25.865384615384617,36,31,mobilityreport
mobilityreport,2026-04-02,0.641951724137931,0.6551724137931034,29,24.724137931034484,22,32,mobilityreport
mobilityreport,2026-04-03,0.6174682926829268,0.6585365853658537,41,21.48780487804878,30,33,mobilityreport
mobilityreport,2026-04-04,0.6459780487804878,0.6585365853658537,41,28.21951219512195,30,34,mobilityreport
mobilityreport,2026-04-05,0.6731363636363636,0.6818181818181818,44,17.522727272727273,29,35,mobilityreport
mobilityreport,2026-04-06,0.622358,0.62,50,26.34,32,36,mobilityreport
mobilityreport,2026-04-07,0.5712176470588235,0.5588235294117647,34,21.058823529411764,27,37,mobilityreport
mobilityreport,2026-04-08,0.7838454545454546,0.8484848484848485,33,26.515151515151516,25,38,mobilityreport
mobilityreport,2026-04-09,0.7031804347826087,0.6956521739130435,46,26.91304347826087,34,39,mobilityreport
mobilityreport,2026-04-10,0.7308979591836735,0.7551020408163265,49,28.489795918367346,35,40,mobilityreport
mobilityreport,2026-04-11,0.7875255319148936,0.8085106382978723,47,28.680851063829788,32,41,mobilityreport
mobilityreport,2026-04-12,0.7912686274509804,0.803921568627451,51,29.901960784313726,32,42,mobilityreport
mobilityreport,2026-04-13,0.6509846153846154,0.6410256410256411,39,26.58974358974359,28,43,mobilityreport
mobilityreport,2026-04-14,0.726582,0.8,50,25.9,31,44,mobilityreport
mobilityreport,2026-04-15,0.6009378378378378,0.5945945945945946,37,33.108108108108105,25,45,mobilityreport
mobilityreport,2026-04-16,0.6213135135135136,0.6486486486486487,37,25.43243243243243,23,46,mobilityreport
mobilityreport,2026-04-17,0.6633217391304348,0.6521739130434783,46,27.130434782608695,31,47,mobilityreport
mobilityreport,2026-04-18,0.7356979591836734,0.7959183673469388,49,31.979591836734695,27,48,mobilityreport
mobilityreport,2026-04-19,0.7467604166666667,0.7916666666666666,48,27.75,33,49,mobilityreport
mobilityreport,2026-04-20,0.6676894736842105,0.6578947368421053,38,27.473684210526315,24,50,mobilityreport
mobilityreport,2026-04-21,0.6954583333333333,0.75,48,23.083333333333332,29,51,mobilityreport
mobilityreport,2026-04-22,0.734734,0.76,50,25.28,27,52,mobilityreport
mobilityreport,2026-04-23,0.7467717948717948,0.7435897435897436,39,26.897435897435898,28,53,mobilityreport
mobilityreport,2026-04-24,0.7494000000000001,0.7906976744186046,43,27.3953488372093,31,54,mobilityreport
mobilityreport,2026-04-25,0.7029829268292683,0.6829268292682927,41,26.585365853658537,26,55,mobilityreport
mobilityreport,2026-04-26,0.6344030303030304,0.6363636363636364,33,35.75757575757576,27,56,mobilityreport
mobilityreport,2026-04-27,0.75975,0.7619047619047619,42,30.166666666666668,30,57,mobilityreport
mobilityreport,2026-04-28,0.7908731707317074,0.8048780487804879,41,26.463414634146343,26,58,mobilityreport
mobilityreport,2026-04-29,0.6077272727272727,0.6060606060606061,33,27.363636363636363,23,59,mobilityreport
mobilityreport,2026-04-30,0.6849852941176471,0.7058823529411765,34,25.38235294117647,27,60,mobilityreport
mobilityreport,2026-05-01,0.6708024390243903,0.7317073170731707,41,28.853658536585368,30,61,mobilityreport
mobilityreport,2026-05-02,0.6498829268292683,0.6585365853658537,41,24.195121951219512,33,62,mobilityreport
mobilityreport,2026-05-03,0.7550256410256411,0.7692307692307693,39,24.82051282051282,29,63,mobilityreport
mobilityreport,2026-05-04,0.7768238095238096,0.8095238095238095,42,24.452380952380953,29,64,mobilityreport
mobilityreport,2026-05-05,0.85427,0.85,40,25.775,28,65,mobilityreport
mobilityreport,2026-05-06,0.6310307692307693,0.6538461538461539,52,27.346153846153847,36,66,mobilityreport
mobilityreport,2026-05-07,0.6995872727272727,0.7454545454545455,55,25.763636363636362,36,67,mobilityreport
mobilityreport,2026-05-08,0.6307333333333334,0.6666666666666666,45,25.977777777777778,32,68,mobilityreport
mobilityreport,2026-05-09,0.7428138888888889,0.7777777777777778,36,30.47222222222222,27,69,mobilityreport
mobilityreport,2026-05-10,0.6842026315789473,0.6842105263157895,38,28.18421052631579,24,70,mobilityreport
mobilityreport,2026-05-11,0.712844,0.72,50,28.38,39,71,mobilityreport
mobilityreport,2026-05-12,0.6901153846153847,0.6923076923076923,52,25.115384615384617,33,72,mobilityreport
mobilityreport,2026-05-13,0.6709881355932202,0.6610169491525424,59,26.915254237288135,37,73,mobilityreport
mobilityreport,2026-05-14,0.7200263157894737,0.7368421052631579,38,27.0,33,74,mobilityreport
mobilityreport,2026-05-15,0.690751851851852,0.7037037037037037,54,26.462962962962962,37,75,mobilityreport
mobilityreport,2026-05-16,0.624745652173913,0.5869565217391305,46,29.608695652173914,33,76,mobilityreport
mobilityreport,2026-05-17,0.6508909090909091,0.6363636363636364,44,25.204545454545453,31,77,mobilityreport
mobilityreport,2026-05-18,0.5958333333333333,0.6222222222222222,45,23.977777777777778,29,78,mobilityreport
mobilityreport,2026-05-19,0.8052947368421052,0.8421052631578947,38,28.105263157894736,22,79,mobilityreport
mobilityreport,2026-05-20,0.80048,0.8285714285714286,35,27.114285714285714,28,80,mobilityreport
mobilityreport,2026-05-21,0.6632255319148936,0.6595744680851063,47,29.97872340425532,31,81,mobilityreport
mobilityreport,2026-05-22,0.6364222222222222,0.6444444444444445,45,28.733333333333334,30,82,mobilityreport
mobilityreport,2026-05-23,0.6591682926829269,0.6829268292682927,41,30.634146341463413,32,83,mobilityreport
mobilityreport,2026-05-24,0.7724442307692307,0.8076923076923077,52,25.98076923076923,34,84,mobilityreport
mobilityreport,2026-05-25,0.6693025641025641,0.6666666666666666,39,28.76923076923077,29,85,mobilityreport
mobilityreport,2026-05-26,0.6977170212765959,0.723404255319149,47,27.5531914893617,32,86,mobilityreport
mobilityreport,2026-05-27,0.679734693877551,0.673469387755102,49,21.73469387755102,36,87,mobilityreport
mobilityreport,2026-05-28,0.7597131578947368,0.7631578947368421,38,30.42105263157895,25,88,mobilityreport
mobilityreport,2026-05-29,0.6169816326530612,0.6326530612244898,49,28.285714285714285,36,89,mobilityreport
mobilityreport,2026-05-30,0.6849119047619048,0.6904761904761905,42,26.166666666666668,30,90,mobilityreport
mobilityreport,2026-05-31,0.6335272727272727,0.6590909090909091,44,25.636363636363637,26,91,mobilityreport
mobilityreport,2026-06-01,0.664542,0.7,50,25.22,33,92,mobilityreport
mobilityreport,2026-06-02,0.7057063829787233,0.723404255319149,47,21.872340425531913,33,93,mobilityreport
mobilityreport,2026-06-03,0.5881172413793103,0.5517241379310345,29,24.689655172413794,22,94,mobilityreport
mobilityreport,2026-06-04,0.6819195652173914,0.717391304347826,46,32.608695652173914,31,95,mobilityreport
mobilityreport,2026-06-05,0.6434923076923077,0.6410256410256411,39,26.58974358974359,28,96,mobilityreport
mobilityreport,2026-06-06,0.6799333333333333,0.7142857142857143,42,28.0,29,97,mobilityreport
mobilityreport,2026-06-07,0.7600472222222222,0.8055555555555556,36,28.5,26,98,mobilityreport
mobilityreport,2026-06-08,0.7482872727272727,0.7454545454545455,55,25.509090909090908,37,99,mobilityreport
mobilityreport,2026-06-09,0.7052660377358491,0.7358490566037735,53,26.9811320754717,35,100,mobilityreport
mobilityreport,2026-06-10,0.7399428571428571,0.7714285714285715,35,26.885714285714286,23,101,mobilityreport
mobilityreport,2026-06-11,0.6154545454545455,0.6363636363636364,44,29.113636363636363,34,102,mobilityreport
mobilityreport,2026-06-12,0.6963232558139535,0.7209302325581395,43,24.930232558139537,30,103,mobilityreport
mobilityreport,2026-06-13,0.73693125,0.75,64,28.390625,39,104,mobilityreport
mobilityreport,2026-06-14,0.6900081081081081,0.7027027027027027,37,27.56756756756757,27,105,mobilityreport
mobilityreport,2026-06-15,0.6149520833333334,0.625,48,28.666666666666668,36,106,mobilityreport
mobilityreport,2026-06-16,0.7080232558139535,0.7441860465116279,43,29.651162790697676,32,107,mobilityreport
mobilityreport,2026-06-17,0.7337238095238096,0.7619047619047619,42,29.047619047619047,32,108,mobilityreport
mobilityreport,2026-06-18,0.620838,0.64,50,29.18,32,109,mobilityreport
mobilityreport,2026-06-19,0.7210911764705882,0.7352941176470589,34,27.5,24,110,mobilityreport
mobilityreport,2026-06-20,0.5294837837837838,0.4864864864864865,37,27.56756756756757,27,111,mobilityreport
mobilityreport,2026-06-21,0.7380765957446809,0.7659574468085106,47,24.23404255319149,34,112,mobilityreport
mobilityreport,2026-06-22,0.7667955555555556,0.8222222222222222,45,26.511111111111113,30,113,mobilityreport
mobilityreport,2026-06-23,0.6461472727272727,0.6909090909090909,55,26.2,37,114,mobilityreport
mobilityreport,2026-06-24,0.6813379999999999,0.68,50,21.54,35,115,mobilityreport
mobilityreport,2026-06-25,0.5955326530612245,0.5714285714285714,49,29.122448979591837,31,116,mobilityreport
mobilityreport,2026-06-26,0.7317938775510204,0.7142857142857143,49,25.591836734693878,34,117,mobilityreport
mobilityreport,2026-06-27,0.731191111111111,0.7333333333333333,45,23.57777777777778,34,118,mobilityreport
mobilityreport,2026-06-28,0.7001659090909091,0.7272727272727273,44,27.545454545454547,31,119,mobilityreport
movies,2026-03-01,0.17955172413793102,0.10344827586206896,29,27.551724137931036,25,0,movies
movies,2026-03-02,0.2126,0.18181818181818182,22,19.454545454545453,21,1,movies
movies,2026-03-03,0.32834090909090907,0.2727272727272727,22,29.227272727272727,18,2,movies
movies,2026-03-04,0.19375625,0.125,16,27.125,16,3,movies
movies,2026-03-05,0.27221666666666666,0.20833333333333334,24,26.583333333333332,20,4,movies
movies,2026-03-06,0.28871071428571426,0.17857142857142858,28,28.0,23,5,movies
movies,2026-03-07,0.1651,0.1111111111111111,18,30.333333333333332,16,6,movies
movies,2026-03-08,0.3596083333333333,0.2916666666666667,24,24.375,22,7,movies
movies,2026-03-09,0.31326315789473685,0.2631578947368421,19,29.36842105263158,17,8,movies
movies,2026-03-10,0.3918259259259259,0.3333333333333333,27,25.814814814814813,21,9,movies
movies,2026-03-11,0.15746190476190478,0.09523809523809523,21,27.714285714285715,19,10,movies
movies,2026-03-12,0.2582681818181818,0.22727272727272727,22,21.045454545454547,22,11,movies
movies,2026-03-13,0.3190923076923077,0.23076923076923078,26,22.923076923076923,25,12,movies
movies,2026-03-14,0.171236,0.08,25,23.84,22,13,movies
movies,2026-03-15,0.3532727272727273,0.22727272727272727,22,27.772727272727273,20,14,movies
movies,2026-03-16,0.18371212121212122,0.06060606060606061,33,30.181818181818183,30,15,movies
movies,2026-03-17,0.19734347826086956,0.13043478260869565,23,26.434782608695652,19,16,movies
movies,2026-03-18,0.21076296296296296,0.14814814814814814,27,29.88888888888889,24,17,movies
movies,2026-03-19,0.18501739130434783,0.08695652173913043,23,26.52173913043478,18,18,movies
movies,2026-03-20,0.12009545454545455,0.0,22,27.772727272727273,18,19,movies
movies,2026-03-21,0.1941576923076923,0.07692307692307693,26,29.923076923076923,24,20,movies
movies,2026-03-22,0.272,0.2,20,21.95,16,21,movies
movies,2026-03-23,0.16103333333333333,0.09523809523809523,21,28.80952380952381,19,22,movies
movies,2026-03-24,0.207276,0.12,25,32.52,24,23,movies
movies,2026-03-25,0.3025375,0.25,24,24.541666666666668,21,24,movies
movies,2026-03-26,0.22663157894736843,0.15789473684210525,19,20.0,18,25,movies
movies,2026-03-27,0.18190416666666667,0.08333333333333333,24,27.708333333333332,23,26,movies
movies,2026-03-28,0.23098888888888888,0.16666666666666666,18,29.833333333333332,17,27,movies
movies,2026-03-29,0.19216190476190476,0.09523809523809523,21,32.142857142857146,20,28,movies
movies,2026-03-30,0.187865,0.05,20,23.05,18,29,movies
movies,2026-03-31,0.21031923076923079,0.11538461538461539,26,24.923076923076923,23,30,movies
movies,2026-04-01,0.2445391304347826,0.21739130434782608,23,32.52173913043478,16,31,movies
movies,2026-04-02,0.20682962962962964,0.1111111111111111,27,33.55555555555556,27,32,movies
movies,2026-04-03,0.27987307692307695,0.15384615384615385,26,30.346153846153847,23,33,movies
movies,2026-04-04,0.23006875,0.125,16,29.875,15,34,movies
movies,2026-04-05,0.14921666666666666,0.08333333333333333,12,27.5,12,35,movies
movies,2026-04-06,0.2026913043478261,0.13043478260869565,23,23.869565217391305,19,36,movies
movies,2026-04-07,0.1727423076923077,0.07692307692307693,26,35.5,21,37,movies
movies,2026-04-08,0.22436875,0.125,16,24.625,16,38,movies
movies,2026-04-09,0.2742944444444444,0.2222222222222222,18,30.22222222222222,16,39,movies
movies,2026-04-10,0.35451052631578944,0.2631578947368421,19,32.1578947368421,18,40,movies
movies,2026-04-11,0.2396782608695652,0.17391304347826086,23,20.782608695652176,21,41,movies
movies,2026-04-12,0.3267,0.2222222222222222,18,35.0,18,42,movies
movies,2026-04-13,0.2833088235294118,0.17647058823529413,34,25.176470588235293,28,43,movies
movies,2026-04-14,0.35514782608695655,0.2608695652173913,23,24.869565217391305,20,44,movies
movies,2026-04-15,0.30449615384615386,0.19230769230769232,26,19.923076923076923,22,45,movies
movies,2026-04-16,0.2864038461538462,0.23076923076923078,26,27.0,20,46,movies
movies,2026-04-17,0.22551923076923078,0.15384615384615385,26,30.153846153846153,22,47,movies
movies,2026-04-18,0.19148064516129032,0.12903225806451613,31,24.483870967741936,26,48,movies
movies,2026-04-19,0.1342785714285714,0.07142857142857142,14,21.428571428571427,14,49,movies
movies,2026-04-20,0.39050625,0.375,16,26.0,15,50,movies
movies,2026-04-21,0.17950434782608693,0.08695652173913043,23,30.565217391304348,21,51,movies
movies,2026-04-22,0.33041739130434783,0.2608695652173913,23,22.347826086956523,20,52,movies
movies,2026-04-23,0.318215,0.25,20,30.2,18,53,movies
movies,2026-04-24,0.0551,0.0,20,28.3,19,54,movies
movies,2026-04-25,0.18555,0.1111111111111111,18,29.27777777777778,18,55,movies
movies,2026-04-26,0.07888095238095238,0.0,21,26.238095238095237,19,56,movies
movies,2026-04-27,0.2126888888888889,0.1111111111111111,27,32.851851851851855,24,57,movies
movies,2026-04-28,0.28539615384615385,0.19230769230769232,26,25.807692307692307,21,58,movies
movies,2026-04-29,0.14659000000000003,0.1,30,29.933333333333334,23,59,movies
movies,2026-04-30,0.13765714285714287,0.047619047619047616,21,27.80952380952381,19,60,movies
movies,2026-05-01,0.5549176470588235,0.47058823529411764,17,14.647058823529411,16,61,movies
movies,2026-05-02,0.20582631578947366,0.10526315789473684,19,22.05263157894737,18,62,movies
movies,2026-05-03,0.17848333333333333,0.041666666666666664,24,24.625,20,63,movies
movies,2026-05-04,0.19607142857142856,0.09523809523809523,21,25.857142857142858,16,64,movies
movies,2026-05-05,0.3716217391304348,0.2608695652173913,23,26.52173913043478,20,65,movies
movies,2026-05-06,0.3573388888888889,0.2777777777777778,18,18.38888888888889,16,66,movies
movies,2026-05-07,0.26448333333333335,0.16666666666666666,24,23.791666666666668,21,67,movies
movies,2026-05-08,0.20257999999999998,0.16,25,25.08,19,68,movies
movies,2026-05-09,0.203485,0.05,20,17.5,19,69,movies
movies,2026-05-10,0.22512142857142856,0.10714285714285714,28,28.357142857142858,26,70,movies
movies,2026-05-11,0.2992846153846154,0.19230769230769232,26,25.23076923076923,23,71,movies
movies,2026-05-12,0.38998064516129033,0.2903225806451613,31,29.70967741935484,26,72,movies
movies,2026-05-13,0.14269285714285715,0.03571428571428571,28,23.5,22,73,movies
movies,2026-05-14,0.28249545454545455,0.13636363636363635,22,32.86363636363637,18,74,movies
movies,2026-05-15,0.2545,0.16666666666666666,24,22.041666666666668,20,75,movies
movies,2026-05-16,0.17438076923076923,0.038461538461538464,26,30.923076923076923,25,76,movies
movies,2026-05-17,0.26770434782608693,0.17391304347826086,23,22.565217391304348,19,77,movies
movies,2026-05-18,0.25249285714285713,0.10714285714285714,28,35.75,25,78,movies
movies,2026-05-19,0.22989444444444443,0.1111111111111111,18,30.555555555555557,17,79,movies
movies,2026-05-20,0.36533333333333334,0.2916666666666667,24,24.041666666666668,22,80,movies
movies,2026-05-21,0.27743333333333337,0.19047619047619047,21,25.476190476190474,21,81,movies
movies,2026-05-22,0.246875,0.1875,16,30.125,14,82,movies
movies,2026-05-23,0.2015695652173913,0.043478260869565216,23,30.347826086956523,22,83,movies
movies,2026-05-24,0.14951739130434785,0.043478260869565216,23,34.95652173913044,20,84,movies
movies,2026-05-25,0.21036585365853658,0.0975609756097561,41,27.21951219512195,33,85,movies
movies,2026-05-26,0.2705142857142857,0.19047619047619047,21,21.904761904761905,18,86,movies
movies,2026-05-27,0.35798928571428573,0.32142857142857145,28,35.714285714285715,22,87,movies
movies,2026-05-28,0.3521478260869565,0.2608695652173913,23,23.91304347826087,22,88,movies
movies,2026-05-29,0.21381935483870967,0.12903225806451613,31,26.580645161290324,29,89,movies
movies,2026-05-30,0.21931875,0.0625,16,27.375,15,90,movies
movies,2026-05-31,0.1605590909090909,0.045454545454545456,22,22.272727272727273,20,91,movies
movies,2026-06-01,0.2772318181818182,0.2727272727272727,22,23.636363636363637,20,92,movies
movies,2026-06-02,0.3645947368421053,0.3157894736842105,19,23.36842105263158,18,93,movies
movies,2026-06-03,0.3128304347826087,0.2608695652173913,23,26.217391304347824,22,94,movies
movies,2026-06-04,0.17879473684210526,0.10526315789473684,19,26.210526315789473,16,95,movies
movies,2026-06-05,0.2223818181818182,0.13636363636363635,22,21.636363636363637,17,96,movies
movies,2026-06-06,0.16681538461538462,0.0,13,27.23076923076923,11,97,movies
movies,2026-06-07,0.24603913043478262,0.13043478260869565,23,20.130434782608695,21,98,movies
movies,2026-06-08,0.22155428571428573,0.14285714285714285,35,27.62857142857143,31,99,movies
movies,2026-06-09,0.11914583333333334,0.041666666666666664,24,21.291666666666668,21,100,movies
movies,2026-06-10,0.14436206896551723,0.034482758620689655,29,18.82758620689655,23,101,movies
movies,2026-06-11,0.22073684210526315,0.10526315789473684,19,32.26315789473684,18,102,movies
movies,2026-06-12,0.184788,0.04,25,32.44,21,103,movies
movies,2026-06-13,0.239978125,0.125,32,32.625,28,104,movies
movies,2026-06-14,0.2990947368421053,0.21052631578947367,19,28.68421052631579,15,105,movies
movies,2026-06-15,0.31206875,0.25,16,19.0,15,106,movies
movies,2026-06-16,0.24356363636363634,0.13636363636363635,22,24.045454545454547,20,107,movies
movies,2026-06-17,0.2546473684210526,0.15789473684210525,19,28.842105263157894,15,108,movies
movies,2026-06-18,0.164575,0.05,20,29.1,17,109,movies
movies,2026-06-19,0.1696791666666667,0.041666666666666664,24,29.291666666666668,19,110,movies
movies,2026-06-20,0.1307318181818182,0.0,22,31.681818181818183,17,111,movies
movies,2026-06-21,0.2173846153846154,0.15384615384615385,26,27.46153846153846,21,112,movies
movies,2026-06-22,0.19479333333333332,0.13333333333333333,15,27.866666666666667,14,113,movies
movies,2026-06-23,0.5089777777777778,0.4444444444444444,9,30.444444444444443,8,114,movies
movies,2026-06-24,0.25377272727272726,0.18181818181818182,22,33.5,21,115,movies
movies,2026-06-25,0.3811692307692308,0.3076923076923077,26,24.423076923076923,23,116,movies
movies,2026-06-26,0.1833392857142857,0.10714285714285714,28,22.464285714285715,23,117,movies
movies,2026-06-27,0.10427352941176471,0.029411764705882353,34,25.147058823529413,29,118,movies
movies,2026-06-28,0.20503529411764704,0.11764705882352941,17,32.588235294117645,17,119,movies
news,2026-03-01,0.3103214285714286,0.2857142857142857,28,28.357142857142858,20,0,news
news,2026-03-02,0.32866,0.23333333333333334,30,27.866666666666667,30,1,news
news,2026-03-03,0.2969735294117647,0.2647058823529412,34,26.941176470588236,26,2,news
news,2026-03-04,0.23406363636363636,0.15151515151515152,33,31.12121212121212,28,3,news
news,2026-03-05,0.23858148148148148,0.18518518518518517,27,27.14814814814815,23,4,news
news,2026-03-06,0.386835,0.25,40,25.275,27,5,news
news,2026-03-07,0.2198807692307692,0.15384615384615385,26,26.26923076923077,21,6,news
news,2026-03-08,0.292716,0.2,25,31.0,20,7,news
news,2026-03-09,0.31658000000000003,0.23333333333333334,30,29.433333333333334,26,8,news
news,2026-03-10,0.1776521739130435,0.13043478260869565,23,24.869565217391305,22,9,news
news,2026-03-11,0.19792400000000002,0.08,25,26.44,21,10,news
news,2026-03-12,0.2987470588235294,0.20588235294117646,34,26.88235294117647,30,11,news
news,2026-03-13,0.19515714285714286,0.07142857142857142,28,24.857142857142858,23,12,news
news,2026-03-14,0.22804347826086957,0.13043478260869565,23,32.65217391304348,18,13,news
news,2026-03-15,0.18593666666666667,0.13333333333333333,30,25.9,23,14,news
news,2026-03-16,0.2888621621621622,0.24324324324324326,37,27.35135135135135,29,15,news
news,2026-03-17,0.30877499999999997,0.275,40,24.75,30,16,news
news,2026-03-18,0.28868947368421055,0.21052631578947367,38,25.92105263157895,29,17,news
news,2026-03-19,0.2653153846153846,0.11538461538461539,26,23.46153846153846,23,18,news
news,2026-03-20,0.27839032258064517,0.22580645161290322,31,25.35483870967742,26,19,news
news,2026-03-21,0.202171875,0.09375,32,26.6875,28,20,news
news,2026-03-22,0.27861025641025644,0.23076923076923078,39,25.0,30,21,news
news,2026-03-23,0.32605,0.2692307692307692,26,31.0,25,22,news
news,2026-03-24,0.36619032258064516,0.2903225806451613,31,25.06451612903226,27,23,news
news,2026-03-25,0.27845517241379314,0.2413793103448276,29,27.586206896551722,25,24,news
news,2026-03-26,0.2984942857142857,0.2571428571428571,35,26.285714285714285,25,25,news
news,2026-03-27,0.3774653846153846,0.3076923076923077,26,23.153846153846153,23,26,news
news,2026-03-28,0.18526451612903225,0.16129032258064516,31,25.870967741935484,25,27,news
news,2026-03-29,0.35547428571428574,0.3142857142857143,35,32.82857142857143,26,28,news
news,2026-03-30,0.40279166666666666,0.2777777777777778,36,25.666666666666668,28,29,news
news,2026-03-31,0.2937975,0.175,40,27.425,28,30,news
news,2026-04-01,0.35085,0.3125,32,23.46875,30,31,news
news,2026-04-02,0.324776,0.28,25,27.16,21,32,news
news,2026-04-03,0.2511432432432433,0.10810810810810811,37,20.54054054054054,30,33,news
news,2026-04-04,0.1514310344827586,0.06896551724137931,29,27.310344827586206,24,34,news
news,2026-04-05,0.26399729729729726,0.1891891891891892,37,30.405405405405407,29,35,news
news,2026-04-06,0.20825806451612902,0.12903225806451613,31,26.258064516129032,24,36,news
news,2026-04-07,0.257415,0.2,20,28.35,18,37,news
news,2026-04-08,0.33850714285714284,0.2857142857142857,28,29.321428571428573,25,38,news
news,2026-04-09,0.2552379310344827,0.1724137931034483,29,26.551724137931036,25,39,news
news,2026-04-10,0.18119032258064516,0.0967741935483871,31,27.032258064516128,27,40,news
news,2026-04-11,0.2038425,0.075,40,29.0,32,41,news
news,2026-04-12,0.27548636363636364,0.20454545454545456,44,23.136363636363637,36,42,news
news,2026-04-13,0.2772241379310345,0.1724137931034483,29,29.96551724137931,26,43,news
news,2026-04-14,0.243771875,0.125,32,28.59375,27,44,news
news,2026-04-15,0.3666238095238096,0.2619047619047619,42,27.071428571428573,35,45,news
news,2026-04-16,0.25001153846153845,0.19230769230769232,26,23.96153846153846,24,46,news
news,2026-04-17,0.3253333333333333,0.26666666666666666,30,27.8,25,47,news
news,2026-04-18,0.1816846153846154,0.11538461538461539,26,27.192307692307693,23,48,news
news,2026-04-19,0.33269444444444446,0.2222222222222222,36,30.27777777777778,30,49,news
news,2026-04-20,0.20910833333333334,0.125,24,30.833333333333332,21,50,news
news,2026-04-21,0.24387714285714288,0.14285714285714285,35,25.17142857142857,31,51,news
news,2026-04-22,0.252844,0.16,25,31.2,21,52,news
news,2026-04-23,0.3332542857142857,0.2571428571428571,35,30.542857142857144,29,53,news
news,2026-04-24,0.2988928571428571,0.17857142857142858,28,24.857142857142858,24,54,news
news,2026-04-25,0.2321935483870968,0.12903225806451613,31,33.806451612903224,25,55,news
news,2026-04-26,0.35426206896551726,0.3103448275862069,29,22.344827586206897,26,56,news
news,2026-04-27,0.21976923076923077,0.1282051282051282,39,25.76923076923077,29,57,news
news,2026-04-28,0.19045813953488372,0.09302325581395349,43,27.186046511627907,31,58,news
news,2026-04-29,0.2626793103448276,0.20689655172413793,29,26.75862068965517,26,59,news
news,2026-04-30,0.28129117647058827,0.2647058823529412,34,26.61764705882353,28,60,news
news,2026-05-01,0.18533666666666668,0.03333333333333333,30,31.366666666666667,27,61,news
news,2026-05-02,0.31889,0.175,40,26.075,29,62,news
news,2026-05-03,0.20931379310344828,0.1724137931034483,29,29.655172413793103,24,63,news
news,2026-05-04,0.2141638888888889,0.1111111111111111,36,23.083333333333332,28,64,news
news,2026-05-05,0.3192457142857143,0.22857142857142856,35,32.8,30,65,news
news,2026-05-06,0.2555117647058824,0.20588235294117646,34,24.852941176470587,27,66,news
news,2026-05-07,0.19693,0.13333333333333333,30,29.4,26,67,news
news,2026-05-08,0.22126176470588235,0.17647058823529413,34,25.38235294117647,28,68,news
news,2026-05-09,0.26719736842105263,0.18421052631578946,38,29.842105263157894,28,69,news
news,2026-05-10,0.17346451612903224,0.06451612903225806,31,27.741935483870968,24,70,news
news,2026-05-11,0.27917291666666666,0.1875,48,28.541666666666668,39,71,news
news,2026-05-12,0.3047075,0.2,40,28.475,28,72,news
news,2026-05-13,0.2007,0.12195121951219512,41,28.51219512195122,32,73,news
news,2026-05-14,0.21312,0.1,30,26.366666666666667,25,74,news
news,2026-05-15,0.24788749999999998,0.175,40,28.75,34,75,news
news,2026-05-16,0.14294814814814816,0.0,27,27.22222222222222,23,76,news
news,2026-05-17,0.25636,0.16,25,26.92,22,77,news
news,2026-05-18,0.18561249999999999,0.0625,16,29.125,15,78,news
news,2026-05-19,0.2885378378378379,0.21621621621621623,37,30.405405405405407,30,79,news
news,2026-05-20,0.30894358974358976,0.20512820512820512,39,24.333333333333332,35,80,news
news,2026-05-21,0.31145833333333334,0.20833333333333334,24,25.25,22,81,news
news,2026-05-22,0.314325,0.21428571428571427,28,27.0,22,82,news
news,2026-05-23,0.21771428571428572,0.14285714285714285,35,26.742857142857144,30,83,news
news,2026-05-24,0.22673200000000002,0.08,25,23.28,21,84,news
news,2026-05-25,0.38077307692307694,0.34615384615384615,26,25.23076923076923,21,85,news
news,2026-05-26,0.41510277777777776,0.3888888888888889,36,27.47222222222222,31,86,news
news,2026-05-27,0.2256034482758621,0.06896551724137931,29,28.93103448275862,25,87,news
news,2026-05-28,0.2611272727272727,0.13636363636363635,22,24.681818181818183,18,88,news
news,2026-05-29,0.2067857142857143,0.14285714285714285,42,26.38095238095238,38,89,news
news,2026-05-30,0.12621578947368423,0.0,19,31.36842105263158,16,90,news
news,2026-05-31,0.18755333333333332,0.1,30,22.1,23,91,news
news,2026-06-01,0.320496875,0.28125,32,33.78125,26,92,news
news,2026-06-02,0.32243055555555555,0.3055555555555556,36,23.444444444444443,29,93,news
news,2026-06-03,0.17316571428571428,0.08571428571428572,35,25.314285714285713,27,94,news
news,2026-06-04,0.27006875,0.15625,32,27.71875,28,95,news
news,2026-06-05,0.22143666666666667,0.06666666666666667,30,25.5,27,96,news
news,2026-06-06,0.18006285714285714,0.05714285714285714,35,23.8,26,97,news
news,2026-06-07,0.17902162162162163,0.08108108108108109,37,29.08108108108108,32,98,news
news,2026-06-08,0.10396999999999999,0.03333333333333333,30,27.633333333333333,26,99,news
news,2026-06-09,0.22365609756097563,0.17073170731707318,41,30.634146341463413,31,100,news
news,2026-06-10,0.30154848484848484,0.21212121212121213,33,23.575757575757574,27,101,news
news,2026-06-11,0.17251428571428573,0.02857142857142857,35,30.742857142857144,24,102,news
news,2026-06-12,0.23995185185185186,0.18518518518518517,27,26.59259259259259,25,103,news
news,2026-06-13,0.22039375,0.125,32,25.09375,29,104,news
news,2026-06-14,0.12646060606060605,0.030303030303030304,33,28.393939393939394,26,105,news
news,2026-06-15,0.21111162790697674,0.09302325581395349,43,24.511627906976745,33,106,news
news,2026-06-16,0.16896176470588234,0.058823529411764705,34,26.147058823529413,28,107,news
news,2026-06-17,0.13154285714285716,0.07142857142857142,28,33.32142857142857,27,108,news
news,2026-06-18,0.28244736842105267,0.15789473684210525,19,18.894736842105264,14,109,news
news,2026-06-19,0.17366857142857142,0.08571428571428572,35,28.314285714285713,30,110,news
news,2026-06-20,0.16373809523809524,0.047619047619047616,21,29.571428571428573,18,111,news
news,2026-06-21,0.16730833333333334,0.027777777777777776,36,31.083333333333332,25,112,news
news,2026-06-22,0.11078125,0.03125,32,25.78125,28,113,news
news,2026-06-23,0.1730607142857143,0.10714285714285714,28,30.607142857142858,26,114,news
news,2026-06-24,0.19414827586206898,0.10344827586206896,29,19.96551724137931,25,115,news
news,2026-06-25,0.17746153846153848,0.05128205128205128,39,26.153846153846153,30,116,news
news,2026-06-26,0.15253428571428573,0.02857142857142857,35,27.6,32,117,news
news,2026-06-27,0.1838741935483871,0.06451612903225806,31,27.419354838709676,28,118,news
news,2026-06-28,0.15055555555555555,0.08333333333333333,36,27.02777777777778,29,119,news
newsbotbot,2026-03-01,0.15028636363636363,0.09090909090909091,44,26.113636363636363,29,0,newsbotbot
newsbotbot,2026-03-02,0.25042083333333337,0.16666666666666666,48,26.166666666666668,29,1,newsbotbot
newsbotbot,2026-03-03,0.26333333333333336,0.21428571428571427,42,23.11904761904762,29,2,newsbotbot
newsbotbot,2026-03-04,0.2628066666666667,0.15555555555555556,45,34.08888888888889,25,3,newsbotbot
newsbotbot,2026-03-05,0.208708,0.1,50,25.96,26,4,newsbotbot
newsbotbot,2026-03-06,0.2517021739130435,0.1956521739130435,46,28.67391304347826,25,5,newsbotbot
newsbotbot,2026-03-07,0.1845061224489796,0.10204081632653061,49,20.387755102040817,32,6,newsbotbot
newsbotbot,2026-03-08,0.12896333333333335,0.0,30,30.2,23,7,newsbotbot
newsbotbot,2026-03-09,0.3550657894736842,0.2894736842105263,38,26.31578947368421,31,8,newsbotbot
newsbotbot,2026-03-10,0.1605864864864865,0.05405405405405406,37,30.783783783783782,23,9,newsbotbot
newsbotbot,2026-03-11,0.2535631578947369,0.18421052631578946,38,25.57894736842105,26,10,newsbotbot
newsbotbot,2026-03-12,0.3409586956521739,0.2826086956521739,46,25.869565217391305,36,11,newsbotbot
newsbotbot,2026-03-13,0.2800439024390244,0.14634146341463414,41,26.5609756097561,28,12,newsbotbot
newsbotbot,2026-03-14,0.3156222222222222,0.2222222222222222,45,25.955555555555556,29,13,newsbotbot
newsbotbot,2026-03-15,0.19682285714285713,0.11428571428571428,35,30.314285714285713,26,14,newsbotbot
newsbotbot,2026-03-16,0.21968235294117647,0.11764705882352941,34,27.235294117647058,25,15,newsbotbot
newsbotbot,2026-03-17,0.12965789473684208,0.02631578947368421,38,24.13157894736842,25,16,newsbotbot
newsbotbot,2026-03-18,0.114875,0.03125,32,29.21875,22,17,newsbotbot
newsbotbot,2026-03-19,0.27447391304347823,0.17391304347826086,46,27.108695652173914,26,18,newsbotbot
newsbotbot,2026-03-20,0.17856842105263157,0.07894736842105263,38,27.289473684210527,28,19,newsbotbot
newsbotbot,2026-03-21,0.14249302325581395,0.046511627906976744,43,26.88372093023256,28,20,newsbotbot
newsbotbot,2026-03-22,0.19808,0.11428571428571428,35,24.571428571428573,26,21,newsbotbot
newsbotbot,2026-03-23,0.2505822222222222,0.08888888888888889,45,25.444444444444443,30,22,newsbotbot
newsbotbot,2026-03-24,0.36655333333333334,0.3,30,29.933333333333334,22,23,newsbotbot
newsbotbot,2026-03-25,0.23753170731707315,0.12195121951219512,41,26.75609756097561,24,24,newsbotbot
newsbotbot,2026-03-26,0.12354516129032257,0.03225806451612903,31,22.870967741935484,25,25,newsbotbot
newsbotbot,2026-03-27,0.2061,0.06896551724137931,29,25.310344827586206,23,26,newsbotbot
newsbotbot,2026-03-28,0.3009027027027027,0.1891891891891892,37,23.513513513513512,22,27,newsbotbot
newsbotbot,2026-03-29,0.25708200000000003,0.2,50,25.32,29,28,newsbotbot
newsbotbot,2026-03-30,0.2705911111111111,0.15555555555555556,45,28.133333333333333,27,29,newsbotbot
newsbotbot,2026-03-31,0.2898204545454546,0.18181818181818182,44,23.363636363636363,30,30,newsbotbot
newsbotbot,2026-04-01,0.22983846153846152,0.15384615384615385,39,26.076923076923077,28,31,newsbotbot
newsbotbot,2026-04-02,0.27583250000000004,0.175,40,25.975,23,32,newsbotbot
newsbotbot,2026-04-03,0.2564340909090909,0.20454545454545456,44,27.681818181818183,28,33,newsbotbot
newsbotbot,2026-04-04,0.19615925925925928,0.1111111111111111,27,24.333333333333332,19,34,newsbotbot
newsbotbot,2026-04-05,0.16879,0.1,40,23.675,29,35,newsbotbot
newsbotbot,2026-04-06,0.22550487804878047,0.1951219512195122,41,27.902439024390244,26,36,newsbotbot
newsbotbot,2026-04-07,0.21719,0.1,40,29.55,27,37,newsbotbot
newsbotbot,2026-04-08,0.2683351351351351,0.1891891891891892,37,26.62162162162162,24,38,newsbotbot
newsbotbot,2026-04-09,0.18937692307692308,0.10256410256410256,39,26.256410256410255,28,39,newsbotbot
newsbotbot,2026-04-10,0.08713611111111111,0.0,36,28.97222222222222,22,40,newsbotbot
newsbotbot,2026-04-11,0.19542558139534882,0.06976744186046512,43,29.093023255813954,27,41,newsbotbot
newsbotbot,2026-04-12,0.21532888888888888,0.13333333333333333,45,27.2,27,42,newsbotbot
newsbotbot,2026-04-13,0.2831186046511628,0.18604651162790697,43,27.511627906976745,28,43,newsbotbot
newsbotbot,2026-04-14,0.15043333333333334,0.07142857142857142,42,20.69047619047619,25,44,newsbotbot
newsbotbot,2026-04-15,0.21146571428571428,0.14285714285714285,35,28.0,27,45,newsbotbot
newsbotbot,2026-04-16,0.14384358974358974,0.07692307692307693,39,24.794871794871796,30,46,newsbotbot
newsbotbot,2026-04-17,0.18830212765957446,0.10638297872340426,47,26.70212765957447,29,47,newsbotbot
newsbotbot,2026-04-18,0.11602222222222222,0.027777777777777776,36,27.055555555555557,25,48,newsbotbot
newsbotbot,2026-04-19,0.23857631578947366,0.18421052631578946,38,34.63157894736842,28,49,newsbotbot
newsbotbot,2026-04-20,0.3481117647058824,0.23529411764705882,34,32.529411764705884,25,50,newsbotbot
newsbotbot,2026-04-21,0.13183829787234042,0.0425531914893617,47,25.574468085106382,29,51,newsbotbot
newsbotbot,2026-04-22,0.1461222222222222,0.044444444444444446,45,31.0,31,52,newsbotbot
newsbotbot,2026-04-23,0.29672195121951217,0.1951219512195122,41,31.390243902439025,28,53,newsbotbot
newsbotbot,2026-04-24,0.12071333333333334,0.022222222222222223,45,30.866666666666667,26,54,newsbotbot
newsbotbot,2026-04-25,0.24369999999999997,0.12903225806451613,31,24.129032258064516,24,55,newsbotbot
newsbotbot,2026-04-26,0.1487829268292683,0.04878048780487805,41,19.829268292682926,29,56,newsbotbot
newsbotbot,2026-04-27,0.2860161290322581,0.16129032258064516,31,29.29032258064516,19,57,newsbotbot
newsbotbot,2026-04-28,0.2239179487179487,0.15384615384615385,39,27.28205128205128,30,58,newsbotbot
newsbotbot,2026-04-29,0.17691764705882354,0.08823529411764706,34,24.676470588235293,24,59,newsbotbot
newsbotbot,2026-04-30,0.2752,0.15789473684210525,38,25.842105263157894,25,60,newsbotbot
newsbotbot,2026-05-01,0.3892333333333333,0.30952380952380953,42,26.142857142857142,26,61,newsbotbot
newsbotbot,2026-05-02,0.24955952380952381,0.14285714285714285,42,28.0,28,62,newsbotbot
newsbotbot,2026-05-03,0.27105510204081634,0.1836734693877551,49,30.06122448979592,26,63,newsbotbot
newsbotbot,2026-05-04,0.37887499999999996,0.2857142857142857,28,33.964285714285715,21,64,newsbotbot
newsbotbot,2026-05-05,0.20846304347826086,0.10869565217391304,46,27.17391304347826,28,65,newsbotbot
newsbotbot,2026-05-06,0.295684375,0.21875,32,27.125,21,66,newsbotbot
newsbotbot,2026-05-07,0.143375,0.05555555555555555,36,28.166666666666668,29,67,newsbotbot
newsbotbot,2026-05-08,0.174006,0.1,50,31.04,26,68,newsbotbot
newsbotbot,2026-05-09,0.24330500000000002,0.175,40,28.45,27,69,newsbotbot
newsbotbot,2026-05-10,0.26820714285714287,0.19047619047619047,42,26.88095238095238,31,70,newsbotbot
newsbotbot,2026-05-11,0.2721404761904762,0.21428571428571427,42,25.5,29,71,newsbotbot
newsbotbot,2026-05-12,0.2605205128205128,0.1794871794871795,39,27.76923076923077,24,72,newsbotbot
newsbotbot,2026-05-13,0.2572657894736842,0.10526315789473684,38,28.92105263157895,22,73,newsbotbot
newsbotbot,2026-05-14,0.12751470588235292,0.029411764705882353,34,31.705882352941178,25,74,newsbotbot
newsbotbot,2026-05-15,0.21272926829268293,0.14634146341463414,41,27.365853658536587,25,75,newsbotbot
newsbotbot,2026-05-16,0.29705925925925925,0.18518518518518517,27,25.296296296296298,22,76,newsbotbot
newsbotbot,2026-05-17,0.2618378378378379,0.16216216216216217,37,27.54054054054054,23,77,newsbotbot
newsbotbot,2026-05-18,0.09163333333333333,0.0,45,26.68888888888889,22,78,newsbotbot
newsbotbot,2026-05-19,0.21240425531914894,0.1276595744680851,47,27.382978723404257,27,79,newsbotbot
newsbotbot,2026-05-20,0.20554285714285714,0.09523809523809523,42,24.761904761904763,28,80,newsbotbot
newsbotbot,2026-05-21,0.18429756097560976,0.07317073170731707,41,27.097560975609756,27,81,newsbotbot
newsbotbot,2026-05-22,0.16351860465116277,0.023255813953488372,43,29.41860465116279,30,82,newsbotbot
newsbotbot,2026-05-23,0.38163953488372093,0.27906976744186046,43,26.74418604651163,28,83,newsbotbot
newsbotbot,2026-05-24,0.21362051282051284,0.15384615384615385,39,25.641025641025642,27,84,newsbotbot
newsbotbot,2026-05-25,0.23505806451612904,0.12903225806451613,31,28.193548387096776,22,85,newsbotbot
newsbotbot,2026-05-26,0.19196153846153846,0.10256410256410256,39,25.53846153846154,28,86,newsbotbot
newsbotbot,2026-05-27,0.2648170731707317,0.17073170731707318,41,27.24390243902439,28,87,newsbotbot
newsbotbot,2026-05-28,0.19408301886792453,0.09433962264150944,53,24.056603773584907,31,88,newsbotbot
newsbotbot,2026-05-29,0.22342391304347825,0.17391304347826086,46,25.782608695652176,32,89,newsbotbot
newsbotbot,2026-05-30,0.2616279069767442,0.18604651162790697,43,29.627906976744185,26,90,newsbotbot
newsbotbot,2026-05-31,0.2565216216216216,0.16216216216216217,37,30.54054054054054,22,91,newsbotbot
newsbotbot,2026-06-01,0.14596129032258065,0.06451612903225806,31,28.64516129032258,24,92,newsbotbot
newsbotbot,2026-06-02,0.20075833333333332,0.08333333333333333,36,29.583333333333332,26,93,newsbotbot
newsbotbot,2026-06-03,0.2377267857142857,0.16071428571428573,56,30.25,33,94,newsbotbot
newsbotbot,2026-06-04,0.19405555555555554,0.07407407407407407,54,27.333333333333332,35,95,newsbotbot
newsbotbot,2026-06-05,0.31535641025641026,0.20512820512820512,39,30.974358974358974,26,96,newsbotbot
newsbotbot,2026-06-06,0.18658214285714284,0.07142857142857142,28,22.714285714285715,24,97,newsbotbot
newsbotbot,2026-06-07,0.24793939393939396,0.12121212121212122,33,22.606060606060606,23,98,newsbotbot
newsbotbot,2026-06-08,0.1809285714285714,0.10204081632653061,49,25.959183673469386,30,99,newsbotbot
newsbotbot,2026-06-09,0.23643809523809525,0.14285714285714285,42,29.428571428571427,29,100,newsbotbot
newsbotbot,2026-06-10,0.268175,0.175,40,23.1,23,101,newsbotbot
newsbotbot,2026-06-11,0.16437142857142858,0.11428571428571428,35,29.885714285714286,27,102,newsbotbot
newsbotbot,2026-06-12,0.33085,0.2857142857142857,28,24.357142857142858,21,103,newsbotbot
newsbotbot,2026-06-13,0.276884375,0.21875,32,25.5625,25,104,newsbotbot
newsbotbot,2026-06-14,0.3196837837837838,0.24324324324324326,37,26.54054054054054,26,105,newsbotbot
newsbotbot,2026-06-15,0.1839323529411765,0.11764705882352941,34,26.58823529411765,18,106,newsbotbot
newsbotbot,2026-06-16,0.3620173913043478,0.2826086956521739,46,27.304347826086957,28,107,newsbotbot
newsbotbot,2026-06-17,0.2851344827586207,0.20689655172413793,29,23.82758620689655,22,108,newsbotbot
newsbotbot,2026-06-18,0.203559375,0.125,32,26.03125,24,109,newsbotbot
newsbotbot,2026-06-19,0.12317619047619048,0.047619047619047616,42,29.071428571428573,31,110,newsbotbot
newsbotbot,2026-06-20,0.2321951219512195,0.1951219512195122,41,24.634146341463413,26,111,newsbotbot
newsbotbot,2026-06-21,0.2577388888888889,0.16666666666666666,36,29.88888888888889,24,112,newsbotbot
newsbotbot,2026-06-22,0.22893478260869565,0.15217391304347827,46,26.195652173913043,29,113,newsbotbot
newsbotbot,2026-06-23,0.25033714285714287,0.08571428571428572,35,25.714285714285715,25,114,newsbotbot
newsbotbot,2026-06-24,0.24540740740740738,0.18518518518518517,27,26.74074074074074,21,115,newsbotbot
newsbotbot,2026-06-25,0.1718,0.07692307692307693,26,22.53846153846154,19,116,newsbotbot
newsbotbot,2026-06-26,0.21429189189189188,0.10810810810810811,37,32.027027027027025,22,117,newsbotbot
newsbotbot,2026-06-27,0.232353488372093,0.13953488372093023,43,30.72093023255814,28,118,newsbotbot
newsbotbot,2026-06-28,0.2581891891891892,0.1891891891891892,37,28.405405405405407,26,119,newsbotbot
nottheonion,2026-03-01,0.6137709677419355,0.6129032258064516,31,34.58064516129032,26,0,nottheonion
nottheonion,2026-03-02,0.5648526315789474,0.5789473684210527,19,25.894736842105264,18,1,nottheonion
nottheonion,2026-03-03,0.6036647058823529,0.6470588235294118,17,25.0,16,2,nottheonion
nottheonion,2026-03-04,0.6545823529411765,0.6470588235294118,17,26.470588235294116,16,3,nottheonion
nottheonion,2026-03-05,0.5772466666666667,0.5333333333333333,30,23.6,21,4,nottheonion
nottheonion,2026-03-06,0.7843157894736842,0.7894736842105263,19,25.63157894736842,17,5,nottheonion
nottheonion,2026-03-07,0.712957142857143,0.6428571428571429,14,18.928571428571427,14,6,nottheonion
nottheonion,2026-03-08,0.7364545454545456,0.7272727272727273,22,29.545454545454547,19,7,nottheonion
nottheonion,2026-03-09,0.7066166666666667,0.75,24,29.125,21,8,nottheonion
nottheonion,2026-03-10,0.41819999999999996,0.38095238095238093,21,31.476190476190474,19,9,nottheonion
nottheonion,2026-03-11,0.6735791666666667,0.7083333333333334,24,22.333333333333332,22,10,nottheonion
nottheonion,2026-03-12,0.6262565217391305,0.6086956521739131,23,23.52173913043478,22,11,nottheonion
nottheonion,2026-03-13,0.46207647058823526,0.47058823529411764,17,26.11764705882353,15,12,nottheonion
nottheonion,2026-03-14,0.6356499999999999,0.6111111111111112,18,31.944444444444443,16,13,nottheonion
nottheonion,2026-03-15,0.7015277777777778,0.7222222222222222,18,27.38888888888889,16,14,nottheonion
nottheonion,2026-03-16,0.5849777777777778,0.6111111111111112,18,25.055555555555557,17,15,nottheonion
nottheonion,2026-03-17,0.5824391304347827,0.5217391304347826,23,29.130434782608695,20,16,nottheonion
nottheonion,2026-03-18,0.814557894736842,0.8421052631578947,19,27.526315789473685,19,17,nottheonion
nottheonion,2026-03-19,0.5823185185185186,0.5925925925925926,27,21.296296296296298,25,18,nottheonion
nottheonion,2026-03-20,0.5933833333333333,0.5833333333333334,24,27.416666666666668,21,19,nottheonion
nottheonion,2026-03-21,0.5861363636363636,0.5454545454545454,22,36.04545454545455,22,20,nottheonion
nottheonion,2026-03-22,0.6287684210526315,0.631578947368421,19,21.842105263157894,18,21,nottheonion
nottheonion,2026-03-23,0.7151500000000001,0.6538461538461539,26,16.846153846153847,23,22,nottheonion
nottheonion,2026-03-24,0.753725,0.75,20,34.3,19,23,nottheonion
nottheonion,2026-03-25,0.6917724137931034,0.7241379310344828,29,27.93103448275862,27,24,nottheonion
nottheonion,2026-03-26,0.47477619047619046,0.42857142857142855,21,31.714285714285715,20,25,nottheonion
nottheonion,2026-03-27,0.591288,0.56,25,27.8,24,26,nottheonion
nottheonion,2026-03-28,0.8582,0.9259259259259259,27,27.85185185185185,27,27,nottheonion
nottheonion,2026-03-29,0.6581148148148149,0.6666666666666666,27,29.962962962962962,25,28,nottheonion
nottheonion,2026-03-30,0.7592038461538462,0.7692307692307693,26,34.73076923076923,23,29,nottheonion
nottheonion,2026-03-31,0.5374176470588236,0.47058823529411764,17,31.941176470588236,16,30,nottheonion
nottheonion,2026-04-01,0.6464913043478261,0.6956521739130435,23,28.347826086956523,20,31,nottheonion
nottheonion,2026-04-02,0.70484,0.75,20,24.6,19,32,nottheonion
nottheonion,2026-04-03,0.5864863636363636,0.5909090909090909,22,18.454545454545453,20,33,nottheonion
nottheonion,2026-04-04,0.6541192307692308,0.6538461538461539,26,30.73076923076923,24,34,nottheonion
nottheonion,2026-04-05,0.8183823529411764,0.8823529411764706,17,28.705882352941178,16,35,nottheonion
nottheonion,2026-04-06,0.7333458333333334,0.75,24,34.0,22,36,nottheonion
nottheonion,2026-04-07,0.7001611111111111,0.7222222222222222,18,27.055555555555557,17,37,nottheonion
nottheonion,2026-04-08,0.6555310344827586,0.6551724137931034,29,27.586206896551722,26,38,nottheonion
nottheonion,2026-04-09,0.6679782608695652,0.6956521739130435,23,28.652173913043477,21,39,nottheonion
nottheonion,2026-04-10,0.5613,0.5238095238095238,21,25.952380952380953,21,40,nottheonion
nottheonion,2026-04-11,0.59826875,0.5625,16,29.75,16,41,nottheonion
nottheonion,2026-04-12,0.7946391304347827,0.8260869565217391,23,32.91304347826087,21,42,nottheonion
nottheonion,2026-04-13,0.7746111111111111,0.8333333333333334,18,25.5,17,43,nottheonion
nottheonion,2026-04-14,0.7396263157894737,0.7368421052631579,19,25.210526315789473,17,44,nottheonion
nottheonion,2026-04-15,0.6748941176470589,0.7058823529411765,17,25.823529411764707,17,45,nottheonion
nottheonion,2026-04-16,0.52435,0.5,18,21.61111111111111,16,46,nottheonion
nottheonion,2026-04-17,0.6674,0.6190476190476191,21,25.142857142857142,18,47,nottheonion
nottheonion,2026-04-18,0.6484399999999999,0.64,25,32.0,24,48,nottheonion
nottheonion,2026-04-19,0.615425,0.625,24,29.541666666666668,20,49,nottheonion
nottheonion,2026-04-20,0.6267,0.6666666666666666,18,25.333333333333332,16,50,nottheonion
nottheonion,2026-04-21,0.742264705882353,0.7647058823529411,17,33.23529411764706,15,51,nottheonion
nottheonion,2026-04-22,0.5825928571428571,0.5357142857142857,28,24.714285714285715,25,52,nottheonion
nottheonion,2026-04-23,0.7429476190476191,0.7619047619047619,21,26.571428571428573,20,53,nottheonion
nottheonion,2026-04-24,0.5810941176470589,0.5882352941176471,17,19.352941176470587,16,54,nottheonion
nottheonion,2026-04-25,0.48470500000000005,0.45,20,35.1,18,55,nottheonion
nottheonion,2026-04-26,0.7557086956521739,0.7391304347826086,23,23.391304347826086,20,56,nottheonion
nottheonion,2026-04-27,0.77424375,0.8125,16,23.0625,16,57,nottheonion
nottheonion,2026-04-28,0.6431703703703704,0.6296296296296297,27,18.77777777777778,25,58,nottheonion
nottheonion,2026-04-29,0.6507413793103448,0.7241379310344828,29,22.06896551724138,29,59,nottheonion
nottheonion,2026-04-30,0.6588,0.7058823529411765,17,26.941176470588236,17,60,nottheonion
nottheonion,2026-05-01,0.53516875,0.5,16,24.5625,13,61,nottheonion
nottheonion,2026-05-02,0.6565954545454545,0.6818181818181818,22,24.318181818181817,20,62,nottheonion
nottheonion,2026-05-03,0.6510866666666666,0.6333333333333333,30,19.966666666666665,28,63,nottheonion
nottheonion,2026-05-04,0.7533222222222222,0.7777777777777778,18,27.833333333333332,14,64,nottheonion
nottheonion,2026-05-05,0.6287185185185186,0.5925925925925926,27,24.11111111111111,26,65,nottheonion
nottheonion,2026-05-06,0.6971764705882353,0.7058823529411765,17,30.058823529411764,17,66,nottheonion
nottheonion,2026-05-07,0.5891705882352941,0.6470588235294118,17,19.294117647058822,15,67,nottheonion
nottheonion,2026-05-08,0.6601809523809523,0.6666666666666666,21,20.38095238095238,21,68,nottheonion
nottheonion,2026-05-09,0.49655714285714286,0.42857142857142855,21,26.38095238095238,21,69,nottheonion
nottheonion,2026-05-10,0.7269424242424243,0.7575757575757576,33,26.87878787878788,28,70,nottheonion
nottheonion,2026-05-11,0.613778947368421,0.631578947368421,19,30.0,19,71,nottheonion
nottheonion,2026-05-12,0.7878958333333334,0.8333333333333334,24,26.0,23,72,nottheonion
nottheonion,2026-05-13,0.512136,0.52,25,23.8,24,73,nottheonion
nottheonion,2026-05-14,0.6136333333333334,0.6190476190476191,21,25.0,18,74,nottheonion
nottheonion,2026-05-15,0.68671875,0.6875,16,31.0625,16,75,nottheonion
nottheonion,2026-05-16,0.631232,0.64,25,25.84,24,76,nottheonion
nottheonion,2026-05-17,0.89205625,0.875,16,22.0625,16,77,nottheonion
nottheonion,2026-05-18,0.6726000000000001,0.6842105263157895,19,30.210526315789473,17,78,nottheonion
nottheonion,2026-05-19,0.6764210526315789,0.6842105263157895,19,33.1578947368421,18,79,nottheonion
nottheonion,2026-05-20,0.770121052631579,0.7894736842105263,19,28.894736842105264,18,80,nottheonion
nottheonion,2026-05-21,0.7583666666666667,0.75,24,24.125,20,81,nottheonion
nottheonion,2026-05-22,0.6645045454545454,0.6818181818181818,22,23.863636363636363,22,82,nottheonion
nottheonion,2026-05-23,0.5648764705882353,0.5294117647058824,17,25.823529411764707,17,83,nottheonion
nottheonion,2026-05-24,0.6887,0.65,20,27.1,19,84,nottheonion
nottheonion,2026-05-25,0.6145423076923077,0.5769230769230769,26,23.384615384615383,24,85,nottheonion
nottheonion,2026-05-26,0.627504347826087,0.6086956521739131,23,27.08695652173913,23,86,nottheonion
nottheonion,2026-05-27,0.7621363636363636,0.8181818181818182,11,28.363636363636363,11,87,nottheonion
nottheonion,2026-05-28,0.6971052631578948,0.6842105263157895,19,24.42105263157895,16,88,nottheonion
nottheonion,2026-05-29,0.5951933333333332,0.6,15,24.466666666666665,15,89,nottheonion
nottheonion,2026-05-30,0.6592722222222223,0.6666666666666666,18,30.11111111111111,17,90,nottheonion
nottheonion,2026-05-31,0.6073736842105264,0.631578947368421,19,23.42105263157895,17,91,nottheonion
nottheonion,2026-06-01,0.7557875000000001,0.8125,16,34.5625,15,92,nottheonion
nottheonion,2026-06-02,0.4937210526315789,0.5789473684210527,19,29.210526315789473,16,93,nottheonion
nottheonion,2026-06-03,0.7539571428571429,0.8095238095238095,21,23.38095238095238,19,94,nottheonion
nottheonion,2026-06-04,0.5830518518518518,0.5555555555555556,27,23.925925925925927,26,95,nottheonion
nottheonion,2026-06-05,0.7690055555555556,0.7777777777777778,18,24.5,18,96,nottheonion
nottheonion,2026-06-06,0.8387499999999999,0.85,20,31.4,18,97,nottheonion
nottheonion,2026-06-07,0.7820437499999999,0.8125,16,30.6875,16,98,nottheonion
nottheonion,2026-06-08,0.796615,0.8,20,28.4,17,99,nottheonion
nottheonion,2026-06-09,0.829304347826087,0.8695652173913043,23,28.608695652173914,22,100,nottheonion
nottheonion,2026-06-10,0.9014411764705883,0.9411764705882353,17,32.0,17,101,nottheonion
nottheonion,2026-06-11,0.6322599999999999,0.7,20,30.2,18,102,nottheonion
nottheonion,2026-06-12,0.9546526315789474,1.0,19,33.10526315789474,18,103,nottheonion
nottheonion,2026-06-13,0.78071875,0.8125,16,41.0,15,104,nottheonion
nottheonion,2026-06-14,0.7281823529411764,0.7647058823529411,17,28.88235294117647,17,105,nottheonion
nottheonion,2026-06-15,0.8812,0.875,16,31.625,16,106,nottheonion
nottheonion,2026-06-16,0.9669549999999999,1.0,20,27.45,20,107,nottheonion
nottheonion,2026-06-17,0.61190625,0.625,16,30.125,15,108,nottheonion
nottheonion,2026-06-18,0.7187289473684211,0.7368421052631579,38,33.28947368421053,32,109,nottheonion
nottheonion,2026-06-19,0.9155611111111112,0.9444444444444444,18,21.88888888888889,17,110,nottheonion
nottheonion,2026-06-20,0.77657,0.8,30,26.933333333333334,30,111,nottheonion
nottheonion,2026-06-21,0.8533083333333334,0.875,24,26.541666666666668,22,112,nottheonion
nottheonion,2026-06-22,0.9029714285714286,0.9285714285714286,14,25.428571428571427,14,113,nottheonion
nottheonion,2026-06-23,0.7742736842105263,0.7894736842105263,19,21.842105263157894,18,114,nottheonion
nottheonion,2026-06-24,0.7924142857142857,0.7857142857142857,14,20.714285714285715,14,115,nottheonion
nottheonion,2026-06-25,0.7762941176470588,0.8235294117647058,17,23.823529411764707,16,116,nottheonion
nottheonion,2026-06-26,0.7259,0.7391304347826086,23,24.608695652173914,23,117,nottheonion
nottheonion,2026-06-27,0.8330545454545455,0.9090909090909091,22,27.818181818181817,20,118,nottheonion
nottheonion,2026-06-28,0.9127133333333333,1.0,15,30.333333333333332,14,119,nottheonion
politics,2026-03-01,0.42980526315789475,0.3684210526315789,19,25.68421052631579,11,0,politics
politics,2026-03-02,0.3868809523809523,0.3333333333333333,21,23.523809523809526,14,1,politics
politics,2026-03-03,0.24964545454545456,0.13636363636363635,22,32.22727272727273,18,2,politics
politics,2026-03-04,0.434804,0.36,25,32.04,17,3,politics
politics,2026-03-05,0.40146363636363636,0.3181818181818182,22,26.954545454545453,19,4,politics
politics,2026-03-06,0.33333684210526315,0.2631578947368421,19,22.210526315789473,14,5,politics
politics,2026-03-07,0.4246095238095238,0.38095238095238093,21,28.571428571428573,17,6,politics
politics,2026-03-08,0.49661578947368423,0.47368421052631576,19,34.05263157894737,13,7,politics
politics,2026-03-09,0.40330666666666665,0.4,15,23.6,15,8,politics
politics,2026-03-10,0.498944,0.48,25,26.56,19,9,politics
politics,2026-03-11,0.4550181818181818,0.45454545454545453,22,31.318181818181817,16,10,politics
politics,2026-03-12,0.4970045454545455,0.36363636363636365,22,24.136363636363637,17,11,politics
politics,2026-03-13,0.5702947368421052,0.47368421052631576,19,18.63157894736842,13,12,politics
politics,2026-03-14,0.39890000000000003,0.36,25,26.4,17,13,politics
politics,2026-03-15,0.47144583333333334,0.4583333333333333,24,29.625,16,14,politics
politics,2026-03-16,0.43195,0.375,16,22.0625,13,15,politics
politics,2026-03-17,0.45088695652173916,0.43478260869565216,23,28.608695652173914,13,16,politics
politics,2026-03-18,0.42516818181818183,0.36363636363636365,22,32.5,20,17,politics
politics,2026-03-19,0.45734583333333334,0.5,24,21.958333333333332,16,18,politics
politics,2026-03-20,0.1720909090909091,0.09090909090909091,11,27.545454545454547,11,19,politics
politics,2026-03-21,0.436632,0.36,25,21.88,19,20,politics
politics,2026-03-22,0.5965111111111111,0.6111111111111112,18,29.88888888888889,14,21,politics
politics,2026-03-23,0.3119588235294118,0.29411764705882354,17,29.41176470588235,13,22,politics
politics,2026-03-24,0.4596608695652174,0.391304347826087,23,25.695652173913043,15,23,politics
politics,2026-03-25,0.31035,0.22727272727272727,22,25.0,20,24,politics
politics,2026-03-26,0.3538578947368421,0.2631578947368421,19,28.210526315789473,16,25,politics
politics,2026-03-27,0.2647833333333333,0.16666666666666666,24,27.041666666666668,19,26,politics
politics,2026-03-28,0.5314888888888889,0.5,18,24.22222222222222,15,27,politics
politics,2026-03-29,0.2211090909090909,0.18181818181818182,11,27.90909090909091,10,28,politics
politics,2026-03-30,0.47328000000000003,0.44,25,23.56,16,29,politics
politics,2026-03-31,0.45091363636363635,0.36363636363636365,22,23.772727272727273,16,30,politics
politics,2026-04-01,0.49501764705882356,0.47058823529411764,17,27.941176470588236,13,31,politics
politics,2026-04-02,0.16472499999999998,0.05,20,31.15,18,32,politics
politics,2026-04-03,0.4445709677419355,0.3870967741935484,31,29.06451612903226,21,33,politics
politics,2026-04-04,0.4141045454545455,0.4090909090909091,22,27.272727272727273,16,34,politics
politics,2026-04-05,0.4825095238095238,0.42857142857142855,21,27.047619047619047,18,35,politics
politics,2026-04-06,0.5162541666666667,0.5,24,19.208333333333332,15,36,politics
politics,2026-04-07,0.38121818181818184,0.3181818181818182,22,20.59090909090909,16,37,politics
politics,2026-04-08,0.3341529411764706,0.29411764705882354,17,33.588235294117645,12,38,politics
politics,2026-04-09,0.342272,0.32,25,25.0,19,39,politics
politics,2026-04-10,0.4128090909090909,0.36363636363636365,22,25.727272727272727,17,40,politics
politics,2026-04-11,0.34775217391304347,0.2608695652173913,23,17.565217391304348,19,41,politics
politics,2026-04-12,0.32679600000000003,0.24,25,24.48,23,42,politics
politics,2026-04-13,0.3603958333333333,0.2916666666666667,24,24.291666666666668,18,43,politics
politics,2026-04-14,0.426265,0.4,20,26.65,16,44,politics
politics,2026-04-15,0.5201333333333333,0.5,12,29.0,9,45,politics
politics,2026-04-16,0.41356000000000004,0.4,25,21.84,17,46,politics
politics,2026-04-17,0.4911526315789474,0.5263157894736842,19,28.210526315789473,15,47,politics
politics,2026-04-18,0.4635916666666667,0.4583333333333333,24,27.541666666666668,18,48,politics
politics,2026-04-19,0.48950000000000005,0.42857142857142855,21,24.428571428571427,13,49,politics
politics,2026-04-20,0.398064,0.36,25,29.76,15,50,politics
politics,2026-04-21,0.3896363636363636,0.36363636363636365,22,30.045454545454547,17,51,politics
politics,2026-04-22,0.3041631578947368,0.2631578947368421,19,25.105263157894736,14,52,politics
politics,2026-04-23,0.41364999999999996,0.4,20,26.8,15,53,politics
politics,2026-04-24,0.39733124999999997,0.3125,16,22.8125,15,54,politics
politics,2026-04-25,0.34001851851851855,0.2962962962962963,27,22.62962962962963,19,55,politics
politics,2026-04-26,0.3095894736842105,0.21052631578947367,19,27.789473684210527,16,56,politics
politics,2026-04-27,0.3534478260869566,0.34782608695652173,23,22.73913043478261,18,57,politics
politics,2026-04-28,0.3612708333333334,0.3333333333333333,24,26.416666666666668,15,58,politics
politics,2026-04-29,0.26895416666666666,0.20833333333333334,24,22.25,15,59,politics
politics,2026-04-30,0.4286608695652174,0.391304347826087,23,32.869565217391305,18,60,politics
politics,2026-05-01,0.5206,0.43478260869565216,23,21.304347826086957,19,61,politics
politics,2026-05-02,0.3007666666666667,0.2,30,28.633333333333333,19,62,politics
politics,2026-05-03,0.2961625,0.25,16,27.0625,14,63,politics
politics,2026-05-04,0.3833047619047619,0.38095238095238093,21,29.19047619047619,20,64,politics
politics,2026-05-05,0.38604444444444447,0.2777777777777778,18,31.333333333333332,14,65,politics
politics,2026-05-06,0.34946875,0.25,16,31.5,13,66,politics
politics,2026-05-07,0.44351666666666667,0.3888888888888889,18,22.38888888888889,15,67,politics
politics,2026-05-08,0.32757777777777775,0.2777777777777778,18,20.833333333333332,16,68,politics
politics,2026-05-09,0.3308736842105263,0.2631578947368421,19,32.8421052631579,16,69,politics
politics,2026-05-10,0.33559,0.25,20,28.45,18,70,politics
politics,2026-05-11,0.5621526315789473,0.5263157894736842,19,22.789473684210527,13,71,politics
politics,2026-05-12,0.33691875,0.25,16,22.875,13,72,politics
politics,2026-05-13,0.4250294117647059,0.35294117647058826,17,22.0,15,73,politics
politics,2026-05-14,0.24034347826086955,0.13043478260869565,23,25.565217391304348,18,74,politics
politics,2026-05-15,0.3550352941176471,0.29411764705882354,17,30.470588235294116,14,75,politics
politics,2026-05-16,0.6233000000000001,0.5789473684210527,19,20.94736842105263,17,76,politics
politics,2026-05-17,0.25215,0.1875,16,22.3125,14,77,politics
politics,2026-05-18,0.4494535714285714,0.39285714285714285,28,23.75,21,78,politics
politics,2026-05-19,0.5395045454545454,0.5454545454545454,22,27.0,18,79,politics
politics,2026-05-20,0.33260416666666665,0.2916666666666667,24,29.833333333333332,18,80,politics
politics,2026-05-21,0.337678947368421,0.3157894736842105,19,23.157894736842106,15,81,politics
politics,2026-05-22,0.269895,0.25,20,21.6,14,82,politics
politics,2026-05-23,0.3266259259259259,0.25925925925925924,27,27.14814814814815,16,83,politics
politics,2026-05-24,0.49643000000000004,0.4666666666666667,30,29.366666666666667,21,84,politics
politics,2026-05-25,0.39450416666666666,0.3333333333333333,24,29.708333333333332,15,85,politics
politics,2026-05-26,0.5157689655172414,0.4827586206896552,29,32.172413793103445,19,86,politics
politics,2026-05-27,0.2742695652173913,0.17391304347826086,23,24.08695652173913,17,87,politics
politics,2026-05-28,0.42545,0.375,16,22.0625,13,88,politics
politics,2026-05-29,0.4696318181818182,0.45454545454545453,22,34.22727272727273,17,89,politics
politics,2026-05-30,0.4648259259259259,0.4444444444444444,27,23.77777777777778,21,90,politics
politics,2026-05-31,0.2652538461538462,0.23076923076923078,13,25.615384615384617,12,91,politics
politics,2026-06-01,0.42862,0.36,25,31.28,20,92,politics
politics,2026-06-02,0.23985652173913044,0.21739130434782608,23,28.217391304347824,19,93,politics
politics,2026-06-03,0.4294166666666666,0.3333333333333333,24,26.791666666666668,17,94,politics
politics,2026-06-04,0.43826923076923074,0.38461538461538464,26,27.76923076923077,20,95,politics
politics,2026-06-05,0.4392666666666667,0.38095238095238093,21,20.0,18,96,politics
politics,2026-06-06,0.18732400000000002,0.12,25,31.6,17,97,politics
politics,2026-06-07,0.4179086956521739,0.391304347826087,23,33.82608695652174,16,98,politics
politics,2026-06-08,0.5264,0.5416666666666666,24,29.75,19,99,politics
politics,2026-06-09,0.27837894736842106,0.21052631578947367,19,25.0,12,100,politics
politics,2026-06-10,0.48696666666666666,0.5238095238095238,21,25.38095238095238,17,101,politics
politics,2026-06-11,0.5422600000000001,0.4666666666666667,15,24.8,12,102,politics
politics,2026-06-12,0.38745,0.3333333333333333,18,27.38888888888889,14,103,politics
politics,2026-06-13,0.276825,0.1875,16,23.4375,11,104,politics
politics,2026-06-14,0.3249714285714286,0.2857142857142857,21,25.714285714285715,16,105,politics
politics,2026-06-15,0.359715,0.35,20,23.4,17,106,politics
politics,2026-06-16,0.46378571428571425,0.38095238095238093,21,24.904761904761905,15,107,politics
politics,2026-06-17,0.436,0.36,25,27.24,21,108,politics
politics,2026-06-18,0.25106842105263155,0.21052631578947367,19,31.05263157894737,17,109,politics
politics,2026-06-19,0.4434,0.4166666666666667,24,31.416666666666668,19,110,politics
politics,2026-06-20,0.43008,0.36,25,25.24,18,111,politics
politics,2026-06-21,0.46066666666666667,0.3888888888888889,18,34.888888888888886,15,112,politics
politics,2026-06-22,0.66181875,0.5625,16,27.125,11,113,politics
politics,2026-06-23,0.5057699999999999,0.4,20,26.4,16,114,politics
politics,2026-06-24,0.3965888888888889,0.3333333333333333,27,29.48148148148148,18,115,politics
politics,2026-06-25,0.47426666666666667,0.47619047619047616,21,24.428571428571427,16,116,politics
politics,2026-06-26,0.3213315789473684,0.2631578947368421,19,23.57894736842105,12,117,politics
politics,2026-06-27,0.5224,0.47619047619047616,21,26.0,16,118,politics
politics,2026-06-28,0.63354,0.65,20,30.15,14,119,politics
technology,2026-03-01,0.23269545454545454,0.09090909090909091,22,24.59090909090909,18,0,technology
technology,2026-03-02,0.21612857142857142,0.07142857142857142,14,10.928571428571429,14,1,technology
technology,2026-03-03,0.29035555555555553,0.2222222222222222,18,25.055555555555557,12,2,technology
technology,2026-03-04,0.10021,0.03333333333333333,30,23.733333333333334,30,3,technology
technology,2026-03-05,0.19518260869565218,0.043478260869565216,23,26.217391304347824,21,4,technology
technology,2026-03-06,0.12494782608695652,0.043478260869565216,23,21.217391304347824,22,5,technology
technology,2026-03-07,0.1978142857142857,0.047619047619047616,21,26.238095238095237,20,6,technology
technology,2026-03-08,0.10931249999999999,0.041666666666666664,24,21.75,19,7,technology
technology,2026-03-09,0.146759375,0.03125,32,25.21875,25,8,technology
technology,2026-03-10,0.12983461538461538,0.038461538461538464,26,28.692307692307693,22,9,technology
technology,2026-03-11,0.17699166666666666,0.041666666666666664,24,22.5,22,10,technology
technology,2026-03-12,0.12434782608695652,0.043478260869565216,23,26.434782608695652,20,11,technology
technology,2026-03-13,0.238365,0.1,20,19.1,20,12,technology
technology,2026-03-14,0.09103076923076923,0.038461538461538464,26,30.923076923076923,22,13,technology
technology,2026-03-15,0.060676190476190474,0.0,21,24.238095238095237,18,14,technology
technology,2026-03-16,0.06583750000000001,0.0,24,27.0,22,15,technology
technology,2026-03-17,0.18238000000000001,0.1,30,24.233333333333334,27,16,technology
technology,2026-03-18,0.27285925925925925,0.14814814814814814,27,21.48148148148148,25,17,technology
technology,2026-03-19,0.23179285714285713,0.07142857142857142,14,20.357142857142858,14,18,technology
technology,2026-03-20,0.1264611111111111,0.0,18,22.944444444444443,17,19,technology
technology,2026-03-21,0.17496666666666666,0.09523809523809523,21,24.952380952380953,20,20,technology
technology,2026-03-22,0.07775238095238095,0.0,21,20.142857142857142,18,21,technology
technology,2026-03-23,0.1778375,0.125,24,29.875,18,22,technology
technology,2026-03-24,0.1883,0.041666666666666664,24,22.041666666666668,18,23,technology
technology,2026-03-25,0.182585,0.05,20,32.7,17,24,technology
technology,2026-03-26,0.21129285714285714,0.10714285714285714,28,29.107142857142858,23,25,technology
technology,2026-03-27,0.12867777777777778,0.0,18,24.27777777777778,16,26,technology
technology,2026-03-28,0.13113684210526316,0.0,19,15.473684210526315,19,27,technology
technology,2026-03-29,0.11229,0.0,20,24.3,18,28,technology
technology,2026-03-30,0.20025263157894735,0.05263157894736842,19,21.894736842105264,17,29,technology
technology,2026-03-31,0.18127500000000002,0.07142857142857142,28,30.785714285714285,19,30,technology
technology,2026-04-01,0.08299999999999999,0.0,33,25.21212121212121,29,31,technology
technology,2026-04-02,0.13140000000000002,0.04,25,25.12,22,32,technology
technology,2026-04-03,0.14767222222222223,0.0,18,27.055555555555557,16,33,technology
technology,2026-04-04,0.13550588235294117,0.058823529411764705,17,26.235294117647058,13,34,technology
technology,2026-04-05,0.2006,0.10526315789473684,19,30.526315789473685,15,35,technology
technology,2026-04-06,0.3018074074074074,0.18518518518518517,27,22.333333333333332,24,36,technology
technology,2026-04-07,0.29163333333333336,0.16666666666666666,24,23.333333333333332,21,37,technology
technology,2026-04-08,0.234772,0.12,25,26.76,23,38,technology
technology,2026-04-09,0.2102090909090909,0.09090909090909091,11,23.09090909090909,9,39,technology
technology,2026-04-10,0.11411764705882353,0.0,17,36.8235294117647,15,40,technology
technology,2026-04-11,0.1262923076923077,0.038461538461538464,26,19.26923076923077,24,41,technology
technology,2026-04-12,0.125775,0.0,20,24.9,17,42,technology
technology,2026-04-13,0.12066363636363636,0.0,22,21.318181818181817,21,43,technology
technology,2026-04-14,0.17967777777777777,0.1111111111111111,18,22.5,16,44,technology
technology,2026-04-15,0.09553333333333335,0.0,21,26.904761904761905,19,45,technology
technology,2026-04-16,0.18672307692307694,0.15384615384615385,26,24.346153846153847,20,46,technology
technology,2026-04-17,0.062381818181818184,0.0,22,18.954545454545453,16,47,technology
technology,2026-04-18,0.32905238095238093,0.19047619047619047,21,30.333333333333332,19,48,technology
technology,2026-04-19,0.2003529411764706,0.08823529411764706,34,29.470588235294116,32,49,technology
technology,2026-04-20,0.122844,0.04,25,28.64,19,50,technology
technology,2026-04-21,0.10924814814814815,0.0,27,30.74074074074074,23,51,technology
technology,2026-04-22,0.172946875,0.03125,32,24.9375,25,52,technology
technology,2026-04-23,0.21066315789473686,0.10526315789473684,19,31.894736842105264,18,53,technology
technology,2026-04-24,0.12132499999999999,0.0,20,29.2,19,54,technology
technology,2026-04-25,0.08991111111111111,0.0,36,26.02777777777778,28,55,technology
technology,2026-04-26,0.11279230769230769,0.038461538461538464,26,29.884615384615383,25,56,technology
technology,2026-04-27,0.26745789473684206,0.21052631578947367,19,30.473684210526315,19,57,technology
technology,2026-04-28,0.13058181818181816,0.0,22,29.045454545454547,18,58,technology
technology,2026-04-29,0.13714545454545454,0.045454545454545456,22,22.545454545454547,21,59,technology
technology,2026-04-30,0.13809583333333333,0.0,24,23.375,21,60,technology
technology,2026-05-01,0.09598571428571427,0.0,21,26.761904761904763,17,61,technology
technology,2026-05-02,0.16898846153846153,0.0,26,31.923076923076923,23,62,technology
technology,2026-05-03,0.199564,0.12,25,27.68,22,63,technology
technology,2026-05-04,0.20447777777777779,0.1111111111111111,18,31.944444444444443,16,64,technology
technology,2026-05-05,0.16595882352941177,0.058823529411764705,17,23.823529411764707,14,65,technology
technology,2026-05-06,0.1955,0.12903225806451613,31,25.612903225806452,24,66,technology
technology,2026-05-07,0.0833,0.0,26,25.692307692307693,22,67,technology
technology,2026-05-08,0.19203076923076923,0.11538461538461539,26,30.26923076923077,24,68,technology
technology,2026-05-09,0.06848076923076923,0.0,26,29.576923076923077,26,69,technology
technology,2026-05-10,0.23237272727272726,0.18181818181818182,22,27.318181818181817,19,70,technology
technology,2026-05-11,0.227555,0.15,20,22.6,18,71,technology
technology,2026-05-12,0.181695,0.05,20,27.35,19,72,technology
technology,2026-05-13,0.195325,0.08333333333333333,24,26.583333333333332,21,73,technology
technology,2026-05-14,0.11634375000000001,0.0625,16,26.1875,16,74,technology
technology,2026-05-15,0.1809777777777778,0.037037037037037035,27,24.25925925925926,25,75,technology
technology,2026-05-16,0.11068076923076922,0.0,26,18.076923076923077,23,76,technology
technology,2026-05-17,0.1712842105263158,0.0,19,29.31578947368421,18,77,technology
technology,2026-05-18,0.17965652173913044,0.08695652173913043,23,26.869565217391305,22,78,technology
technology,2026-05-19,0.16603076923076923,0.038461538461538464,26,29.5,19,79,technology
technology,2026-05-20,0.24109999999999998,0.08,25,28.48,22,80,technology
technology,2026-05-21,0.17472941176470588,0.029411764705882353,34,21.705882352941178,28,81,technology
technology,2026-05-22,0.14190769230769232,0.0,26,30.346153846153847,23,82,technology
technology,2026-05-23,0.061646153846153844,0.0,26,25.26923076923077,21,83,technology
technology,2026-05-24,0.1741095238095238,0.047619047619047616,21,30.476190476190474,19,84,technology
technology,2026-05-25,0.2269764705882353,0.11764705882352941,17,27.11764705882353,16,85,technology
technology,2026-05-26,0.15504444444444446,0.037037037037037035,27,24.814814814814813,26,86,technology
technology,2026-05-27,0.198135,0.1,20,33.0,19,87,technology
technology,2026-05-28,0.07629375,0.0,16,26.5625,15,88,technology
technology,2026-05-29,0.08941176470588236,0.0,17,20.529411764705884,16,89,technology
technology,2026-05-30,0.16122916666666667,0.041666666666666664,24,24.875,19,90,technology
technology,2026-05-31,0.182216,0.08,25,24.04,23,91,technology
technology,2026-06-01,0.16655384615384616,0.038461538461538464,26,26.346153846153847,23,92,technology
technology,2026-06-02,0.26546,0.2,25,22.04,21,93,technology
technology,2026-06-03,0.12174705882352942,0.0,17,33.94117647058823,13,94,technology
technology,2026-06-04,0.08385294117647059,0.0,17,30.529411764705884,17,95,technology
technology,2026-06-05,0.051982608695652174,0.0,23,32.0,21,96,technology
technology,2026-06-06,0.20157916666666667,0.125,24,25.666666666666668,21,97,technology
technology,2026-06-07,0.18027083333333335,0.125,24,28.666666666666668,23,98,technology
technology,2026-06-08,0.054025000000000004,0.0,20,27.4,19,99,technology
technology,2026-06-09,0.14228260869565218,0.043478260869565216,23,28.695652173913043,20,100,technology
technology,2026-06-10,0.24213636363636362,0.09090909090909091,22,27.90909090909091,20,101,technology
technology,2026-06-11,0.12561304347826088,0.043478260869565216,23,29.73913043478261,21,102,technology
technology,2026-06-12,0.10797647058823528,0.0,17,22.941176470588236,14,103,technology
technology,2026-06-13,0.2089,0.15789473684210525,19,28.842105263157894,17,104,technology
technology,2026-06-14,0.2316541666666667,0.125,24,27.041666666666668,22,105,technology
technology,2026-06-15,0.16037894736842107,0.05263157894736842,19,26.57894736842105,18,106,technology
technology,2026-06-16,0.22934545454545455,0.09090909090909091,22,26.5,20,107,technology
technology,2026-06-17,0.19075,0.05555555555555555,36,27.97222222222222,29,108,technology
technology,2026-06-18,0.12007894736842105,0.05263157894736842,19,29.894736842105264,16,109,technology
technology,2026-06-19,0.13923333333333335,0.05555555555555555,18,31.11111111111111,16,110,technology
technology,2026-06-20,0.140108,0.0,25,27.28,21,111,technology
technology,2026-06-21,0.26895,0.2,20,20.45,17,112,technology
technology,2026-06-22,0.37462,0.3,20,21.45,18,113,technology
technology,2026-06-23,0.13963333333333333,0.0,24,27.583333333333332,19,114,technology
technology,2026-06-24,0.141472,0.0,25,30.76,22,115,technology
technology,2026-06-25,0.12610454545454547,0.0,22,27.318181818181817,15,116,technology
technology,2026-06-26,0.13084,0.03333333333333333,30,25.833333333333332,25,117,technology
technology,2026-06-27,0.1982590909090909,0.09090909090909091,22,27.863636363636363,20,118,technology
technology,2026-06-28,0.1713941176470588,0.058823529411764705,17,30.176470588235293,17,119,technology
ukpolitics,2026-03-01,0.3040265306122449,0.20408163265306123,49,28.918367346938776,36,0,ukpolitics
ukpolitics,2026-03-02,0.2997390243902439,0.1951219512195122,41,22.70731707317073,34,1,ukpolitics
ukpolitics,2026-03-03,0.1690813953488372,0.06976744186046512,43,28.6046511627907,37,2,ukpolitics
ukpolitics,2026-03-04,0.22735,0.1,40,25.5,34,3,ukpolitics
ukpolitics,2026-03-05,0.2971666666666667,0.21428571428571427,42,31.785714285714285,33,4,ukpolitics
ukpolitics,2026-03-06,0.19088260869565216,0.10869565217391304,46,29.869565217391305,35,5,ukpolitics
ukpolitics,2026-03-07,0.2685438596491228,0.19298245614035087,57,24.210526315789473,41,6,ukpolitics
ukpolitics,2026-03-08,0.2487978260869565,0.17391304347826086,46,27.695652173913043,37,7,ukpolitics
ukpolitics,2026-03-09,0.3754035087719298,0.3157894736842105,57,27.228070175438596,39,8,ukpolitics
ukpolitics,2026-03-10,0.30846250000000003,0.22916666666666666,48,28.041666666666668,37,9,ukpolitics
ukpolitics,2026-03-11,0.2051413043478261,0.13043478260869565,46,26.195652173913043,41,10,ukpolitics
ukpolitics,2026-03-12,0.14325106382978722,0.06382978723404255,47,29.851063829787233,35,11,ukpolitics
ukpolitics,2026-03-13,0.20648510638297873,0.10638297872340426,47,32.02127659574468,37,12,ukpolitics
ukpolitics,2026-03-14,0.15613333333333332,0.08333333333333333,48,29.416666666666668,33,13,ukpolitics
ukpolitics,2026-03-15,0.2804979591836735,0.20408163265306123,49,30.408163265306122,39,14,ukpolitics
ukpolitics,2026-03-16,0.22834509803921568,0.13725490196078433,51,27.529411764705884,41,15,ukpolitics
ukpolitics,2026-03-17,0.19597551020408163,0.16326530612244897,49,25.836734693877553,41,16,ukpolitics
ukpolitics,2026-03-18,0.2747409090909091,0.18181818181818182,44,25.113636363636363,32,17,ukpolitics
ukpolitics,2026-03-19,0.24404883720930232,0.16279069767441862,43,26.6046511627907,33,18,ukpolitics
ukpolitics,2026-03-20,0.19590212765957446,0.0851063829787234,47,25.893617021276597,39,19,ukpolitics
ukpolitics,2026-03-21,0.3186217391304348,0.2391304347826087,46,23.891304347826086,37,20,ukpolitics
ukpolitics,2026-03-22,0.272921568627451,0.21568627450980393,51,27.96078431372549,35,21,ukpolitics
ukpolitics,2026-03-23,0.21038260869565217,0.15217391304347827,46,27.608695652173914,35,22,ukpolitics
ukpolitics,2026-03-24,0.3315111111111111,0.2222222222222222,45,28.822222222222223,35,23,ukpolitics
ukpolitics,2026-03-25,0.3097622222222222,0.24444444444444444,45,24.511111111111113,35,24,ukpolitics
ukpolitics,2026-03-26,0.21878444444444445,0.1111111111111111,45,34.111111111111114,39,25,ukpolitics
ukpolitics,2026-03-27,0.20803061224489797,0.12244897959183673,49,28.428571428571427,40,26,ukpolitics
ukpolitics,2026-03-28,0.23403400000000002,0.16,50,26.06,40,27,ukpolitics
ukpolitics,2026-03-29,0.30753061224489797,0.1836734693877551,49,29.877551020408163,40,28,ukpolitics
ukpolitics,2026-03-30,0.270987037037037,0.16666666666666666,54,26.87037037037037,43,29,ukpolitics
ukpolitics,2026-03-31,0.24081632653061225,0.16326530612244897,49,24.53061224489796,40,30,ukpolitics
ukpolitics,2026-04-01,0.2534851851851852,0.16666666666666666,54,25.833333333333332,37,31,ukpolitics
ukpolitics,2026-04-02,0.2324890909090909,0.12727272727272726,55,28.527272727272727,45,32,ukpolitics
ukpolitics,2026-04-03,0.26036739130434783,0.13043478260869565,46,24.565217391304348,35,33,ukpolitics
ukpolitics,2026-04-04,0.13352391304347827,0.043478260869565216,46,27.58695652173913,36,34,ukpolitics
ukpolitics,2026-04-05,0.3050555555555555,0.2222222222222222,45,23.755555555555556,35,35,ukpolitics
ukpolitics,2026-04-06,0.267886,0.16,50,30.1,38,36,ukpolitics
ukpolitics,2026-04-07,0.20575666666666667,0.13333333333333333,60,27.966666666666665,40,37,ukpolitics
ukpolitics,2026-04-08,0.31468823529411766,0.19607843137254902,51,22.392156862745097,35,38,ukpolitics
ukpolitics,2026-04-09,0.18460000000000001,0.08888888888888889,45,29.488888888888887,36,39,ukpolitics
ukpolitics,2026-04-10,0.27501521739130436,0.21739130434782608,46,29.08695652173913,34,40,ukpolitics
ukpolitics,2026-04-11,0.18614473684210528,0.07894736842105263,38,24.473684210526315,33,41,ukpolitics
ukpolitics,2026-04-12,0.18170624999999999,0.10416666666666667,48,26.208333333333332,36,42,ukpolitics
ukpolitics,2026-04-13,0.367945,0.3,40,28.125,31,43,ukpolitics
ukpolitics,2026-04-14,0.24957692307692309,0.17307692307692307,52,26.634615384615383,43,44,ukpolitics
ukpolitics,2026-04-15,0.22092727272727272,0.14545454545454545,55,30.545454545454547,41,45,ukpolitics
ukpolitics,2026-04-16,0.2984428571428571,0.14285714285714285,42,28.642857142857142,35,46,ukpolitics
ukpolitics,2026-04-17,0.337302,0.22,50,27.62,42,47,ukpolitics
ukpolitics,2026-04-18,0.21342195121951218,0.14634146341463414,41,30.682926829268293,29,48,ukpolitics
ukpolitics,2026-04-19,0.30540204081632655,0.22448979591836735,49,22.102040816326532,35,49,ukpolitics
ukpolitics,2026-04-20,0.31335531914893616,0.23404255319148937,47,26.659574468085108,34,50,ukpolitics
ukpolitics,2026-04-21,0.24212127659574467,0.19148936170212766,47,29.085106382978722,41,51,ukpolitics
ukpolitics,2026-04-22,0.26132884615384616,0.15384615384615385,52,31.557692307692307,42,52,ukpolitics
ukpolitics,2026-04-23,0.26208297872340425,0.1702127659574468,47,22.914893617021278,38,53,ukpolitics
ukpolitics,2026-04-24,0.3247188679245283,0.20754716981132076,53,22.37735849056604,37,54,ukpolitics
ukpolitics,2026-04-25,0.27809019607843133,0.19607843137254902,51,26.607843137254903,33,55,ukpolitics
ukpolitics,2026-04-26,0.2168642857142857,0.11904761904761904,42,27.761904761904763,28,56,ukpolitics
ukpolitics,2026-04-27,0.289852380952381,0.19047619047619047,42,25.11904761904762,30,57,ukpolitics
ukpolitics,2026-04-28,0.290276,0.22,50,28.54,36,58,ukpolitics
ukpolitics,2026-04-29,0.3388255319148936,0.2765957446808511,47,29.51063829787234,37,59,ukpolitics
ukpolitics,2026-04-30,0.19017941176470587,0.08823529411764706,34,25.11764705882353,29,60,ukpolitics
ukpolitics,2026-05-01,0.3393409090909091,0.25,44,25.704545454545453,35,61,ukpolitics
ukpolitics,2026-05-02,0.281302,0.18,50,29.58,41,62,ukpolitics
ukpolitics,2026-05-03,0.2202949152542373,0.11864406779661017,59,32.847457627118644,43,63,ukpolitics
ukpolitics,2026-05-04,0.20181224489795918,0.14285714285714285,49,27.489795918367346,38,64,ukpolitics
ukpolitics,2026-05-05,0.2708833333333333,0.19444444444444445,36,25.36111111111111,31,65,ukpolitics
ukpolitics,2026-05-06,0.2076186046511628,0.11627906976744186,43,30.25581395348837,34,66,ukpolitics
ukpolitics,2026-05-07,0.298068253968254,0.25396825396825395,63,23.047619047619047,49,67,ukpolitics
ukpolitics,2026-05-08,0.23352708333333336,0.16666666666666666,48,25.9375,41,68,ukpolitics
ukpolitics,2026-05-09,0.19273829787234042,0.06382978723404255,47,28.382978723404257,42,69,ukpolitics
ukpolitics,2026-05-10,0.27962045454545453,0.18181818181818182,44,32.04545454545455,33,70,ukpolitics
ukpolitics,2026-05-11,0.22617906976744184,0.11627906976744186,43,24.162790697674417,31,71,ukpolitics
ukpolitics,2026-05-12,0.2728896551724138,0.1896551724137931,58,26.82758620689655,45,72,ukpolitics
ukpolitics,2026-05-13,0.2666085106382979,0.1702127659574468,47,24.23404255319149,35,73,ukpolitics
ukpolitics,2026-05-14,0.2832217391304348,0.2391304347826087,46,23.804347826086957,34,74,ukpolitics
ukpolitics,2026-05-15,0.18858867924528303,0.1509433962264151,53,25.69811320754717,44,75,ukpolitics
ukpolitics,2026-05-16,0.18571063829787235,0.0851063829787234,47,29.53191489361702,37,76,ukpolitics
ukpolitics,2026-05-17,0.244278431372549,0.1568627450980392,51,25.823529411764707,38,77,ukpolitics
ukpolitics,2026-05-18,0.29569295774647886,0.19718309859154928,71,27.816901408450704,50,78,ukpolitics
ukpolitics,2026-05-19,0.24819347826086957,0.1956521739130435,46,28.23913043478261,37,79,ukpolitics
ukpolitics,2026-05-20,0.17300204081632653,0.08163265306122448,49,28.591836734693878,36,80,ukpolitics
ukpolitics,2026-05-21,0.15137551020408163,0.061224489795918366,49,29.571428571428573,38,81,ukpolitics
ukpolitics,2026-05-22,0.1928895833333333,0.10416666666666667,48,26.1875,42,82,ukpolitics
ukpolitics,2026-05-23,0.26652830188679244,0.20754716981132076,53,30.849056603773583,40,83,ukpolitics
ukpolitics,2026-05-24,0.3115833333333333,0.2619047619047619,42,33.0,35,84,ukpolitics
ukpolitics,2026-05-25,0.3080333333333333,0.2222222222222222,45,24.4,34,85,ukpolitics
ukpolitics,2026-05-26,0.24887777777777778,0.2,45,28.866666666666667,36,86,ukpolitics
ukpolitics,2026-05-27,0.22988225806451615,0.12903225806451613,62,26.032258064516128,46,87,ukpolitics
ukpolitics,2026-05-28,0.258642,0.16,50,26.74,38,88,ukpolitics
ukpolitics,2026-05-29,0.27813,0.175,40,32.1,30,89,ukpolitics
ukpolitics,2026-05-30,0.2734615384615384,0.1794871794871795,39,27.41025641025641,31,90,ukpolitics
ukpolitics,2026-05-31,0.28613953488372096,0.18604651162790697,43,23.88372093023256,32,91,ukpolitics
ukpolitics,2026-06-01,0.30794666666666665,0.2222222222222222,45,30.355555555555554,36,92,ukpolitics
ukpolitics,2026-06-02,0.3508545454545455,0.22727272727272727,44,27.15909090909091,34,93,ukpolitics
ukpolitics,2026-06-03,0.2558622222222222,0.17777777777777778,45,20.2,39,94,ukpolitics
ukpolitics,2026-06-04,0.31292,0.18181818181818182,55,23.272727272727273,41,95,ukpolitics
ukpolitics,2026-06-05,0.20243199999999997,0.1,50,26.36,40,96,ukpolitics
ukpolitics,2026-06-06,0.21994999999999998,0.1206896551724138,58,29.155172413793103,46,97,ukpolitics
ukpolitics,2026-06-07,0.21591320754716983,0.11320754716981132,53,27.9811320754717,40,98,ukpolitics
ukpolitics,2026-06-08,0.2971021739130435,0.2391304347826087,46,27.5,40,99,ukpolitics
ukpolitics,2026-06-09,0.23173703703703705,0.2037037037037037,54,29.38888888888889,41,100,ukpolitics
ukpolitics,2026-06-10,0.1729125,0.08928571428571429,56,25.357142857142858,44,101,ukpolitics
ukpolitics,2026-06-11,0.25545,0.15517241379310345,58,31.82758620689655,40,102,ukpolitics
ukpolitics,2026-06-12,0.17223750000000002,0.0625,48,30.770833333333332,37,103,ukpolitics
ukpolitics,2026-06-13,0.37559,0.28,50,32.06,40,104,ukpolitics
ukpolitics,2026-06-14,0.3419142857142857,0.2619047619047619,42,26.88095238095238,38,105,ukpolitics
ukpolitics,2026-06-15,0.170905,0.06666666666666667,60,24.533333333333335,39,106,ukpolitics
ukpolitics,2026-06-16,0.24658301886792452,0.18867924528301888,53,31.245283018867923,40,107,ukpolitics
ukpolitics,2026-06-17,0.4288,0.4117647058823529,34,24.647058823529413,24,108,ukpolitics
ukpolitics,2026-06-18,0.22374313725490197,0.13725490196078433,51,21.254901960784313,35,109,ukpolitics
ukpolitics,2026-06-19,0.35188545454545456,0.3090909090909091,55,29.927272727272726,42,110,ukpolitics
ukpolitics,2026-06-20,0.19286111111111112,0.12962962962962962,54,27.77777777777778,40,111,ukpolitics
ukpolitics,2026-06-21,0.17677551020408164,0.10204081632653061,49,28.122448979591837,36,112,ukpolitics
ukpolitics,2026-06-22,0.3345688888888889,0.26666666666666666,45,25.622222222222224,35,113,ukpolitics
ukpolitics,2026-06-23,0.30576545454545456,0.21818181818181817,55,29.8,44,114,ukpolitics
ukpolitics,2026-06-24,0.24381041666666667,0.1875,48,27.604166666666668,40,115,ukpolitics
ukpolitics,2026-06-25,0.3212692307692308,0.23076923076923078,39,25.28205128205128,28,116,ukpolitics
ukpolitics,2026-06-26,0.32060000000000005,0.2857142857142857,56,31.160714285714285,42,117,ukpolitics
ukpolitics,2026-06-27,0.2579844444444444,0.17777777777777778,45,26.177777777777777,38,118,ukpolitics
ukpolitics,2026-06-28,0.31435405405405403,0.2702702702702703,37,30.027027027027028,30,119,ukpolitics
unitedkingdom,2026-03-01,0.1494764705882353,0.058823529411764705,34,29.5,27,0,unitedkingdom
unitedkingdom,2026-03-02,0.19287400000000002,0.1,50,31.22,32,1,unitedkingdom
unitedkingdom,2026-03-03,0.23735333333333333,0.1111111111111111,45,27.377777777777776,35,2,unitedkingdom
unitedkingdom,2026-03-04,0.1688735294117647,0.08823529411764706,34,31.176470588235293,28,3,unitedkingdom
unitedkingdom,2026-03-05,0.2579204081632653,0.14285714285714285,49,25.46938775510204,36,4,unitedkingdom
unitedkingdom,2026-03-06,0.24990810810810812,0.16216216216216217,37,27.756756756756758,30,5,unitedkingdom
unitedkingdom,2026-03-07,0.15831555555555557,0.06666666666666667,45,23.511111111111113,32,6,unitedkingdom
unitedkingdom,2026-03-08,0.15296730769230768,0.057692307692307696,52,28.28846153846154,38,7,unitedkingdom
unitedkingdom,2026-03-09,0.15438409090909092,0.06818181818181818,44,28.818181818181817,31,8,unitedkingdom
unitedkingdom,2026-03-10,0.2960777777777778,0.24444444444444444,45,29.622222222222224,33,9,unitedkingdom
unitedkingdom,2026-03-11,0.14389636363636363,0.07272727272727272,55,29.345454545454544,42,10,unitedkingdom
unitedkingdom,2026-03-12,0.14596363636363635,0.09090909090909091,33,27.87878787878788,23,11,unitedkingdom
unitedkingdom,2026-03-13,0.2962375,0.15625,32,24.71875,25,12,unitedkingdom
unitedkingdom,2026-03-14,0.20186875,0.10416666666666667,48,27.3125,33,13,unitedkingdom
unitedkingdom,2026-03-15,0.2080156862745098,0.09803921568627451,51,27.15686274509804,37,14,unitedkingdom
unitedkingdom,2026-03-16,0.32508095238095236,0.2619047619047619,42,30.904761904761905,33,15,unitedkingdom
unitedkingdom,2026-03-17,0.21561481481481481,0.16666666666666666,54,29.01851851851852,38,16,unitedkingdom
unitedkingdom,2026-03-18,0.2491431818181818,0.1590909090909091,44,28.954545454545453,36,17,unitedkingdom
unitedkingdom,2026-03-19,0.2471404255319149,0.14893617021276595,47,27.72340425531915,35,18,unitedkingdom
unitedkingdom,2026-03-20,0.22605490196078432,0.13725490196078433,51,27.333333333333332,38,19,unitedkingdom
unitedkingdom,2026-03-21,0.17861136363636365,0.06818181818181818,44,27.0,36,20,unitedkingdom
unitedkingdom,2026-03-22,0.2960294117647059,0.20588235294117646,34,31.08823529411765,27,21,unitedkingdom
unitedkingdom,2026-03-23,0.30468333333333336,0.20833333333333334,48,28.916666666666668,32,22,unitedkingdom
unitedkingdom,2026-03-24,0.24940666666666667,0.2,45,20.866666666666667,35,23,unitedkingdom
unitedkingdom,2026-03-25,0.2673951219512195,0.1951219512195122,41,31.804878048780488,32,24,unitedkingdom
unitedkingdom,2026-03-26,0.18202325581395348,0.09302325581395349,43,25.953488372093023,31,25,unitedkingdom
unitedkingdom,2026-03-27,0.19700571428571428,0.05714285714285714,35,27.571428571428573,28,26,unitedkingdom
unitedkingdom,2026-03-28,0.281025,0.20833333333333334,24,18.208333333333332,18,27,unitedkingdom
unitedkingdom,2026-03-29,0.2800275,0.2,40,28.725,30,28,unitedkingdom
unitedkingdom,2026-03-30,0.19855714285714285,0.09523809523809523,42,33.73809523809524,33,29,unitedkingdom
unitedkingdom,2026-03-31,0.19491960784313725,0.09803921568627451,51,28.372549019607842,38,30,unitedkingdom
unitedkingdom,2026-04-01,0.19904166666666667,0.08333333333333333,48,29.041666666666668,31,31,unitedkingdom
unitedkingdom,2026-04-02,0.16259130434782607,0.06521739130434782,46,33.15217391304348,34,32,unitedkingdom
unitedkingdom,2026-04-03,0.1355547619047619,0.047619047619047616,42,27.88095238095238,34,33,unitedkingdom
unitedkingdom,2026-04-04,0.30938157894736845,0.21052631578947367,38,26.736842105263158,31,34,unitedkingdom
unitedkingdom,2026-04-05,0.20103846153846155,0.07692307692307693,52,29.365384615384617,39,35,unitedkingdom
unitedkingdom,2026-04-06,0.16089090909090908,0.06818181818181818,44,23.59090909090909,33,36,unitedkingdom
unitedkingdom,2026-04-07,0.2568897435897436,0.1794871794871795,39,21.974358974358974,29,37,unitedkingdom
unitedkingdom,2026-04-08,0.10283921568627451,0.0,51,24.41176470588235,41,38,unitedkingdom
unitedkingdom,2026-04-09,0.10868536585365854,0.024390243902439025,41,32.73170731707317,29,39,unitedkingdom
unitedkingdom,2026-04-10,0.2905236842105263,0.23684210526315788,38,21.57894736842105,31,40,unitedkingdom
unitedkingdom,2026-04-11,0.16956153846153846,0.07692307692307693,39,24.794871794871796,32,41,unitedkingdom
unitedkingdom,2026-04-12,0.292934693877551,0.1836734693877551,49,25.959183673469386,36,42,unitedkingdom
unitedkingdom,2026-04-13,0.2277205128205128,0.1794871794871795,39,26.897435897435898,29,43,unitedkingdom
unitedkingdom,2026-04-14,0.22733333333333333,0.15555555555555556,45,28.355555555555554,35,44,unitedkingdom
unitedkingdom,2026-04-15,0.20582093023255815,0.09302325581395349,43,28.53488372093023,34,45,unitedkingdom
unitedkingdom,2026-04-16,0.2452125,0.16071428571428573,56,24.678571428571427,34,46,unitedkingdom
unitedkingdom,2026-04-17,0.3199232558139535,0.18604651162790697,43,35.372093023255815,32,47,unitedkingdom
unitedkingdom,2026-04-18,0.15996060606060605,0.06060606060606061,33,22.575757575757574,24,48,unitedkingdom
unitedkingdom,2026-04-19,0.22635098039215687,0.13725490196078433,51,21.607843137254903,40,49,unitedkingdom
unitedkingdom,2026-04-20,0.21076739130434782,0.08695652173913043,46,30.195652173913043,33,50,unitedkingdom
unitedkingdom,2026-04-21,0.3055542857142857,0.22857142857142856,35,21.714285714285715,31,51,unitedkingdom
unitedkingdom,2026-04-22,0.19529787234042553,0.0851063829787234,47,25.4468085106383,29,52,unitedkingdom
unitedkingdom,2026-04-23,0.25809130434782607,0.15217391304347827,46,26.08695652173913,33,53,unitedkingdom
unitedkingdom,2026-04-24,0.17330727272727273,0.05454545454545454,55,27.12727272727273,40,54,unitedkingdom
unitedkingdom,2026-04-25,0.1603105263157895,0.0,57,27.210526315789473,39,55,unitedkingdom
unitedkingdom,2026-04-26,0.21802,0.12727272727272726,55,29.6,38,56,unitedkingdom
unitedkingdom,2026-04-27,0.22628571428571428,0.11428571428571428,35,30.285714285714285,28,57,unitedkingdom
unitedkingdom,2026-04-28,0.20067631578947367,0.10526315789473684,38,29.63157894736842,31,58,unitedkingdom
unitedkingdom,2026-04-29,0.26421702127659574,0.23404255319148937,47,26.361702127659573,35,59,unitedkingdom
unitedkingdom,2026-04-30,0.14674761904761904,0.047619047619047616,42,26.452380952380953,31,60,unitedkingdom
unitedkingdom,2026-05-01,0.26466603773584907,0.16981132075471697,53,26.92452830188679,34,61,unitedkingdom
unitedkingdom,2026-05-02,0.24336590909090908,0.13636363636363635,44,28.136363636363637,32,62,unitedkingdom
unitedkingdom,2026-05-03,0.322102380952381,0.21428571428571427,42,26.785714285714285,30,63,unitedkingdom
unitedkingdom,2026-05-04,0.24262857142857142,0.16326530612244897,49,28.081632653061224,34,64,unitedkingdom
unitedkingdom,2026-05-05,0.20521777777777778,0.1111111111111111,45,25.466666666666665,33,65,unitedkingdom
unitedkingdom,2026-05-06,0.11984285714285714,0.03571428571428571,56,29.660714285714285,39,66,unitedkingdom
unitedkingdom,2026-05-07,0.22279090909090907,0.11363636363636363,44,30.681818181818183,29,67,unitedkingdom
unitedkingdom,2026-05-08,0.1131342105263158,0.02631578947368421,38,29.63157894736842,32,68,unitedkingdom
unitedkingdom,2026-05-09,0.19801346153846153,0.11538461538461539,52,30.01923076923077,38,69,unitedkingdom
unitedkingdom,2026-05-10,0.196,0.1282051282051282,39,24.743589743589745,28,70,unitedkingdom
unitedkingdom,2026-05-11,0.23988055555555554,0.19444444444444445,36,24.083333333333332,33,71,unitedkingdom
unitedkingdom,2026-05-12,0.24754565217391306,0.15217391304347827,46,29.956521739130434,34,72,unitedkingdom
unitedkingdom,2026-05-13,0.4469461538461538,0.38461538461538464,26,27.423076923076923,23,73,unitedkingdom
unitedkingdom,2026-05-14,0.22630199999999998,0.1,50,30.1,34,74,unitedkingdom
unitedkingdom,2026-05-15,0.29558214285714285,0.19642857142857142,56,26.142857142857142,43,75,unitedkingdom
unitedkingdom,2026-05-16,0.2758945945945946,0.16216216216216217,37,20.83783783783784,28,76,unitedkingdom
unitedkingdom,2026-05-17,0.2241657894736842,0.13157894736842105,38,24.81578947368421,28,77,unitedkingdom
unitedkingdom,2026-05-18,0.22407021276595745,0.1276595744680851,47,25.95744680851064,34,78,unitedkingdom
unitedkingdom,2026-05-19,0.29894807692307696,0.19230769230769232,52,27.03846153846154,40,79,unitedkingdom
unitedkingdom,2026-05-20,0.22956129032258066,0.0967741935483871,31,29.193548387096776,25,80,unitedkingdom
unitedkingdom,2026-05-21,0.17375238095238096,0.07142857142857142,42,22.833333333333332,31,81,unitedkingdom
unitedkingdom,2026-05-22,0.23828703703703702,0.16666666666666666,54,29.574074074074073,36,82,unitedkingdom
unitedkingdom,2026-05-23,0.13473555555555555,0.044444444444444446,45,32.4,34,83,unitedkingdom
unitedkingdom,2026-05-24,0.1320974358974359,0.02564102564102564,39,25.46153846153846,32,84,unitedkingdom
unitedkingdom,2026-05-25,0.17256976744186045,0.06976744186046512,43,20.25581395348837,29,85,unitedkingdom
unitedkingdom,2026-05-26,0.18370535714285713,0.07142857142857142,56,29.964285714285715,37,86,unitedkingdom
unitedkingdom,2026-05-27,0.1671860465116279,0.09302325581395349,43,26.58139534883721,34,87,unitedkingdom
unitedkingdom,2026-05-28,0.14681904761904763,0.047619047619047616,42,25.238095238095237,29,88,unitedkingdom
unitedkingdom,2026-05-29,0.14716181818181817,0.05454545454545454,55,25.345454545454544,44,89,unitedkingdom
unitedkingdom,2026-05-30,0.15909166666666666,0.08333333333333333,48,32.270833333333336,33,90,unitedkingdom
unitedkingdom,2026-05-31,0.18091754385964914,0.08771929824561403,57,28.649122807017545,37,91,unitedkingdom
unitedkingdom,2026-06-01,0.20880975609756097,0.12195121951219512,41,32.90243902439025,28,92,unitedkingdom
unitedkingdom,2026-06-02,0.10823829787234043,0.02127659574468085,47,30.21276595744681,32,93,unitedkingdom
unitedkingdom,2026-06-03,0.19470434782608698,0.08695652173913043,46,21.543478260869566,34,94,unitedkingdom
unitedkingdom,2026-06-04,0.16219268292682926,0.07317073170731707,41,30.341463414634145,33,95,unitedkingdom
unitedkingdom,2026-06-05,0.10957021276595745,0.02127659574468085,47,29.23404255319149,30,96,unitedkingdom
unitedkingdom,2026-06-06,0.095428125,0.0,32,21.71875,27,97,unitedkingdom
unitedkingdom,2026-06-07,0.19912272727272728,0.06818181818181818,44,24.818181818181817,31,98,unitedkingdom
unitedkingdom,2026-06-08,0.21790638297872342,0.1276595744680851,47,27.72340425531915,32,99,unitedkingdom
unitedkingdom,2026-06-09,0.17960399999999999,0.02,50,24.66,35,100,unitedkingdom
unitedkingdom,2026-06-10,0.14082380952380952,0.023809523809523808,42,23.547619047619047,28,101,unitedkingdom
unitedkingdom,2026-06-11,0.13795454545454547,0.07272727272727272,55,27.272727272727273,39,102,unitedkingdom
unitedkingdom,2026-06-12,0.12034102564102564,0.0,39,24.358974358974358,31,103,unitedkingdom
unitedkingdom,2026-06-13,0.13632571428571427,0.0,35,31.6,26,104,unitedkingdom
unitedkingdom,2026-06-14,0.13882884615384616,0.019230769230769232,52,26.46153846153846,37,105,unitedkingdom
unitedkingdom,2026-06-15,0.1174734693877551,0.0,49,30.714285714285715,35,106,unitedkingdom
unitedkingdom,2026-06-16,0.14188695652173913,0.021739130434782608,46,24.130434782608695,38,107,unitedkingdom
unitedkingdom,2026-06-17,0.1024,0.018867924528301886,53,25.07547169811321,34,108,unitedkingdom
unitedkingdom,2026-06-18,0.14322142857142858,0.017857142857142856,56,27.25,39,109,unitedkingdom
unitedkingdom,2026-06-19,0.13637551020408165,0.0,49,26.448979591836736,36,110,unitedkingdom
unitedkingdom,2026-06-20,0.150124,0.02,50,26.82,38,111,unitedkingdom
unitedkingdom,2026-06-21,0.1392047619047619,0.047619047619047616,42,26.857142857142858,32,112,unitedkingdom
unitedkingdom,2026-06-22,0.1827781818181818,0.05454545454545454,55,29.618181818181817,33,113,unitedkingdom
unitedkingdom,2026-06-23,0.12539555555555557,0.022222222222222223,45,29.488888888888887,31,114,unitedkingdom
unitedkingdom,2026-06-24,0.1075,0.018518518518518517,54,27.22222222222222,40,115,unitedkingdom
unitedkingdom,2026-06-25,0.1525219512195122,0.024390243902439025,41,25.48780487804878,30,116,unitedkingdom
unitedkingdom,2026-06-26,0.10752340425531916,0.02127659574468085,47,29.148936170212767,36,117,unitedkingdom
unitedkingdom,2026-06-27,0.12990816326530613,0.0,49,26.408163265306122,33,118,unitedkingdom
unitedkingdom,2026-06-28,0.16015897435897436,0.05128205128205128,39,20.846153846153847,30,119,unitedkingdom
willis7737_news,2026-03-01,0.32475952380952383,0.23809523809523808,42,25.428571428571427,35,0,willis7737_news
willis7737_news,2026-03-02,0.34840232558139533,0.2558139534883721,43,26.953488372093023,33,1,willis7737_news
willis7737_news,2026-03-03,0.3250388888888889,0.25,36,26.25,29,2,willis7737_news
willis7737_news,2026-03-04,0.2974342105263158,0.18421052631578946,38,30.31578947368421,28,3,willis7737_news
willis7737_news,2026-03-05,0.21688125,0.09375,32,27.15625,27,4,willis7737_news
willis7737_news,2026-03-06,0.2533,0.17142857142857143,35,29.8,28,5,willis7737_news
willis7737_news,2026-03-07,0.3064027027027027,0.2702702702702703,37,24.45945945945946,33,6,willis7737_news
willis7737_news,2026-03-08,0.196125,0.075,40,29.275,31,7,willis7737_news
willis7737_news,2026-03-09,0.22965526315789475,0.15789473684210525,38,28.18421052631579,30,8,willis7737_news
willis7737_news,2026-03-10,0.2537857142857143,0.14285714285714285,42,25.88095238095238,35,9,willis7737_news
willis7737_news,2026-03-11,0.4071404761904762,0.30952380952380953,42,24.833333333333332,33,10,willis7737_news
willis7737_news,2026-03-12,0.2594484848484848,0.18181818181818182,33,30.060606060606062,25,11,willis7737_news
willis7737_news,2026-03-13,0.1254657142857143,0.05714285714285714,35,24.685714285714287,26,12,willis7737_news
willis7737_news,2026-03-14,0.23573750000000002,0.16666666666666666,24,22.25,18,13,willis7737_news
willis7737_news,2026-03-15,0.2327909090909091,0.12121212121212122,33,26.90909090909091,30,14,willis7737_news
willis7737_news,2026-03-16,0.3519777777777778,0.2777777777777778,36,30.444444444444443,32,15,willis7737_news
willis7737_news,2026-03-17,0.3025641025641026,0.2564102564102564,39,27.46153846153846,31,16,willis7737_news
willis7737_news,2026-03-18,0.4320282051282051,0.358974358974359,39,24.256410256410255,32,17,willis7737_news
willis7737_news,2026-03-19,0.3720085106382979,0.2553191489361702,47,25.4468085106383,39,18,willis7737_news
willis7737_news,2026-03-20,0.34533125,0.25,32,24.21875,27,19,willis7737_news
willis7737_news,2026-03-21,0.20704848484848484,0.12121212121212122,33,26.636363636363637,27,20,willis7737_news
willis7737_news,2026-03-22,0.18357727272727276,0.06818181818181818,44,23.454545454545453,31,21,willis7737_news
willis7737_news,2026-03-23,0.3125833333333333,0.3,30,26.366666666666667,26,22,willis7737_news
willis7737_news,2026-03-24,0.3274410256410257,0.28205128205128205,39,26.17948717948718,36,23,willis7737_news
willis7737_news,2026-03-25,0.2639184210526316,0.18421052631578946,38,25.289473684210527,29,24,willis7737_news
willis7737_news,2026-03-26,0.2922966666666667,0.16666666666666666,30,28.866666666666667,25,25,willis7737_news
willis7737_news,2026-03-27,0.194365,0.1,40,29.15,32,26,willis7737_news
willis7737_news,2026-03-28,0.4632853658536586,0.3902439024390244,41,25.658536585365855,34,27,willis7737_news
willis7737_news,2026-03-29,0.2767875,0.21875,32,22.96875,27,28,willis7737_news
willis7737_news,2026-03-30,0.31485483870967745,0.25806451612903225,31,28.741935483870968,22,29,willis7737_news
willis7737_news,2026-03-31,0.31730454545454545,0.2727272727272727,44,28.25,32,30,willis7737_news
willis7737_news,2026-04-01,0.39239473684210524,0.3157894736842105,38,31.605263157894736,30,31,willis7737_news
willis7737_news,2026-04-02,0.33074000000000003,0.2571428571428571,35,30.17142857142857,27,32,willis7737_news
willis7737_news,2026-04-03,0.2772955555555556,0.2222222222222222,45,27.42222222222222,35,33,willis7737_news
willis7737_news,2026-04-04,0.20925789473684211,0.15789473684210525,38,25.710526315789473,29,34,willis7737_news
willis7737_news,2026-04-05,0.34423333333333334,0.23076923076923078,39,27.564102564102566,30,35,willis7737_news
willis7737_news,2026-04-06,0.41445,0.3333333333333333,36,24.416666666666668,31,36,willis7737_news
willis7737_news,2026-04-07,0.35191666666666666,0.2857142857142857,42,30.428571428571427,35,37,willis7737_news
willis7737_news,2026-04-08,0.3067142857142857,0.23809523809523808,42,24.404761904761905,27,38,willis7737_news
willis7737_news,2026-04-09,0.342795,0.25,40,31.825,28,39,willis7737_news
willis7737_news,2026-04-10,0.21945151515151515,0.18181818181818182,33,29.87878787878788,28,40,willis7737_news
willis7737_news,2026-04-11,0.2586387096774193,0.16129032258064516,31,26.032258064516128,25,41,willis7737_news
willis7737_news,2026-04-12,0.3881523809523809,0.30952380952380953,42,24.642857142857142,34,42,willis7737_news
willis7737_news,2026-04-13,0.23730882352941177,0.14705882352941177,34,25.91176470588235,27,43,willis7737_news
willis7737_news,2026-04-14,0.4627447368421052,0.39473684210526316,38,27.05263157894737,29,44,willis7737_news
willis7737_news,2026-04-15,0.16168536585365853,0.07317073170731707,41,21.097560975609756,28,45,willis7737_news
willis7737_news,2026-04-16,0.23753488372093023,0.13953488372093023,43,28.86046511627907,36,46,willis7737_news
willis7737_news,2026-04-17,0.217468,0.12,25,20.56,22,47,willis7737_news
willis7737_news,2026-04-18,0.2574292682926829,0.17073170731707318,41,26.5609756097561,31,48,willis7737_news
willis7737_news,2026-04-19,0.25346060606060605,0.21212121212121213,33,25.272727272727273,27,49,willis7737_news
willis7737_news,2026-04-20,0.2390235294117647,0.11764705882352941,34,26.941176470588236,27,50,willis7737_news
willis7737_news,2026-04-21,0.26747714285714286,0.22857142857142856,35,29.257142857142856,28,51,willis7737_news
willis7737_news,2026-04-22,0.27787948717948713,0.20512820512820512,39,25.205128205128204,36,52,willis7737_news
willis7737_news,2026-04-23,0.21711666666666668,0.1111111111111111,36,27.61111111111111,29,53,willis7737_news
willis7737_news,2026-04-24,0.22714565217391305,0.13043478260869565,46,25.804347826086957,39,54,willis7737_news
willis7737_news,2026-04-25,0.26283589743589747,0.1794871794871795,39,26.641025641025642,33,55,willis7737_news
willis7737_news,2026-04-26,0.2935813953488372,0.2558139534883721,43,28.25581395348837,35,56,willis7737_news
willis7737_news,2026-04-27,0.2617655172413793,0.1724137931034483,29,24.24137931034483,23,57,willis7737_news
willis7737_news,2026-04-28,0.2990421052631579,0.18421052631578946,38,29.0,29,58,willis7737_news
willis7737_news,2026-04-29,0.2583054054054054,0.1891891891891892,37,31.054054054054053,31,59,willis7737_news
willis7737_news,2026-04-30,0.344904347826087,0.30434782608695654,46,27.5,37,60,willis7737_news
willis7737_news,2026-05-01,0.21787297297297295,0.13513513513513514,37,19.83783783783784,28,61,willis7737_news
willis7737_news,2026-05-02,0.3109619047619048,0.23809523809523808,42,30.452380952380953,32,62,willis7737_news
willis7737_news,2026-05-03,0.29971818181818183,0.18181818181818182,33,28.21212121212121,27,63,willis7737_news
willis7737_news,2026-05-04,0.2881875,0.225,40,23.175,31,64,willis7737_news
willis7737_news,2026-05-05,0.25094444444444447,0.19444444444444445,36,26.25,28,65,willis7737_news
willis7737_news,2026-05-06,0.2512774193548387,0.16129032258064516,31,28.548387096774192,27,66,willis7737_news
willis7737_news,2026-05-07,0.14118484848484847,0.030303030303030304,33,31.03030303030303,29,67,willis7737_news
willis7737_news,2026-05-08,0.1896475,0.15,40,25.9,33,68,willis7737_news
willis7737_news,2026-05-09,0.19700217391304345,0.08695652173913043,46,28.347826086956523,36,69,willis7737_news
willis7737_news,2026-05-10,0.18005555555555555,0.1111111111111111,36,26.416666666666668,30,70,willis7737_news
willis7737_news,2026-05-11,0.4072486486486487,0.3783783783783784,37,34.21621621621622,32,71,willis7737_news
willis7737_news,2026-05-12,0.2769225,0.2,40,24.2,36,72,willis7737_news
willis7737_news,2026-05-13,0.23589090909090912,0.1590909090909091,44,28.386363636363637,29,73,willis7737_news
willis7737_news,2026-05-14,0.22939230769230767,0.1282051282051282,39,26.153846153846153,31,74,willis7737_news
willis7737_news,2026-05-15,0.3194061224489796,0.22448979591836735,49,23.73469387755102,40,75,willis7737_news
willis7737_news,2026-05-16,0.3284410256410257,0.2564102564102564,39,29.307692307692307,34,76,willis7737_news
willis7737_news,2026-05-17,0.23739705882352943,0.20588235294117646,34,22.705882352941178,26,77,willis7737_news
willis7737_news,2026-05-18,0.26691176470588235,0.17647058823529413,51,29.07843137254902,44,78,willis7737_news
willis7737_news,2026-05-19,0.3745926829268293,0.3170731707317073,41,23.341463414634145,33,79,willis7737_news
willis7737_news,2026-05-20,0.2529317073170732,0.17073170731707318,41,24.390243902439025,37,80,willis7737_news
willis7737_news,2026-05-21,0.17564444444444444,0.13333333333333333,45,30.244444444444444,32,81,willis7737_news
willis7737_news,2026-05-22,0.26943,0.2,40,30.425,34,82,willis7737_news
willis7737_news,2026-05-23,0.339048717948718,0.23076923076923078,39,28.71794871794872,33,83,willis7737_news
willis7737_news,2026-05-24,0.251395,0.2,40,26.625,31,84,willis7737_news
willis7737_news,2026-05-25,0.4472592592592593,0.37037037037037035,27,21.925925925925927,22,85,willis7737_news
willis7737_news,2026-05-26,0.2195758620689655,0.20689655172413793,29,20.379310344827587,25,86,willis7737_news
willis7737_news,2026-05-27,0.501772972972973,0.43243243243243246,37,31.405405405405407,29,87,willis7737_news
willis7737_news,2026-05-28,0.30389268292682925,0.21951219512195122,41,29.829268292682926,33,88,willis7737_news
willis7737_news,2026-05-29,0.2561744186046511,0.18604651162790697,43,28.88372093023256,33,89,willis7737_news
willis7737_news,2026-05-30,0.2171657894736842,0.15789473684210525,38,25.394736842105264,26,90,willis7737_news
willis7737_news,2026-05-31,0.27658636363636363,0.25,44,29.34090909090909,36,91,willis7737_news
willis7737_news,2026-06-01,0.1454725,0.05,40,28.6,34,92,willis7737_news
willis7737_news,2026-06-02,0.26842499999999997,0.15625,32,22.5625,28,93,willis7737_news
willis7737_news,2026-06-03,0.26384,0.22857142857142856,35,21.942857142857143,26,94,willis7737_news
willis7737_news,2026-06-04,0.23385333333333336,0.13333333333333333,45,25.42222222222222,39,95,willis7737_news
willis7737_news,2026-06-05,0.2880736842105263,0.2631578947368421,38,29.86842105263158,33,96,willis7737_news
willis7737_news,2026-06-06,0.26156153846153846,0.1794871794871795,39,24.487179487179485,34,97,willis7737_news
willis7737_news,2026-06-07,0.35649142857142857,0.2857142857142857,35,30.257142857142856,31,98,willis7737_news
willis7737_news,2026-06-08,0.3549090909090909,0.3333333333333333,33,23.727272727272727,30,99,willis7737_news
willis7737_news,2026-06-09,0.27835531914893613,0.2127659574468085,47,23.872340425531913,39,100,willis7737_news
willis7737_news,2026-06-10,0.4244142857142857,0.37142857142857144,35,26.742857142857144,29,101,willis7737_news
willis7737_news,2026-06-11,0.23779666666666666,0.16666666666666666,30,24.6,26,102,willis7737_news
willis7737_news,2026-06-12,0.36192631578947365,0.2631578947368421,38,30.236842105263158,33,103,willis7737_news
willis7737_news,2026-06-13,0.23450731707317074,0.0975609756097561,41,20.365853658536587,36,104,willis7737_news
willis7737_news,2026-06-14,0.2888,0.2,30,25.3,24,105,willis7737_news
willis7737_news,2026-06-15,0.22793783783783783,0.16216216216216217,37,31.0,32,106,willis7737_news
willis7737_news,2026-06-16,0.3074558823529412,0.23529411764705882,34,30.352941176470587,27,107,willis7737_news
willis7737_news,2026-06-17,0.3760648648648649,0.2972972972972973,37,29.08108108108108,28,108,willis7737_news
willis7737_news,2026-06-18,0.4021891891891892,0.3783783783783784,37,27.2972972972973,29,109,willis7737_news
willis7737_news,2026-06-19,0.1983595238095238,0.09523809523809523,42,26.38095238095238,33,110,willis7737_news
willis7737_news,2026-06-20,0.2608575,0.175,40,26.6,30,111,willis7737_news
willis7737_news,2026-06-21,0.25558918918918916,0.16216216216216217,37,27.324324324324323,30,112,willis7737_news
willis7737_news,2026-06-22,0.3553906976744186,0.32558139534883723,43,30.906976744186046,34,113,willis7737_news
willis7737_news,2026-06-23,0.2624548387096774,0.1935483870967742,31,26.580645161290324,25,114,willis7737_news
willis7737_news,2026-06-24,0.238578125,0.1875,32,25.53125,29,115,willis7737_news
willis7737_news,2026-06-25,0.28820526315789474,0.21052631578947367,38,27.894736842105264,31,116,willis7737_news
willis7737_news,2026-06-26,0.2681125,0.25,24,21.833333333333332,22,117,willis7737_news
willis7737_news,2026-06-27,0.24701750000000003,0.15,40,30.5,32,118,willis7737_news
willis7737_news,2026-06-28,0.2671027027027027,0.1891891891891892,37,24.64864864864865,29,119,willis7737_news
worldnews,2026-03-01,0.30688157894736845,0.23684210526315788,38,25.394736842105264,25,0,worldnews
worldnews,2026-03-02,0.23234054054054054,0.13513513513513514,37,25.56756756756757,24,1,worldnews
worldnews,2026-03-03,0.25797058823529406,0.17647058823529413,34,27.470588235294116,22,2,worldnews
worldnews,2026-03-04,0.37738055555555555,0.2777777777777778,36,27.194444444444443,25,3,worldnews
worldnews,2026-03-05,0.22653076923076923,0.15384615384615385,26,23.5,21,4,worldnews
worldnews,2026-03-06,0.2316809523809524,0.16666666666666666,42,24.11904761904762,28,5,worldnews
worldnews,2026-03-07,0.24113783783783785,0.16216216216216217,37,23.45945945945946,21,6,worldnews
worldnews,2026-03-08,0.20366829268292685,0.12195121951219512,41,25.70731707317073,30,7,worldnews
worldnews,2026-03-09,0.35014736842105265,0.2631578947368421,38,24.57894736842105,19,8,worldnews
worldnews,2026-03-10,0.27143529411764705,0.20588235294117646,34,26.235294117647058,25,9,worldnews
worldnews,2026-03-11,0.24595555555555557,0.1111111111111111,36,28.22222222222222,23,10,worldnews
worldnews,2026-03-12,0.253935,0.175,40,26.725,24,11,worldnews
worldnews,2026-03-13,0.25271363636363636,0.20454545454545456,44,24.704545454545453,28,12,worldnews
worldnews,2026-03-14,0.2268888888888889,0.07407407407407407,27,26.814814814814813,21,13,worldnews
worldnews,2026-03-15,0.24091666666666667,0.1111111111111111,36,24.77777777777778,23,14,worldnews
worldnews,2026-03-16,0.28175483870967744,0.22580645161290322,31,29.0,25,15,worldnews
worldnews,2026-03-17,0.33226875,0.25,32,29.90625,22,16,worldnews
worldnews,2026-03-18,0.2668307692307692,0.15384615384615385,26,28.23076923076923,20,17,worldnews
worldnews,2026-03-19,0.19954761904761906,0.11904761904761904,42,25.047619047619047,27,18,worldnews
worldnews,2026-03-20,0.27644473684210524,0.21052631578947367,38,24.31578947368421,28,19,worldnews
worldnews,2026-03-21,0.28005,0.20454545454545456,44,26.34090909090909,34,20,worldnews
worldnews,2026-03-22,0.2847468085106383,0.1702127659574468,47,27.829787234042552,28,21,worldnews
worldnews,2026-03-23,0.37466666666666665,0.2777777777777778,36,25.0,27,22,worldnews
worldnews,2026-03-24,0.29306,0.2,40,31.075,24,23,worldnews
worldnews,2026-03-25,0.3079837209302326,0.2558139534883721,43,29.13953488372093,28,24,worldnews
worldnews,2026-03-26,0.27097837837837835,0.21621621621621623,37,24.16216216216216,24,25,worldnews
worldnews,2026-03-27,0.2897813953488372,0.20930232558139536,43,20.697674418604652,27,26,worldnews
worldnews,2026-03-28,0.34527608695652173,0.2608695652173913,46,20.630434782608695,31,27,worldnews
worldnews,2026-03-29,0.18892037037037038,0.1111111111111111,54,26.666666666666668,28,28,worldnews
worldnews,2026-03-30,0.30762121212121213,0.24242424242424243,33,31.90909090909091,25,29,worldnews
worldnews,2026-03-31,0.25218837209302325,0.16279069767441862,43,28.069767441860463,28,30,worldnews
worldnews,2026-04-01,0.23529,0.13333333333333333,30,26.1,20,31,worldnews
worldnews,2026-04-02,0.284309375,0.21875,32,30.9375,20,32,worldnews
worldnews,2026-04-03,0.25758974358974357,0.15384615384615385,39,27.05128205128205,31,33,worldnews
worldnews,2026-04-04,0.26880000000000004,0.10344827586206896,29,31.482758620689655,24,34,worldnews
worldnews,2026-04-05,0.20042857142857143,0.03571428571428571,28,35.82142857142857,22,35,worldnews
worldnews,2026-04-06,0.29565277777777776,0.16666666666666666,36,31.36111111111111,28,36,worldnews
worldnews,2026-04-07,0.25147368421052635,0.10526315789473684,19,23.68421052631579,16,37,worldnews
worldnews,2026-04-08,0.181578125,0.125,32,23.59375,25,38,worldnews
worldnews,2026-04-09,0.18947368421052632,0.10526315789473684,38,26.07894736842105,32,39,worldnews
worldnews,2026-04-10,0.3078054054054054,0.21621621621621623,37,22.43243243243243,31,40,worldnews
worldnews,2026-04-11,0.2336048780487805,0.14634146341463414,41,25.70731707317073,30,41,worldnews
worldnews,2026-04-12,0.19964666666666667,0.1,30,22.366666666666667,26,42,worldnews
worldnews,2026-04-13,0.21574545454545455,0.09090909090909091,55,26.581818181818182,33,43,worldnews
worldnews,2026-04-14,0.27968125,0.21875,32,25.90625,24,44,worldnews
worldnews,2026-04-15,0.4793891891891892,0.40540540540540543,37,27.62162162162162,27,45,worldnews
worldnews,2026-04-16,0.2894326086956522,0.1956521739130435,46,27.82608695652174,32,46,worldnews
worldnews,2026-04-17,0.24889642857142857,0.14285714285714285,28,25.285714285714285,23,47,worldnews
worldnews,2026-04-18,0.24253333333333335,0.14285714285714285,42,22.595238095238095,31,48,worldnews
worldnews,2026-04-19,0.1553,0.07317073170731707,41,27.414634146341463,30,49,worldnews
worldnews,2026-04-20,0.38359333333333334,0.3,30,28.566666666666666,25,50,worldnews
worldnews,2026-04-21,0.3085897435897436,0.2564102564102564,39,24.23076923076923,31,51,worldnews
worldnews,2026-04-22,0.250575,0.15,40,29.75,28,52,worldnews
worldnews,2026-04-23,0.32543666666666665,0.23333333333333334,30,25.466666666666665,28,53,worldnews
worldnews,2026-04-24,0.21297826086956523,0.13043478260869565,46,21.804347826086957,33,54,worldnews
worldnews,2026-04-25,0.2120509433962264,0.16981132075471697,53,24.30188679245283,37,55,worldnews
worldnews,2026-04-26,0.2263186046511628,0.13953488372093023,43,26.046511627906977,34,56,worldnews
worldnews,2026-04-27,0.29102105263157896,0.2894736842105263,38,29.105263157894736,31,57,worldnews
worldnews,2026-04-28,0.36301,0.3,40,33.225,29,58,worldnews
worldnews,2026-04-29,0.21850232558139535,0.09302325581395349,43,26.72093023255814,32,59,worldnews
worldnews,2026-04-30,0.24979791666666665,0.1875,48,29.729166666666668,34,60,worldnews
worldnews,2026-05-01,0.2534222222222222,0.16666666666666666,36,27.22222222222222,28,61,worldnews
worldnews,2026-05-02,0.2940083333333333,0.25,36,29.305555555555557,29,62,worldnews
worldnews,2026-05-03,0.26294166666666663,0.19444444444444445,36,23.36111111111111,28,63,worldnews
worldnews,2026-05-04,0.308075,0.2222222222222222,36,27.11111111111111,27,64,worldnews
worldnews,2026-05-05,0.1512,0.05,40,28.4,31,65,worldnews
worldnews,2026-05-06,0.30147586206896554,0.20689655172413793,29,23.137931034482758,27,66,worldnews
worldnews,2026-05-07,0.21416904761904765,0.11904761904761904,42,26.61904761904762,32,67,worldnews
worldnews,2026-05-08,0.22636285714285714,0.17142857142857143,35,28.82857142857143,29,68,worldnews
worldnews,2026-05-09,0.160428125,0.09375,32,29.15625,26,69,worldnews
worldnews,2026-05-10,0.2138114285714286,0.14285714285714285,35,26.542857142857144,26,70,worldnews
worldnews,2026-05-11,0.3049435897435897,0.20512820512820512,39,20.487179487179485,33,71,worldnews
worldnews,2026-05-12,0.32993478260869563,0.2608695652173913,23,32.130434782608695,21,72,worldnews
worldnews,2026-05-13,0.1788225806451613,0.06451612903225806,31,25.129032258064516,26,73,worldnews
worldnews,2026-05-14,0.33058163265306123,0.2857142857142857,49,32.40816326530612,37,74,worldnews
worldnews,2026-05-15,0.20596904761904763,0.09523809523809523,42,27.19047619047619,32,75,worldnews
worldnews,2026-05-16,0.2219809523809524,0.16666666666666666,42,28.857142857142858,33,76,worldnews
worldnews,2026-05-17,0.2792928571428571,0.19047619047619047,42,25.738095238095237,32,77,worldnews
worldnews,2026-05-18,0.2594875,0.175,40,24.8,30,78,worldnews
worldnews,2026-05-19,0.3817758620689655,0.3103448275862069,29,21.75862068965517,25,79,worldnews
worldnews,2026-05-20,0.21008333333333334,0.13333333333333333,30,24.166666666666668,23,80,worldnews
worldnews,2026-05-21,0.30884791666666667,0.25,48,26.5625,38,81,worldnews
worldnews,2026-05-22,0.22611282051282053,0.1282051282051282,39,28.94871794871795,32,82,worldnews
worldnews,2026-05-23,0.27482,0.175,40,27.875,36,83,worldnews
worldnews,2026-05-24,0.2128487804878049,0.12195121951219512,41,25.902439024390244,30,84,worldnews
worldnews,2026-05-25,0.4306025,0.375,40,25.75,29,85,worldnews
worldnews,2026-05-26,0.4747222222222222,0.4166666666666667,36,26.11111111111111,31,86,worldnews
worldnews,2026-05-27,0.35015,0.2916666666666667,48,25.5,37,87,worldnews
worldnews,2026-05-28,0.1905625,0.125,32,31.125,27,88,worldnews
worldnews,2026-05-29,0.33619062499999997,0.28125,32,28.1875,28,89,worldnews
worldnews,2026-05-30,0.26015,0.19444444444444445,36,29.5,27,90,worldnews
worldnews,2026-05-31,0.5249764705882353,0.47058823529411764,34,25.794117647058822,28,91,worldnews
worldnews,2026-06-01,0.3775275862068965,0.27586206896551724,29,29.06896551724138,26,92,worldnews
worldnews,2026-06-02,0.3368127659574468,0.2553191489361702,47,30.25531914893617,33,93,worldnews
worldnews,2026-06-03,0.3272538461538461,0.23076923076923078,26,26.615384615384617,24,94,worldnews
worldnews,2026-06-04,0.4018265306122449,0.32653061224489793,49,27.93877551020408,34,95,worldnews
worldnews,2026-06-05,0.46478536585365854,0.4146341463414634,41,21.829268292682926,29,96,worldnews
worldnews,2026-06-06,0.43694999999999995,0.425,40,26.025,34,97,worldnews
worldnews,2026-06-07,0.4850608695652174,0.4782608695652174,46,25.282608695652176,45,98,worldnews
worldnews,2026-06-08,0.36425526315789475,0.3157894736842105,38,28.526315789473685,30,99,worldnews
worldnews,2026-06-09,0.4212212121212121,0.42424242424242425,33,30.333333333333332,27,100,worldnews
worldnews,2026-06-10,0.4232914285714286,0.37142857142857144,35,26.542857142857144,28,101,worldnews
worldnews,2026-06-11,0.45088846153846157,0.34615384615384615,26,26.5,22,102,worldnews
worldnews,2026-06-12,0.6769060606060606,0.6666666666666666,33,26.181818181818183,30,103,worldnews
worldnews,2026-06-13,0.30374473684210523,0.2631578947368421,38,24.68421052631579,33,104,worldnews
worldnews,2026-06-14,0.42755714285714286,0.38095238095238093,42,27.095238095238095,33,105,worldnews
worldnews,2026-06-15,0.428265625,0.375,32,21.40625,28,106,worldnews
worldnews,2026-06-16,0.4552861111111111,0.3888888888888889,36,22.694444444444443,32,107,worldnews
worldnews,2026-06-17,0.45310689655172415,0.41379310344827586,29,29.310344827586206,27,108,worldnews
worldnews,2026-06-18,0.5397695652173913,0.4782608695652174,23,21.304347826086957,20,109,worldnews
worldnews,2026-06-19,0.5050978723404255,0.48936170212765956,47,24.382978723404257,44,110,worldnews
worldnews,2026-06-20,0.4958425,0.475,40,22.325,33,111,worldnews
worldnews,2026-06-21,0.6289176470588235,0.5882352941176471,34,26.058823529411764,28,112,worldnews
worldnews,2026-06-22,0.4728423076923077,0.38461538461538464,26,27.346153846153847,23,113,worldnews
worldnews,2026-06-23,0.5471432432432433,0.4864864864864865,37,24.972972972972972,34,114,worldnews
worldnews,2026-06-24,0.5951914285714286,0.5428571428571428,35,26.97142857142857,31,115,worldnews
worldnews,2026-06-25,0.5874206896551724,0.6206896551724138,29,24.379310344827587,26,116,worldnews
worldnews,2026-06-26,0.5985444444444444,0.6222222222222222,45,28.133333333333333,39,117,worldnews
worldnews,2026-06-27,0.6074469387755103,0.5918367346938775,49,27.285714285714285,36,118,worldnews
worldnews,2026-06-28,0.5523,0.5675675675675675,37,27.675675675675677,34,119,worldnews
worldnewshub,2026-03-01,0.6798774193548387,0.6451612903225806,31,26.096774193548388,27,0,worldnewshub
worldnewshub,2026-03-02,0.55149,0.525,40,24.0,34,1,worldnewshub
worldnewshub,2026-03-03,0.4622478260869565,0.391304347826087,23,33.30434782608695,21,2,worldnewshub
worldnewshub,2026-03-04,0.38926666666666665,0.37037037037037035,27,32.77777777777778,24,3,worldnewshub
worldnewshub,2026-03-05,0.2816157894736842,0.21052631578947367,19,29.736842105263158,17,4,worldnewshub
worldnewshub,2026-03-06,0.2962666666666667,0.2777777777777778,18,28.555555555555557,17,5,worldnewshub
worldnewshub,2026-03-07,0.4443380952380952,0.38095238095238093,21,21.61904761904762,20,6,worldnewshub
worldnewshub,2026-03-08,0.4656708333333333,0.4166666666666667,24,35.125,22,7,worldnewshub
worldnewshub,2026-03-09,0.6487578947368421,0.631578947368421,19,20.526315789473685,19,8,worldnewshub
worldnewshub,2026-03-10,0.4427333333333333,0.4666666666666667,15,28.0,11,9,worldnewshub
worldnewshub,2026-03-11,0.35943888888888886,0.3333333333333333,18,24.0,18,10,worldnewshub
worldnewshub,2026-03-12,0.3664,0.35,20,29.5,18,11,worldnewshub
worldnewshub,2026-03-13,0.35256129032258066,0.3225806451612903,31,25.70967741935484,27,12,worldnewshub
worldnewshub,2026-03-14,0.35502727272727275,0.3181818181818182,22,30.0,20,13,worldnewshub
worldnewshub,2026-03-15,0.39778148148148146,0.37037037037037035,27,25.0,24,14,worldnewshub
worldnewshub,2026-03-16,0.4299823529411765,0.35294117647058826,17,21.764705882352942,16,15,worldnewshub
worldnewshub,2026-03-17,0.49355000000000004,0.5,20,21.75,16,16,worldnewshub
worldnewshub,2026-03-18,0.30713076923076926,0.3076923076923077,13,22.923076923076923,13,17,worldnewshub
worldnewshub,2026-03-19,0.518972,0.48,25,16.4,23,18,worldnewshub
worldnewshub,2026-03-20,0.40095882352941176,0.35294117647058826,17,26.705882352941178,15,19,worldnewshub
worldnewshub,2026-03-21,0.40527599999999997,0.36,25,31.04,21,20,worldnewshub
worldnewshub,2026-03-22,0.3434407407407407,0.2962962962962963,27,27.11111111111111,25,21,worldnewshub
worldnewshub,2026-03-23,0.455815,0.4,20,26.8,19,22,worldnewshub
worldnewshub,2026-03-24,0.5222333333333333,0.47619047619047616,21,26.904761904761905,19,23,worldnewshub
worldnewshub,2026-03-25,0.5354263157894736,0.5789473684210527,19,22.526315789473685,16,24,worldnewshub
worldnewshub,2026-03-26,0.34780526315789473,0.3157894736842105,19,35.05263157894737,17,25,worldnewshub
worldnewshub,2026-03-27,0.4182318181818182,0.36363636363636365,22,20.681818181818183,19,26,worldnewshub
worldnewshub,2026-03-28,0.40853,0.45,20,27.1,18,27,worldnewshub
worldnewshub,2026-03-29,0.5132157894736843,0.42105263157894735,19,25.157894736842106,19,28,worldnewshub
worldnewshub,2026-03-30,0.5173689655172414,0.4827586206896552,29,26.17241379310345,25,29,worldnewshub
worldnewshub,2026-03-31,0.4331714285714286,0.39285714285714285,28,24.571428571428573,25,30,worldnewshub
worldnewshub,2026-04-01,0.4063555555555556,0.3888888888888889,18,24.38888888888889,16,31,worldnewshub
worldnewshub,2026-04-02,0.47230555555555553,0.3888888888888889,18,35.0,17,32,worldnewshub
worldnewshub,2026-04-03,0.47565217391304343,0.391304347826087,23,23.47826086956522,23,33,worldnewshub
worldnewshub,2026-04-04,0.42207857142857147,0.39285714285714285,28,24.142857142857142,27,34,worldnewshub
worldnewshub,2026-04-05,0.62876,0.6,5,37.0,5,35,worldnewshub
worldnewshub,2026-04-06,0.4825055555555556,0.5,18,26.666666666666668,14,36,worldnewshub
worldnewshub,2026-04-07,0.6459769230769231,0.6538461538461539,26,20.46153846153846,23,37,worldnewshub
worldnewshub,2026-04-08,0.572692,0.56,25,23.08,22,38,worldnewshub
worldnewshub,2026-04-09,0.3905947368421053,0.3684210526315789,19,28.68421052631579,17,39,worldnewshub
worldnewshub,2026-04-10,0.6096055555555555,0.5,18,25.72222222222222,18,40,worldnewshub
worldnewshub,2026-04-11,0.5361380952380953,0.5238095238095238,21,29.80952380952381,16,41,worldnewshub
worldnewshub,2026-04-12,0.5384608695652174,0.5217391304347826,23,25.347826086956523,20,42,worldnewshub
worldnewshub,2026-04-13,0.5367296296296297,0.5555555555555556,27,27.962962962962962,22,43,worldnewshub
worldnewshub,2026-04-14,0.5984481481481482,0.5555555555555556,27,32.03703703703704,23,44,worldnewshub
worldnewshub,2026-04-15,0.34847333333333336,0.26666666666666666,15,37.333333333333336,14,45,worldnewshub
worldnewshub,2026-04-16,0.36732631578947367,0.3684210526315789,19,26.736842105263158,17,46,worldnewshub
worldnewshub,2026-04-17,0.5165846153846154,0.46153846153846156,13,19.153846153846153,12,47,worldnewshub
worldnewshub,2026-04-18,0.4071458333333333,0.375,24,21.041666666666668,21,48,worldnewshub
worldnewshub,2026-04-19,0.5517772727272727,0.5454545454545454,22,30.363636363636363,20,49,worldnewshub
worldnewshub,2026-04-20,0.6745916666666667,0.6666666666666666,24,26.666666666666668,22,50,worldnewshub
worldnewshub,2026-04-21,0.38514,0.3,20,27.0,20,51,worldnewshub
worldnewshub,2026-04-22,0.5064958333333333,0.4166666666666667,24,26.875,23,52,worldnewshub
worldnewshub,2026-04-23,0.60154,0.6,15,33.2,14,53,worldnewshub
worldnewshub,2026-04-24,0.54752,0.5,20,18.85,20,54,worldnewshub
worldnewshub,2026-04-25,0.3102307692307692,0.3076923076923077,13,24.692307692307693,13,55,worldnewshub
worldnewshub,2026-04-26,0.46767142857142857,0.42857142857142855,21,25.571428571428573,19,56,worldnewshub
worldnewshub,2026-04-27,0.5650647058823529,0.5882352941176471,17,36.0,15,57,worldnewshub
worldnewshub,2026-04-28,0.49302399999999996,0.48,25,28.04,21,58,worldnewshub
worldnewshub,2026-04-29,0.4925,0.42857142857142855,7,28.714285714285715,7,59,worldnewshub
worldnewshub,2026-04-30,0.5320653846153847,0.5,26,32.23076923076923,23,60,worldnewshub
worldnewshub,2026-05-01,0.32517142857142856,0.23809523809523808,21,39.857142857142854,16,61,worldnewshub
worldnewshub,2026-05-02,0.5038,0.46153846153846156,13,31.153846153846153,13,62,worldnewshub
worldnewshub,2026-05-03,0.30619411764705884,0.23529411764705882,17,32.64705882352941,14,63,worldnewshub
worldnewshub,2026-05-04,0.7649111111111111,0.8333333333333334,18,33.27777777777778,15,64,worldnewshub
worldnewshub,2026-05-05,0.35205294117647057,0.29411764705882354,17,25.235294117647058,16,65,worldnewshub
worldnewshub,2026-05-06,0.44106500000000004,0.4,20,33.35,19,66,worldnewshub
worldnewshub,2026-05-07,0.39155294117647055,0.29411764705882354,17,23.294117647058822,15,67,worldnewshub
worldnewshub,2026-05-08,0.413516,0.4,25,26.0,22,68,worldnewshub
worldnewshub,2026-05-09,0.47978333333333334,0.43333333333333335,30,21.7,26,69,worldnewshub
worldnewshub,2026-05-10,0.316316,0.28,25,26.6,21,70,worldnewshub
worldnewshub,2026-05-11,0.36518235294117646,0.35294117647058826,17,40.529411764705884,17,71,worldnewshub
worldnewshub,2026-05-12,0.6987272727272728,0.6818181818181818,22,32.09090909090909,19,72,worldnewshub
worldnewshub,2026-05-13,0.4622764705882353,0.4117647058823529,17,26.352941176470587,16,73,worldnewshub
worldnewshub,2026-05-14,0.5075285714285714,0.42857142857142855,14,26.214285714285715,13,74,worldnewshub
worldnewshub,2026-05-15,0.5403217391304348,0.5217391304347826,23,21.17391304347826,21,75,worldnewshub
worldnewshub,2026-05-16,0.4232090909090909,0.36363636363636365,22,31.727272727272727,17,76,worldnewshub
worldnewshub,2026-05-17,0.4118117647058823,0.4117647058823529,17,29.058823529411764,15,77,worldnewshub
worldnewshub,2026-05-18,0.26251515151515153,0.24242424242424243,33,20.939393939393938,27,78,worldnewshub
worldnewshub,2026-05-19,0.59235,0.5833333333333334,12,32.666666666666664,11,79,worldnewshub
worldnewshub,2026-05-20,0.3835769230769231,0.38461538461538464,26,27.076923076923077,23,80,worldnewshub
worldnewshub,2026-05-21,0.371,0.2631578947368421,19,27.94736842105263,18,81,worldnewshub
worldnewshub,2026-05-22,0.5191222222222222,0.4444444444444444,27,34.148148148148145,25,82,worldnewshub
worldnewshub,2026-05-23,0.415492,0.36,25,27.28,23,83,worldnewshub
worldnewshub,2026-05-24,0.3531923076923077,0.3076923076923077,13,21.076923076923077,13,84,worldnewshub
worldnewshub,2026-05-25,0.41409999999999997,0.35294117647058826,17,25.352941176470587,15,85,worldnewshub
worldnewshub,2026-05-26,0.66875,0.625,16,32.375,15,86,worldnewshub
worldnewshub,2026-05-27,0.3694148148148148,0.3333333333333333,27,27.11111111111111,24,87,worldnewshub
worldnewshub,2026-05-28,0.5457235294117647,0.5294117647058824,17,33.705882352941174,14,88,worldnewshub
worldnewshub,2026-05-29,0.34747727272727275,0.3181818181818182,22,26.318181818181817,18,89,worldnewshub
worldnewshub,2026-05-30,0.34944400000000003,0.32,25,27.6,22,90,worldnewshub
worldnewshub,2026-05-31,0.40085,0.36363636363636365,22,33.36363636363637,17,91,worldnewshub
worldnewshub,2026-06-01,0.5291708333333334,0.5,24,33.416666666666664,21,92,worldnewshub
worldnewshub,2026-06-02,0.420365,0.4,20,22.9,17,93,worldnewshub
worldnewshub,2026-06-03,0.6504545454545454,0.6363636363636364,11,27.272727272727273,10,94,worldnewshub
worldnewshub,2026-06-04,0.5407636363636364,0.5,22,23.318181818181817,21,95,worldnewshub
worldnewshub,2026-06-05,0.36095,0.36363636363636365,22,18.181818181818183,20,96,worldnewshub
worldnewshub,2026-06-06,0.4024625,0.375,24,23.208333333333332,22,97,worldnewshub
worldnewshub,2026-06-07,0.4036764705882353,0.35294117647058826,17,19.88235294117647,15,98,worldnewshub
worldnewshub,2026-06-08,0.41659615384615384,0.38461538461538464,26,26.73076923076923,23,99,worldnewshub
worldnewshub,2026-06-09,0.5315411764705883,0.5294117647058824,17,33.411764705882355,17,100,worldnewshub
worldnewshub,2026-06-10,0.45192,0.45,20,22.95,17,101,worldnewshub
worldnewshub,2026-06-11,0.6235607142857144,0.5714285714285714,28,28.25,24,102,worldnewshub
worldnewshub,2026-06-12,0.36505238095238096,0.2857142857142857,21,24.095238095238095,19,103,worldnewshub
worldnewshub,2026-06-13,0.24748947368421054,0.10526315789473684,19,31.105263157894736,18,104,worldnewshub
worldnewshub,2026-06-14,0.3681884615384616,0.3076923076923077,26,26.5,22,105,worldnewshub
worldnewshub,2026-06-15,0.65681,0.7,20,21.55,16,106,worldnewshub
worldnewshub,2026-06-16,0.4590791666666667,0.4166666666666667,24,30.541666666666668,23,107,worldnewshub
worldnewshub,2026-06-17,0.6102130434782609,0.6086956521739131,23,20.434782608695652,22,108,worldnewshub
worldnewshub,2026-06-18,0.6668111111111111,0.6666666666666666,27,25.666666666666668,19,109,worldnewshub
worldnewshub,2026-06-19,0.48320399999999997,0.44,25,25.52,24,110,worldnewshub
worldnewshub,2026-06-20,0.43025263157894733,0.3684210526315789,19,20.736842105263158,18,111,worldnewshub
worldnewshub,2026-06-21,0.331808,0.28,25,14.28,17,112,worldnewshub
worldnewshub,2026-06-22,0.3821806451612903,0.3225806451612903,31,20.032258064516128,26,113,worldnewshub
worldnewshub,2026-06-23,0.4517421052631579,0.42105263157894735,19,24.894736842105264,15,114,worldnewshub
worldnewshub,2026-06-24,0.33181,0.25,20,33.95,20,115,worldnewshub
worldnewshub,2026-06-25,0.373575,0.4,20,28.45,19,116,worldnewshub
worldnewshub,2026-06-26,0.4539307692307692,0.4230769230769231,26,22.96153846153846,21,117,worldnewshub
worldnewshub,2026-06-27,0.3856833333333333,0.3333333333333333,18,23.444444444444443,17,118,worldnewshub
worldnewshub,2026-06-28,0.32563333333333333,0.2857142857142857,21,25.904761904761905,20,119,worldnewshub
