subreddit,body,toxicity,is_toxic
india,"@MyKat_Meows I don't know, I'm hoe-less, so I don't know where they congregate",0.0036,0
IOLauto,@Crewz76 I miss Tupac rap offs hillbilly,0.0212,0
newsbotbot,"I was kidding guys I don't have hoes, don't let @Lov3Tadaisha lie to y'all.",0.0843,0
worldnews,@Blue_DreamMN @ExpectoMichaela seriously.. After that first conversation on your status he fb messaged me calling me a fag lololol,0.3547,0
nottheonion,I'm just tryna get to sleep before the birds start getting rowdy.,0.012,0
CHICAGOSUNauto,Same hoe said I couldn't get it tryna kick it.,0.0916,0
GUARDIANauto,@OTG_Kapo thats what i call it too !! Lol its beyond ghetto smh but man u needa quit playin and come back,0.2944,0
europe,RT @FunnyPicsDepot: pussy ass nigga http://t.co/lXONrmTQTK,0.9888,1
HTauto,@lvnzo oh hell no they act proper and i live in richardson much finer then the hoes in ducanville,0.4397,0
politics,Good Morning to you hoes and pimps.,0.1418,0
WAPOauto,@deno_5 @kaitlyninst0ne you're reading you coon,0.0526,0
BBCauto,Bussin bitches with my Gwale' Gwalas,0.9935,1
HTauto,@Djlouis12 at my club ho (;,0.0009,0
UMukhasimAutoNews,"RT @SSNAlerts: Rick Scott takes 49% of vote, Charlie Crist takes 46%. Scott wins second term: http://t.co/MmkyGCYVG1 #sayfie #FlaPol http:/&#8230;",0.0014,0
politics,Tattoos are about expression not meaning. One mans trash is another mans treasure &#128161;&#128176;,0.0892,0
TELEGRAPHauto,"Hmm.. Ass all chunky, brain is insanity.",0.9732,1
willis7737_news,Is this hoe gone dm me back,0.17,0
willis7737_news,"""@RTNBA: Drakes new shoes that will be released by Nike/Jordan.... Yes, there's glitter on the shoes http://t.co/QCtPLxHEXM"" ....dudes a fag",0.3174,0
mobilityreport,RT @connorbagen: You know she's a dyke when she asks for men's golf clubs,0.5399,1
mobilityreport,@Doop_3 lol shid who got one? Boy my ass lonely as a bitch. You cuffed up ain't ya,0.9935,1
CBSauto,I can't ever eat roast beef anymore without thinkin bout dark skin twat.. thanks a lot twitter/ig,0.047,0
IRISHTIMESauto,@BjwalkinRIVERS bro that hoe live,0.0914,0
Conservative,@Amizzyy_ Lol that hoe did numbers,0.008,0
willis7737_news,"@PushinUpRoses My current favorite line is Shea Moisture. It's at Target and CVS. Great for dry, curly, and/or colored hair.",0.0007,0
SMHauto,RT @TevGonzalez: You win some and lose some long as you get it on you aint a bitch.,0.9767,1
EnoughTrumpSpam,@Eric_Mariners @chief_peters @LEXXX_RUGER @MANIAC3X @Rodriguez5_ this hoe wasn't loyal http://t.co/LG83fwLdwp,0.0234,0
TORONTOSTARauto,"@ToulaBaby faggot is a public spectacle. most gays are not fags.
public display gets public opinion.",0.966,1
TORONTOSTARauto,Funny thing is....it's not just the people doing it. It's the people who seeing these pics and judging the birds. Just as wrong.,0.0008,0
worldnewshub,@Ican_onlyb_Nika them bitches be smackin,0.9976,1
ukpolitics,OH NO @morningmika are you saying the Democrats lost the #teabagger vote? LMAO bobble head #morningjoe,0.1224,0
CHICAGOSUNauto,Keep to myself this year bitches reckless,0.9728,1
INDEPENDENTauto,RT @LeezyTheWarrior: Can't be letting them messy hoes mess with yo business...,0.0966,0
unitedkingdom,"RT @MsKeeKee90s: @t_ndyy haha Oreo lol. Well I gota do dee's video for his dance soon, I can show you how to use equipment and that x",0.011,0
willis7737_news,@Paixj_ right these hoes ain't loyal,0.4943,0
GUARDIANauto,Should #Oscar go to @AndySerkis or #Computer that turned him into an ape? http://t.co/oWgoCjxpXs NO...The #ComputerScience major #Movie,0.038,0
CHICAGOSUNauto,#Yankees I ain't complaining about the Royals win or lose game7. They showed heart. AL ride or die! No flex zone. They earned it!,0.3834,0
WAEXauto,"""@deepthroatMike: ""@Boys_South: Take me for a ride &#128525;&#128139; http://t.co/H5mAtjYfGA""#redneck"" woof woof",0.0071,0
newsbotbot,RT @MyDickIsCalled: My dick is called Taco Bell because bitches love it in their mouths but hate it in their ass.,0.9973,1
ABCauto,This Charlie Murder game is pretty dope #Xbla,0.1071,0
CHINADAILYauto,"Mitt Romney Gone take away weave if he become President, hoes gone be walkin around looking like Lil Bill &amp; Calliou...",0.1156,0
CHINADAILYauto,RT @MilesM_05: How ghetto girls start their fights &#128514; https://t.co/WyKh16PLek,0.1613,0
GUARDIANauto,"@DerekIsNormal RT @crappyfactsare McRib buns contain a chemical ""azodicarbonamide"" which is also used to make yoga mats &amp; soles of shoes",0.2232,0
WAPOauto,"'Eff it, let's go after the cripple&#8217;: You have to see Wendy Davis' new attack ad [video] http://t.co/WapBCHhuru",0.0272,0
TORONTOSTARauto,"RT @janesports: As NFL reportedly asks bird-flipping M.I.A. for another $15M, let's revisit @SarahSpain's column on ridiculousness: http://&#8230;",0.0041,0
BANGKOKPOSTauto,@SSickStory Lester tried to eat your bird,0.2476,0
HTauto,RT @LiberalPhenom: Who on GZ's defense team is paying media to trash the prosecution constantly? @ThomasARoberts,0.0085,0
ukpolitics,@foreverschmoked vertical nip bars..I already have horizontal ones so I think it'll look hella cute,0.0293,0
NDTVauto,RT @efromthelost: @ObieOneHHH #doggpound never left hip hop fans just turned into hoes. Literally ratchet broads that pretend to like baske&#8230;,0.5165,1
SLTRIBauto,"""@ashlingwilde: @ItsNotAdam is bored supposed to be cute, you faggot?"" Sometimes",0.9079,1
GUARDIANauto,"""@jasmyncyniquee: @white_thunduh k bye hoe"" um bye ..",0.0041,0
HTauto,@kenzieblake2015 its pretty easy actually. I'm just the cashier. Right now I'm eating those animal crackers lolol :),0.0036,0
VANGUARDauto,"RT @SportsCenter: BREAKING: Louisville coach Charlie Strong is expected to accept Texas job, according to ESPN &amp; media reports &#187; http://t.c&#8230;",0.0006,0
unitedkingdom,Four ho&#251;rs to back up this iPhone haha... Jokes &#128530;,0.0033,0
EnoughTrumpSpam,Mfs don't care about tha kid except a few of my niggas &amp; my bitch,0.9909,1
SDauto,RT @VerseCharacter: When niggas want bitches like trey &#128557;&#128557;&#128557;&#128514; https://t.co/1hEIyCMQod,0.9648,1
Futurology,RT @_iChrisP: &#8220;@Shane_A1: swear me n zee da only niccas who aint got da update yet&#8221;&lt;I'm right there wit cha bruh,0.0127,0
willis7737_news,wow im a bitch????? nice to fucking know.,0.9956,1
WAEXauto,Young Gem &amp; Don Chief been killing it in the yo...going in on that real music..no bubble gum trash in the booth... http://t.co/lkjNb7uZmt,0.1256,0
CBSauto,RT @Based_Unicorns: Humpday hoe.,0.0021,0
HTauto,"@TheClaireBear36 Don't like to trash talking either way. But to be fair, that's just on Twitter. I'm having a ball on texts.",0.0607,0
newsbotbot,"Lol Sam said ""Betty Boop"" is a hoe &#128514;",0.1825,0
mobilityreport,never have I seen a toddler chug a water bottle so fast lol,0.1537,0
WAEXauto,UPDATE: Three arrsted after German gay guy left in critical condition after being fag bashed in Belgrade http://t.co/5TNwQ2e7Q5,0.4619,0
MBauto,RT @CraziestSex: Sucking dick &amp; eating pussy is apart of sex. If you think it's nasty then maybe your ass is too YOUNG to be fucking in the&#8230;,0.9984,1
MBauto,Fucking pussy bruh lol,0.9963,1
NYPOSTauto,RT @Beard_KW: LMFAOOOOO RT @RealRaymondJ: Which one of y'all toothless hoes made this? &#128553;&#128514; http://t.co/q1YV6rhL0L,0.2331,0
willis7737_news,Panda Express is so trash but I wanted Chinese and didn't feel like gettin out the car,0.3347,0
CHICAGOSUNauto,Whops @_JAMAICAJONES yardie. Go smoke a blunt and tell a nigga to come through. You are stressed,0.9838,1
mobilityreport,RT @Magssca: &#8220;@uce_INA: @Magssca you aint gon take a pic tho&#8221; &#128133; not scared to I'm in a Japanese steakhouse tho bitch was walking quick,0.8917,1
Conservative,"@iLikeGirlsDaily ""rate my hoe"" @MakeItKNasty",0.1263,0
TETauto,"RT @jenebooks: @WhistGoddess i was about to be like ""r u queer"" but c'mon Jen do u even need to ask",0.3277,0
DonaldTrumpWhiteHouse,RT @MyJim_AintSlim: Chris Brown reached maximum level of Icy with this hoe. http://t.co/SAhGE1wGaS,0.0042,0
BBCauto,like a bitch wit no ass u ain't shit,0.9968,1
news,RT @05proFESSOR: Columbus found America and we killed some injuns #SinceTheCubsWonAWorldSeries,0.6181,1
NYPOSTauto,RT @VinceSports: Best #CollegeGameday sign ever! The Dak-ness is spreading! Charlie Murphy's True Hollywood Stories. #ChappelleShow http://&#8230;,0.0008,0
ukpolitics,RT @Joan_Rivers: Charlie Sheen will star in a new sitcom as an anger management therapist. So what's next? Casey Anthony as the owner of ...,0.0013,0
NDTVauto,RT @SneakerPics23: Oreo 6's http://t.co/Jx9DD9oahY,0.003,0
UMukhasimAutoNews,RT @AG2Pearl: Black Americans Are Worse Off Under BHO http://t.co/k4IwEugNyx Well researched article...bound to elicit cries of Uncle Tom &#8230;,0.2672,0
FRANCE24auto,"""@socass_: Dude remember this wop video? @00sexilexi00 http://t.co/P3HEuBOQBu"" OMG WHERE DID YOU FIND THAT",0.0013,0
Futurology,RT @IamTysonBettis: When u love her none of them hoes matter..,0.1315,0
NDTVauto,Is Hillary the &#8216;dodo bird&#8217; candidate? http://t.co/3FyoSi28Jm via @worldnetdaily,0.0007,0
INDEPENDENTauto,Good pick birds,0.001,0
WAPOauto,@Get__Em__Craig funky hoe you gone solo,0.1468,0
SLTRIBauto,"RT @audizzle: Quote of last night, @GinaGaus telling me to find her a curved stick and she'll make a crossbow to shoot a bird down",0.0271,0
conspiracy,eagles are fucking cunts http://t.co/nK2CO0snNv,0.9984,1
europe,@KiaraSmallzz lmaoo &#128514;&#128149;I think I want this bitch YA me tiene cansada but thanks &#128536;wait hold up ... Who u fighting &#128563;,0.9254,1
willis7737_news,RT @Airjack3: RT @1017_Sqquad: Iont got not type ... Bad bitches is the only thing that I like,0.9212,1
unitedkingdom,Some rednecks just raced down the freeway &gt;_e,0.2311,0
NYPOSTauto,Pappadeaux got the best chicken strips I swear I squeeze lemons over them hoes!,0.0869,0
SkydTech,@aerinblazin right &#128514;&#128557; okay bitch,0.976,1
newsbotbot,RT @deecatanz: Lmao hoes now a days &#128514;&#128581;,0.0097,0
FRANCE24auto,RT @LilyBean1313: And I thought I had a problem! #Oreos http://t.co/jfrBKzE1T5,0.0018,0
movies,"@Morning_Joe If NBC has elected you to be a spokesman for NBC they are in a lot of trouble. I and friends will no longer watch NBC trash

1",0.0142,0
ukpolitics,Charlie Furbush #WhyDidIGoogle @midnight,0.0038,0
NYPOSTauto,RT @BellefemLaVie: @GANGLANDABBY these niggaz bare backing any and every bitch out here&#128530;,0.9658,1
MBauto,RT @harrryaf: being a good citizen picking up trash (: http://t.co/PMFR5eopwO,0.4409,0
conspiracy,RT @MenstruaI: hearing a bitch tell a story and all u can think is &#8220;lie lie lie&#8221; &#128530;,0.9235,1
BANGKOKPOSTauto,"RT @Factsionary: Pink ""albino"" dolphins are extremely rare but do exist in the wild. http://t.co/gWyLpgC9lP",0.0016,0
news,@elchavaloko what's the difference between the three of the nig Nog's?,0.3456,0
CHINADAILYauto,RT @virleehol: @cbinflux Well we sure as heck know how to read. I'm reading the trash right now and almost everything I've heard on the web&#8230;,0.1028,0
unitedkingdom,@SportsGrind @RudyJay711 that was my mock done on a simulator check it out pick your team how many rounds and go for it,0.001,0
newsbotbot,RT @PattyChocMilk: #teabagger math http://t.co/lOiZi6fM6U,0.0011,0
The_Donald,I think I'll just eat this brownie and pass out,0.0121,0
SDauto,@CoolStoryIsaac thisty hoe,0.2059,0
NBCauto,RT @HolyJacob: #InBaltimore if you attractive everyby will believe you have the niggas/bitches regardless of if you really do or do not,0.9464,1
MBauto,RT @DeolaCola: They don't make R&amp;B like THIS anymore!!!!!!! Dudes used to make you feel good about busting it wide open not call you a hoe &#8230;,0.31,0
VANGUARDauto,"McCann, although not having the greatest of seasons, would be a step up from Russel Martin. McCann or Carlos Ruiz #MLB #Yankees",0.0007,0
canada,@RatchetSue the only thing better than a bargain is a Yankee bargain.,0.0123,0
BANGKOKPOSTauto,"Every time I play a Patapon game and hear the ""Ushishi Theme"", I think of a beatboxing monkey. ""YO YO YO GET UPPA!!!""",0.1831,0
TheColorIsOrange,"RT @DezzzyBo: I want attention yet she's on twitter talking about getting somebodies dick wet tonight and what her tongue does, deez hoes g&#8230;",0.9524,1
AutoNewspaper,RT @SnipersInPeril: @ShinSnipes happy birthday my little cotton picker,0.0501,0
NYPOSTauto,RT @LiberalPhenom: Who on GZ's defense team is paying media to trash the prosecution constantly? @ThomasARoberts,0.0085,0
TheNewsFeed,RT @xXxRAIDERCH1CKA: We all know dumb bitches like this http://t.co/dq9yKQFV,0.985,1
SDauto,A 50 dollar card make a young nicca go hard .. Throw in a cell phone i can get you left on the yard!,0.0318,0
europe,Now I seperate from niggas I don't trust niggas that ain't starve wit me and all the bitches I didn't fuc !,0.9909,1
newsbotbot,"Oreo Shake, I want you.",0.0253,0
BANGKOKPOSTauto,RT @IAMMISSRAMIREZ: Charlie Sheen is the man lol http://t.co/FCfSbvAphh,0.0032,0
TORONTOSTARauto,"@jesslaw Ha! I'm actually going to see a Yankee game, as weird as it sounds. My uncle's house in NJ is an hour away.",0.0013,0
CHINADAILYauto,Watched some crows eat a sandwich,0.0538,0
FOXauto,Need a bitch to drop it down for a niggah,0.9833,1
TheNewsFeed,"@gayle_ryan I don't hate the Japs. But, I AINT FORGETTING GETTIN JAPPED EITHER.",0.3819,0
GUARDIANauto,"RT @AdviceToWriters: A bird doesn't sing because it has an answer, it sings because it has a song.
MAYA ANGELOU

#poetry #writing",0.0008,0
NDTVauto,We need hoes,0.2636,0
CHINADAILYauto,u that nigga RT @Charmin_Harmon I have no idea how random jiggas be knowing my name at work smh.,0.9654,1
VANGUARDauto,RT @KeithOlbermann: @MarkDBrown0824 you mean like the Yankees did this year when they prioritized a farewell tour over a playoff run?,0.0014,0
newsbotbot,RT @magicjuice: #giantduck #pittsburghduck #yellow #livestream #wpxi #nofliter @ Duckburgh http://t.co/AnAX2lzcRi,0.0023,0
WAEXauto,RT @VinceSports: Best #CollegeGameday sign ever! The Dak-ness is spreading! Charlie Murphy's True Hollywood Stories. #ChappelleShow http://&#8230;,0.0008,0
TELEGRAPHauto,My homeboy got a hoe number on house arrest ... i said that's good she won't ask to go anywhere,0.0096,0
BANGKOKPOSTauto,RT @III_XXVIII_LIII: Omg the two monkey twins had never to call another girl ugly. They got thicker mustaches then me &#128534;,0.2683,0
The_Donald,This work shit for the birds....ion think it take 8 hours to do nothing....,0.8929,1
TIMESINDIAauto,"Apolonia Gardner of Imperial, CA misspells ""phalarope"" - a bird that resembles a sandpiper. The dreaded schwa! #spellingbee",0.012,0
SMHauto,RT @Beard_KW: LMFAOOOOO RT @RealRaymondJ: Which one of y'all toothless hoes made this? &#128553;&#128514; http://t.co/q1YV6rhL0L,0.2331,0
newsbotbot,"""@socass_: Dude remember this wop video? @00sexilexi00 http://t.co/P3HEuBOQBu"" OMG WHERE DID YOU FIND THAT",0.0013,0
EnoughTrumpSpam,RT @Coop_oz: I'm Tryna be like steez &#128175; bro got dem hoes rir,0.0704,0
TheNewsFeed,"RT @JoeBudden: Young, attractive, successful, supportive, faithful man w his own everything..u think bringing solely pussy to the table is &#8230;",0.4858,0
DonaldTrumpWhiteHouse,ME TOO!!! RT @FreeBandVersace @Miller_Hi_Life i'm finna look for tht hoe...but shiiiid...i know sumptin bout a (cont) http://tl.gd/b245js,0.0202,0
FOXauto,Charlie Furbush #WhyDidIGoogle @midnight,0.0038,0
RedditSample,@CinWicked Did you just call My Sweet Baboo a ho?!?!,0.3556,0
TORONTOSTARauto,Looks as if Federal Gun Laws to be proposed this week lack #AWB. Hope the #media and #antigun crowd choke on crow.,0.2943,0
NDTVauto,@louisck a video i made -- Porn Actress Sexy Capri Anderson Kissing Video with Charlie Sheen http://t.co/VTH4r762 via @youtube,0.2171,0
TELEGRAPHauto,Can't save these hoes,0.5308,1
TIMESINDIAauto,"Not ALL females constantly tweet about their boyfriends but I wish death on the ones that do. TIRED of you AND him, bitch",0.9908,1
willis7737_news,I'm sick and TIRED of #faggot #cages trying to see how long before #Moses kills a #Royal.................. #WorldSeries #barrybonds #jokes,0.9155,1
SMHauto,RT @yaboybillnye: u a 10? on the pH scale maybe cause you basic hoe,0.6021,1
SMHauto,@AyyMartt bitch where you been,0.9947,1
BANGKOKPOSTauto,"""@LaFlareGodJosh: Gucci Mane in jail and dropping mixtapes every month and you hoes can't even text back""",0.3418,0
BANGKOKPOSTauto,"and im retarded too, i keep answering the house phone when i know it aint for me :l",0.4701,0
WAPOauto,"Someone's mother called me a ""handsome, buff, yellow thang"" last night... my ego was temporarily elevated and @binniemouse was dying lol",0.474,0
UMukhasimAutoNews,Me and da @iamcolinquinn gonna do a reboot of da Jeffersons. Only dis time he gonna be Weezy and we married pre op trannies,0.3174,0
CHINADAILYauto,"RT @SportsCenter: Yankees survive 9th-inning scare to beat Rangers, 12-11.
&#8226; Gardner: 4-5, HR, RBI, 3 R
&#8226; Teixeira: 1-2, HR, 2 RBI, 3 R htt&#8230;",0.001,0
NBCauto,RT @CHlLDHOODRUINER: she taught these hoes how to pose http://t.co/aiObO34baA,0.1842,0
CHINADAILYauto,@OpalRose4UrSoul @duckydynamo @TreThreat it's a band negro,0.7022,1
TheNewsFeed,Live birds found in Elmo doll at US-Mexico border (from @AP) http://t.co/JCH9HQVlPl,0.0009,0
ukpolitics,"RT @Kamri_noToyota: &#8220;@Felz_: KING was fire RT @viaNAWF: King, TI vs tip and that troubleman albums all trash.&#8221; Most def",0.4482,0
The_Donald,Wiz lost his bitch to this nigga ain't no weed in the world strong enough to help him get over that http://t.co/L2xzrUqwkP,0.9936,1
NDTVauto,R&amp;B is so trash now compared to early 2000's.,0.2842,0
Techfeed,I was in the club and there was this good lookin bitch. ..she had gold teeth tho. I was confused smh,0.9468,1
movies,@37738921 reminds me of Oreos lmao,0.0024,0
conspiracy,RT @LHT_519: lmao that bitch saw the camera &amp; looked up at the big screen n then realized&#128128;&#128128; https://t.co/OoJQAbWFwJ,0.9059,1
CHICAGOSUNauto,Ain't been on this hoe all day,0.182,0
DonaldTrumpWhiteHouse,@Paixj_ right these hoes ain't loyal,0.4943,0
VANGUARDauto,This is so much fun! &#128070;&#128588; #1UBB #1ndiana #hoosiers #hoosierdaddy,0.0076,0
unitedkingdom,RT @10milekid: Hahahaha basic bitches so funny,0.9707,1
FRANCE24auto,"It's to many hoes 
Tryna act like the
Wifey type.",0.1152,0
CHICAGOSUNauto,RT @EarthPix: Up with the birds to fish on the Li River http://t.co/XnrAlT1PHM,0.0014,0
NBCauto,Brown is a color so my eyes are colored,0.0023,0
The_Donald,RT @MyJim_AintSlim: Chris Brown reached maximum level of Icy with this hoe. http://t.co/SAhGE1wGaS,0.0042,0
TETauto,RT @KreoleKilla: Fighting over a hoe is one of the lamest things you can do,0.1718,0
india,RT @iAm_Sashaa: get with the winning team hoe &#128523;,0.0036,0
CHICAGOSUNauto,"@OG_Dakota lemme just throw a 302 in it, how's the tranny??",0.0022,0
BBCauto,RT @TalibKweli: Do you want to hear the truth or are you only looking to hear what makes you feel all warm and fuzzy inside? I choose truth&#8230;,0.0009,0
CHINADAILYauto,RT @toddknife: Full @weakenednachos set (except the last song) from Southern Darkness Fest last month. Who's the ape on guitar? https://t.c&#8230;,0.0009,0
Futurology,wish I had a brownie or a dab to knock me out rn,0.0331,0
CBSauto,Everybody that's still on Facebook ghetto or pregnant idc.,0.375,0
FRANCE24auto,the birds out tonight,0.0009,0
TheNewsFeed,Ladies... LMaooo. . &#171;@cthagod RT if your pussy better than your personality.&#187;,0.9391,1
Techfeed,RT @Papi_Chulo25: The fact that all y'all hoes gettin pregnant wit no ring on ya finger &#128514;&#128514;&#128514;&#128514;&#128514;&#128514;,0.3846,0
WAEXauto,Lakers fans will feel the pain the Yankees fans are feeling today at the end of basketball season.,0.0016,0
IOLauto,"""@TEE_JONEZ: @KingCuh @16stanleys I'm not mad cuh hahaha"" suure.. tuku ho ita! &#128514;&#128514;",0.029,0
unitedkingdom,RT @_jeff_hank: @lgreiner3 @Versharky @RayceWarden @BigJohn_Studd fuck no id be gettin swole in there like everyday nigger,0.9948,1
HTauto,RT @marsrader: The incredible scales of celestial bodies. http://t.co/NZV80jRmiG,0.0007,0
GUARDIANauto,"Charlie Crist wins Democratic primary in Florida governor's race, AP projects http://t.co/Gy9uRBtQ1q via @WSJ",0.001,0
politics,"@KoryKisling we gotta get like 20 heads to go. Everyone brings tree, some bring food, bitches, and liquor of course.",0.8261,1
willis7737_news,RT @KINGTUNCHI_: Lol that same bitch I was cool with was was down to sit me up in get me kill in get on twitter in talk about it.,0.9192,1
DonaldTrumpWhiteHouse,RT @YepillPosts: If I had a dollar for every time I died on flappy bird http://t.co/pj8QSBTe2L,0.0036,0
mobilityreport,y'all hoes avoid schemes,0.3613,0
Conservative,Homemade Soup is very good with vegetables on the side with crackers http://t.co/LiRwGwkdzE,0.003,0
AutoNewspaper,She wonder why im into her when all these hoes be into me,0.3229,0
SMHauto,Talked to Deigo last night my dawg good like that bitch Maegan,0.9324,1
EnoughTrumpSpam,RT @ChinaAfricaBlog: A nice round-up of voices in #China #Africa relations: 'China-Africa Trade: The Oriental Allure' http://t.co/7DWJovmeB&#8230;,0.0006,0
india,"RT @Slygirl08: You say &#8220;potato&#8221;, your pimp says &#8220;put out, ho&#8221;.",0.138,0
TETauto,"""@iAMPickUpLines: You can call me Fireman cause I turn the hoes on.""",0.1779,0
VANGUARDauto,All hoe money is gooooooooooood,0.3369,0
The_Donald,I am for equality in the law for all people white black red yellow and blue. Homo's Hetero's well I draw the line... http://t.co/UGZyRtkAbw,0.2002,0
TETauto,The big homie Drizzy threatening these hoes... &#128518;&#128518;&#128518;,0.3543,0
IOLauto,"RT @hayybacon: &#8220;@phizzyph0: If she got the Chipotle Plug, Cuff that hoe&#8221; #TwitterlessAlex @vngelinaa_",0.0085,0
FOXauto,#ToMyFutureSon You can fuck dem hoes but you better not love dem hoes.,0.9974,1
SCMPauto,"That's a deal breaker, yo pussy shouldn't smell like my sweaty hooping shorts",0.9875,1
GUARDIANauto,@Billythathird @matt_sliwinski copy my tweet again you ginzo,0.3474,0
news,RT @NinerFans: #Seahawks fans are scheduled to meet up at Pier 39 on SAT. @ 5PM to trash talk and heckle San Franciscans! BE PREPARED! WEAR&#8230;,0.1711,0
GUARDIANauto,Iont see how some of you niggas fags!!,0.9661,1
MBauto,RT @VainHumility: Naming my son Caesar. Dawn of the apes is the absolute best movie I've ever seen in my entire life.,0.001,0
Techfeed,anybody remember that movie Thumbelina? I didn't noticed how flamin' the bird was until now,0.0008,0
WAPOauto,RT @wrongmusicvine: #MusicThatDoesntMatch These hoes aint loyal! http://t.co/prXCfleT2W,0.1569,0
india,Ive got the best friends a functioning retard could have.,0.8472,1
NYPOSTauto,RT @whodatth0: &#8220;@AAAdontplayy: lmfao hicks https://t.co/kNa2U0D2o0&#8221;lmfao,0.0036,0
MBauto,@Diishaidiamond lmao yesterday ? Them hoes was cute af lol,0.1449,0
WAPOauto,@DallyJackson I'm here now hoe,0.153,0
news,My bad dawg. That's yo hoe &#128564;,0.1017,0
TELEGRAPHauto,I wake up every morning wishing a bitch would.,0.9371,1
IRISHTIMESauto,FF has been consistently one of Marvel's worst properties. Ultimate FF was good; but the entire Ultimate universe is now in the trash.,0.0827,0
EcoInternet,Hoes and dey hoe poses,0.0296,0
VANGUARDauto,"@lloyd7121 @jjauthor @petermickley 
Approximately 1/2 in one crash. There wasn't supposed to be that many members of a seal team on one bird",0.0006,0
Futurology,Either yall niggas just hella funny or she just tryna hoe around the block but you know.. http://t.co/x5feSfA1vB,0.9162,1
TETauto,Where the hoes at...,0.0868,0
BANGKOKPOSTauto,&#8220;@lifeof_brandon: @100046729 we'll be together&#128521;&#8221;yu gt a job hoe.,0.0369,0
WAPOauto,"I'm Camera Shy, Don't Talk on Phones and Love when it rain.....If youn kno the life you wouldn't understand",0.0216,0
Raytheon,I've seen #MajorLeauge with Charlie Sheen...........and the #Giants committed sin when they worshipped #barrybonds as a batting coach&gt;,0.0307,0
TIMESINDIAauto,RT @Guinness_RAS: @chelsea_elisa tell him that you chose (A) not to trash the environment while trying to save it like a hypocritical douc&#8230;,0.0939,0
CHINADAILYauto,Crangrape &gt; good pussy,0.9693,1
RedditSample,"RT @donthypeme: &#8220;@VSamone: &#8220;@donthypeme: any favorites off yellow album ?&#8221;all of it&#8221;

#theperfectanswer &#127942;",0.0018,0
canada,@KingUlyssesIV @truebake psh if a (sexy) bitch gotta sexy voice she can easily get shit goin,0.9873,1
unitedkingdom,@SHAIkethatAss and I replied hoe http://t.co/738UP5PLia,0.0029,0
SMHauto,@xtruthseekerx_ blaxican,0.0032,0
TJTauto,"I be jamming Skid Row,Kix,Cinderella,Damn Yankees,Bon Jovi,Def Leppard,Whitesnake,Extreme,Vinnie Vincent Invasion,Ratt,Scorpions etc",0.4679,0
SMHauto,"@gayle_ryan I don't hate the Japs. But, I AINT FORGETTING GETTIN JAPPED EITHER.",0.3819,0
ukpolitics,RT @BitesBlog: Pat Martin Is Gonna Show Some Yankees a Thing or Two at the James Beard House Tonight http://t.co/crWY99X7EQ,0.0012,0
SLTRIBauto,it's so weird outside. it's like yellow.,0.002,0
SMHauto,Niggas trash AF,0.9745,1
ukpolitics,RT @TAXSTONE: These bitches will set you up the moment you stop fucking with them and they mad,0.9978,1
TJTauto,"none here Chantel lol RT ""@TellyJellyBelly: There has got to be some hoes. Water's Edge is TOO big for there not to be ANY.""",0.0546,0
ABCauto,"Not trash, just plain as fuck for $225. And come on, no elephant print on a 3?",0.9776,1
india,RT @wrongmusicvine: #MusicThatDoesntMatch These hoes aint loyal! http://t.co/prXCfleT2W,0.1569,0
CHICAGOSUNauto,You like those? Honestly they tasted like the sole of my shoes RT @rllllytired: @ItsNotHarold that's a shame.,0.2291,0
RedditSample,So I decided to drive to the good walmart where the colored folks don't go bc it's food here.,0.0074,0
CBSauto,#NowPlaying : Ian Hunter - Once Bitten Twice Shy on #1069TheArrow - http://t.co/R5wuXA9jB6,0.001,0
The_Donald,"RT @JewJitsuGrl: @AdmiralAckbar3 @00_jackie @Darknight420 @allahthefairy &#128073; @TayyibN &#128072;
Tiny Jihadi http://t.co/PDIKbrvCJ8",0.0172,0
Futurology,@intheKCmix The last planet of the apes with my kids... It's been a minute,0.0191,0
TIMESINDIAauto,Okay don't reply then I didn't want you to anyways bitch,0.9757,1
Futurology,RT @infidelpamelaLC: Mahammad was a bitch. Cause I said so. http://t.co/3w8Gyp4vuz,0.9641,1
FOXauto,They say one man's trash is the next man's treasure. Where one finds pain the next might find pleasure.,0.4601,0
Futurology,RT @JC2theQ: Yanks walk off win &#128591;,0.0231,0
TORONTOSTARauto,"RT @AishaMoodMills: Fox News mocks victim of Ray Rice elevator assault: &#8216;I think the message is, take the stairs&#8217; http://t.co/6TKLgUP2Wh ht&#8230;",0.0018,0
TIMESINDIAauto,"When bae dodges hoes cause he only want you &#128525;&#128553;

&#128514;&#128514; http://t.co/bLYYoLtP0k",0.0831,0
BANGKOKPOSTauto,These hoes was just really fighting ova Some rally's tho on 30th&#128514;&#128514;,0.0631,0
NYPOSTauto,Miss these scary hoes! :) http://t.co/FzB57YsXVz,0.2546,0
mobilityreport,"RT @Jojo_51213: What was that you tweeted? I can't concentrate enough to read it over all your sad-looking boob and pussy pics.

-men, prob&#8230;",0.783,1
INDEPENDENTauto,Lmfaoooooo RT @BryceHamilton11: I'm so glad my shorty ain't all over twitter and IG tryna be a famous Columbus hoe &#128514;&#128514;&#128514;&#128514;,0.0859,0
movies,Everybody that's still on Facebook ghetto or pregnant idc.,0.375,0
mobilityreport,remember going out to actually freak a bitch? yeah that vibe is back.,0.9375,1
worldnewshub,Gotta keep the sox down while they're down! #RedSox #Yankees #mlb,0.011,0
FRANCE24auto,@jessitron @Bsilverstrim77 ...in fact were I to start a for-profit university this would be the sole requirement for graduation!,0.0012,0
EnoughTrumpSpam,Sock the pussy like I'm vegeta,0.9834,1
EnoughTrumpSpam,Yo if you get like over 25 of flappy bird you need to do some self evaluation because you probably have no life,0.2597,0
MBauto,@sramirez07943 That's you faggot you eat shit for fun &#128514;&#128514;,0.9949,1
INDEPENDENTauto,Golden Oreos are the best,0.001,0
unitedkingdom,dont make direct eye contact with anything..birds cats nothing lol RT @EVBY_HATES_ASH: I'm going out west to bu (...) http://t.co/oVpwk9I3,0.0136,0
mobilityreport,"""@Crhedrys: Pussy licking pussy.... meow meow #StopWhitePeople2014 &#128049; https://t.co/KeegDCjS5K&#8221;""""""""

&#128533;",0.9868,1
TORONTOSTARauto,"""@ArizonasFinest6: Why the eggplant emoji doe?""y he say she looked like scream lmao",0.1813,0
TETauto,Ol heads always think a young nicca gon runoff wit they sacc,0.0243,0
HTauto,RT @__sabrinaaaaa: the same hoes is still at it,0.0945,0
Techfeed,"Baked Montreal chicken, cheesy brussels sprouts, garlic butter triple cheddar &amp; chives yellow mashed&#8230; http://t.co/XsGW1kSqCW",0.0116,0
UMukhasimAutoNews,"RT @SenorSteez: Man, now these hoes know &#128514;&#128176;&#128182;&#128184; #TheJigIsUp http://t.co/8W9Ag3bx1a",0.0779,0
WAPOauto,RT @TDOT_Italians: Sharing food with your mangia cake friends because they love your food #ItalianProblems,0.0038,0
worldnews,"RT @KermitIsASnitch: You always say we dont love these hoes, yet yo girl a hoe... http://t.co/EuoOl79WDQ",0.4959,0
WAPOauto,"Mr President &amp; homeland security, please ignore any foreign threats and focus your sole attention on our police force #ACAB #LANDOFTHEFREE",0.0012,0
MBauto,"RT @Revenant0202: Seriously, Florida. A vote for Charlie Christ is a vote for taxes and ebola.",0.0149,0
WAPOauto,@Adolfhibsta I've seen a number of bitches on here say there's no such thing as loose pussy lol. Ok,0.967,1
Techfeed,That's Ya BM tho RT @Tyga: That ain't my hoe.,0.303,0
MBauto,&#8220;@Son_Goku_Tho: Dr gero made android 18 to destroy da world das sum bitch nigga shit I would program a girl android to gimme sum neck 24/7&#8221;,0.9918,1
MBauto,RT @NotWorldStar: When you drop all your hoes for one person and y'all don't end up together http://t.co/lLViTXweMX,0.2686,0
ukpolitics,So just chill hoe,0.0845,0
TORONTOSTARauto,I don't blame Crash for not sharing with you @geoffsheen760 you'll probably talk trash about it like you do food trucks #GeoffHatesPuppies,0.3261,0
Conservative,Wash up hoe,0.4657,0
nottheonion,them jants be clutch for bedtime tho &#128514;&#128557;,0.0711,0
NDTVauto,"@KoryKisling we gotta get like 20 heads to go. Everyone brings tree, some bring food, bitches, and liquor of course.",0.8261,1
TETauto,RT @CallMeRenee_: @1inkkofrosess hey hoe,0.198,0
RedditSample,@BNightengale @FeinsandNYDN Time for Ranger scouts to head out and watch some Yankee prospects. #rangers,0.0014,0
TheColorIsBlue,"@karmendanielle_ u gotta slow down these coon hrs all they know is love n hip hop, lebron, &amp; fake love quotes",0.0164,0
EcoInternet,Magellan? You suck at trash talk. @physguy2 @submix8c,0.9836,1
GUARDIANauto,RT @MoneyMakers_Ent: Bitch you're retarded RT @TheVinnette: Men that cook should wear panties too&#8221;,0.9918,1
TELEGRAPHauto,Just stopped by the line up room @BeaLack still look like a doo wop singer.,0.004,0
MBauto,@shawnpitts77 all I wear is vineyard vines and American flag chubbies. I'm the OPPOSITE of a wigga.,0.0525,0
Techfeed,"RT @LovelyMariiee: ""@GinaSanabria_: Exes swear they can do better, then you see their next bitch ..... &#128514;&#128514;&#128514;&#128553;&#128553;&#128553;&#1",0.8336,1
RedditSample,"RT @NikoWavy: A lot of bitches like to gamble, but not with money. They put their emotions, feelings and heart on the line.",0.8775,1
CBSauto,People hate on da rig life but I love my baby more then a pussy ass nigguh,0.9951,1
VANGUARDauto,I hate yellow jackets can't feel arms and back lol,0.2388,0
Futurology,&#8220;@CALL_ME_KiTTiE: @what_evaittakes haha imma catch Ebola Trynna keep myself warm lol&#8221;&#128514;&#128514;&#128514; ewww bitch well stay far away from ,0.9249,1
BBCauto,RT @Mz_Eccentricity: We all need to be aware....that's there is ALOT more going on in this world than ya'll flagrant asses care to know abo&#8230;,0.4491,0
NDTVauto,Jazz jumbo dick corporations. Making bitches tap out since 1999,0.9774,1
GUARDIANauto,these judges gon try &amp; hoe Floyd if he don't show out this last round,0.0069,0
VANGUARDauto,lol they replaced the big yellow chicken with Homer,0.0576,0
ABCauto,I'm hands on when its time ta murk a bitch,0.9897,1
FOXauto,RT @Youss_Mayer: &#8220;@SaddyBey: Fat bitch. What's her @? http://t.co/IZGkpcqIO0&#8221;&#128557;&#128514;&#128557;&#128557;&#128557;,0.9386,1
The_Donald,RT @Joan_Rivers: Charlie Sheen will star in a new sitcom as an anger management therapist. So what's next? Casey Anthony as the owner of ...,0.0013,0
WAEXauto,@ReiddH i agree my fellow cracker.,0.0041,0
BANGKOKPOSTauto,"I know Outback when I see Outback, hoe.",0.0312,0
WAPOauto,@ItsMeGrizz dink now uknow thats not true,0.0561,0
ukpolitics,I be stalking hoes :),0.0248,0
TheColorIsBlue,Don't let the hoes lie to you!! http://t.co/hknkpJ8ugU,0.3903,0
TheNewsFeed,"Call me a dumb bitch but ion even know wtf ""Ebola"" is &#9995;&#128514;",0.9797,1
IRISHTIMESauto,"The X's and O's, exes and hoes, I exit and ghost &#128123;",0.0151,0
EcoInternet,RT @creepingsharia: Syrian Brought to US for &#8220;Democracy Training&#8221; Endorses&#160;Jihadis http://t.co/lfhCto8777,0.0008,0
INDEPENDENTauto,"I dont give a single shit who you are, if you wear a suit and white cotton socks I am just going to assume you are functionally retarded.",0.9827,1
CHINADAILYauto,"@Fugazi3011 ""leave you beaner retard""",0.9712,1
TETauto,RT @Deadspin: Colombia supporter reminds us the double bird is a universal language http://t.co/JeUT1IsQ1f,0.0008,0
SCMPauto,RT @Coolie_GBE300: I'm about to go on http://t.co/9btG26MlgU &amp; be the devil &amp; catfish some hoes.,0.2644,0
The_Donald,"This hoe straight up disappeared on me, like where did you go ?",0.0218,0
Raytheon,Let him fuck his side hoes in peace smh RT @Morganbaileyyy: wish my boyfriend would respond to my texts :(,0.9978,1
TheColorIsOrange,@KenSuttling Yankees beat then in the Grapefruit league the other day.,0.0048,0
GUARDIANauto,y'all hoes avoid schemes,0.3613,0
CHINADAILYauto,Panda Express is so trash but I wanted Chinese and didn't feel like gettin out the car,0.3347,0
EcoInternet,@RodMarley44 fr 12 was Finna bam a nicca he said yu lucky I jus got a robbery call,0.0153,0
HTauto,RT @Elisaa_Martinez: Happy birthday cotton picker lol @1NOnlyDirtyMike,0.0072,0
EcoInternet,"RT @KevinHart2ReaI: All Bow Wow hoes on the stage, lol",0.0984,0
FRANCE24auto,"Un pollito cruzaba la frontera, un zorro se tropieza con el pollo, el zorro le dice, im sorry el pollo le dice im... http://t.co/oXcOYauJi1",0.0106,0
Futurology,"#TweetLikeYourBestfriend ""I made out with 3 bitches!"" @lilkrebs",0.9487,1
CHINADAILYauto,"Cay said ""well bitch I THOT you was on house arrest so you ain't walking NO WHERE!"" &#128514;&#128557;&#128514;OMG I hate her",0.9827,1
ukpolitics,I got hoes in different area codes,0.0055,0
HTauto,RT @TrucksHorsesDog: Coincky~dink http://t.co/53bnMFYQZA,0.0012,0
politics,@Oz_lito bitch been on there for ah mintue cdfuuuu,0.9788,1
BBCauto,RT @VersaceSilk: When you and your boys discover a hoe https://t.co/nluZGQV3EQ,0.0215,0
WAPOauto,This bitch @DaRealQuitaM just called me a bougie whore tho! &#128514;&#128514;&#128514;&#128514; ol angry bird! Lmao,0.9964,1
TJTauto,RT @TheComedyHumor: When I make a paper ball in the trash can http://t.co/mOxmRsOOv9,0.1599,0
worldnews,somebody take these Oreos away from me before I eat the whole pack,0.1329,0
GUARDIANauto,Short answer: Yes. ~ Sage Grouse Rebellion: Will Obama use two small birds to limit oil drilling in the West? http://t.co/TK0nZBBTte,0.0007,0
INDEPENDENTauto,Jihadis specifically asking for international schools in #Saudi to be targeted #RealThreat http://t.co/NV5qbZaviv,0.001,0
ABCauto,RT @jakesiwy: @bhasfurter pussy,0.9618,1
EnoughTrumpSpam,lol they replaced the big yellow chicken with Homer,0.0576,0
CHINADAILYauto,@YunGMiGo lol da only reason I can't talk bout da present is cuz my nicca hurt n ain't played all yr,0.1047,0
worldnews,Alright Vacarro you bitch!!!,0.9938,1
SkydTech,I just want vanilla Oreos,0.0246,0
BBCauto,"If we get any trick of treaters I will be giving out Android advice. So... stop on in, faggots",0.937,1
VANGUARDauto,RT @Mz_Eccentricity: We all need to be aware....that's there is ALOT more going on in this world than ya'll flagrant asses care to know abo&#8230;,0.4491,0
The_Donald,"On a scale of 1 to redneck, I'm watching Days of Thunder right now. #goCruise",0.0034,0
MBauto,@Mathanugg You mean the one I colored with crayons isn't copacetic?,0.0029,0
unitedkingdom,Nothing more yokel MSU fan than to constantly reassess Izzo *aka our only consistent winner since D. Daugherty or Biggie flipping Munn*,0.2052,0
SLTRIBauto,"""@Theo17100: http://t.co/BYj1HOyhmG"" this scally lad would get it",0.329,0
Techfeed,"Bitch you frooooontin, bitch you frooooontin. Lol",0.9975,1
canada,RT @antoinetteA: Coming up at 5:15a: Charlie Baker's campaign admits he may have been wrong about the emotional fisherman story from this w&#8230;,0.0007,0
movies,My boy @RyanBowersOB got the hoes now!,0.3045,0
UMukhasimAutoNews,I can not &amp; will not fuck with theses dawg ass hoes no more ...,0.9965,1
Raytheon,Left a nice little message in his inbox so he deleted the comment where he called me a bitch &#128514; these&#8230; http://t.co/qRUvCVNepv,0.4515,0
SMHauto,"Now, the Jihadi networks waking up &amp; claiming #Raqqa radio &#8220;confirmed&#8221; two planes shot down &amp; 1 pilot captured. #ISIS #Syria",0.0027,0
TheColorIsOrange,#JesusChrist was STRAIGHT&gt; That's why the #faggots killed him. #PERIOD #SonOfGod&gt;,0.8967,1
INDEPENDENTauto,I'm sure @AFP would add this helpful parenthetical explanation if these were redneck peckerwood teabaggers. https://t.co/zkqg5WfE5R,0.0888,0
SkydTech,I guess niccas think if they owe you money for so long you'll forget! &#128530;&#128530;,0.0206,0
IRISHTIMESauto,Bruh. pt. 2 jaxon1114 killed this hoe too last night while we was sleep. http://t.co/F1Choia21G,0.2135,0
INDEPENDENTauto,@elchavaloko Toma ESO negros @panama,0.0074,0
Futurology,"RT @Thatindianbruh: Rise of the planet of the apes doin a musical???

http://t.co/9ZxzlHti2M",0.0012,0
WAPOauto,RT @JoeyG_145: Downloaded flappy bird 5 minutes ago... It's already deleted.,0.0008,0
TELEGRAPHauto,Hayfever is a cunt,0.9363,1
DonaldTrumpWhiteHouse,"5am: Whizzing crackers! My cats got into the @Ritzcrackers &amp; are now playing 'hockey' with them. Lol.
#crazycats http://t.co/A5ZBVDXapx",0.0775,0
EcoInternet,And of course some rascally #teabagger on the radio is blaming the 19 dead AZ firefighters on #biggovernment. Oy vey. #tcot #p2 #teaparty,0.2738,0
RedditSample,RT @lumponthegrind: Great pussy will have you doing shit you would think you would never do,0.9933,1
mobilityreport,RT @w1LLiam_: @Whackko y'all boyz was fried! Fuck dat pussy nigga in the blue doe,0.9977,1
Techfeed,RT @Guinness_RAS: @chelsea_elisa tell him that you chose (A) not to trash the environment while trying to save it like a hypocritical douc&#8230;,0.0939,0
BANGKOKPOSTauto,&#8220;@IAm_Cream: &#128514;RT @DontGetGrandHoe: When y'all hoes going to learn how to spell&#8221; &#128588;&#128588;,0.0683,0
news,Citi field bitches http://t.co/gHxXmb3M,0.9652,1
SDauto,@Horsepower_Will naw nigga I got yo bitch tip toeing on my wooden floor !,0.9965,1
CBSauto,"RT @SportsCenter: BREAKING: Japanese ace Masahiro Tanaka will sign with the Yankees for seven years, $155 million. (via Fox Sports)",0.0006,0
Techfeed,RT @KingHorseDick: Long distance sex will definitely have u thinking u like a bitch a lil too much.,0.9791,1
NDTVauto,Jihadis specifically asking for international schools in #Saudi to be targeted #RealThreat http://t.co/NV5qbZaviv,0.001,0
movies,"@LupeFiasco shut the fuck up you cry baby, all you do is bitch and whine about life, shits retarded.",0.9986,1
india,"RT @Meeting_aJERNed: Fam RT @PBS_Impulse9: ""It ain't nothin to cut that bitch off""

--- Vincent Van Gogh",0.9222,1
WAPOauto,"""These hoes ain't loyal""",0.3696,0
movies,RT @_itsKILLA_: Yall hoes love football,0.0201,0
ABCauto,I be telling Mcgirt music ain't enough.You gotta have a non music related agenda.Them crackers want to sell something with your face.,0.7526,1
TIMESINDIAauto,Every one of then would just be adding me to their collections of hoes,0.1645,0
TETauto,"My dads side of the family is ghetto af, my moms side if the family all prim and proper. Haha",0.0597,0
movies,"RT @Duke27_: Mistakes are showing up late for work, running red lights, or even forgetting 2 take the trash out. This here ain't 1 http://t&#8230;",0.1265,0
SMHauto,RT @Blessedyaszay: #IWantToPunchPeopleWho mock God,0.1695,0
AutoNewspaper,RT @BellefemLaVie: @GANGLANDABBY these niggaz bare backing any and every bitch out here&#128530;,0.9658,1
SkydTech,&#8220;@jooselhynn_: U hella gay u never did&#8221; quit subbing fag,0.9479,1
MBauto,@erykadamitio_ @RiRi_Candee why nobody never invite me to no lesbian party. ): bitches.,0.97,1
AutoNewspaper,RT @VibeLord: your opinion of me is highly irrelevant bitch,0.9762,1
newsbotbot,"RT @ChadJordan23: After a hoe gave you head and say ""It's my turn"" http://t.co/VHfBlTqLnV",0.2725,0
CHICAGOSUNauto,RT @OGTREEZ: When bae fights your side hoe &amp; wins http://t.co/tbdidTYOtt,0.0421,0
NYPOSTauto,I'm obviously not talking about CoD because that game is for queers.,0.1792,0
ukpolitics,Lilly just tried to climb up a tree after a bird and completely failed oh my god &#128514;,0.0015,0
TORONTOSTARauto,@ryancommakerry @dianaaaxo @JennaAmendolare guys number 42 on the Yankees looks like uncle Stevie LMAO IM DYING,0.3158,0
HTauto,@foreverschmoked vertical nip bars..I already have horizontal ones so I think it'll look hella cute,0.0293,0
worldnews,"@Toetancchamon Wilde nog even checken op Twitter hoe het ging maar had zo'n heftige wond niet verwacht, heftig. Sterkte &amp; beterschap hoor!",0.2589,0
unitedkingdom,&#8220;@MannyBDlopez: When you open your starburst candy and get 2 yellows http://t.co/F0dDbfEzB6&#8221; lmao bruh,0.005,0
TheColorIsOrange,RT @TomBradysEgo: Might have a better chance if we put some trash cans out there.,0.2656,0
GUARDIANauto,RT @Anastacia_Cole: I like being Asian and all but it's a struggle having squinty eyes in every picture,0.0075,0
IRISHTIMESauto,I hopes dis don't come as a severe shock to use but I'm colored,0.0039,0
politics,Pass interference you dumb ass zebra jerks,0.9959,1
europe,this bitch think he care about her talents,0.9863,1
mobilityreport,"Text ya bitch like ""ya man suck, meet me at da birkin store tell em get his bands up"" &#128527;",0.9966,1
CHICAGOSUNauto,@BetoDavidThomas @JesseCanon lmfaooo oh well fuck that bitch,0.9978,1
ABCauto,RT @marsrader: The incredible scales of celestial bodies. http://t.co/NZV80jRmiG,0.0007,0
NDTVauto,The redskins just begging to lose this game smh,0.2285,0
Conservative,"@DrMalvo 
I likes it back dare. It's free fo me cause whitey pay da fee",0.1334,0
NYPOSTauto,Funny thing is....it's not just the people doing it. It's the people who seeing these pics and judging the birds. Just as wrong.,0.0008,0
SMHauto,"tell the hating niggah 
stfu",0.9774,1
NYPOSTauto,#philhughes @Yankees #nyy better then UR whole team,0.0086,0
INDEPENDENTauto,Austin is a funny niggah,0.882,1
TETauto,Omg! The cutest little tinker bell ever &#10084;&#65039; http://t.co/vDajfVlwyP http://t.co/YpTz9O4SIS,0.0094,0
TheNewsFeed,directions: let bird chill in sink for 30 minutesme: ok http://t.co/TxU9NMwQha,0.0058,0
TORONTOSTARauto,@ToWherever yay im a whitey :3,0.0153,0
TheNewsFeed,I cannot express how infinitely better the book is to this trash.,0.6483,1
The_Donald,@ColeMcDowell2 Waco is ghetto hahaha. Wait til we go pick up nat in Austin tomorrow,0.1269,0
ukpolitics,"RT @KILLQuana: Hun, wrong social networking site RT&#8220;@Schwaggy_Chulo: 666 - LMS for a good morning post, and something extra (maybe)&#8221;",0.001,0
VANGUARDauto,"RT @reshell_: ""@1inkkofrosess: My ears look good &#128525;&#128525;&#128525;&#128525;&#128540;&#128541;&#128513; http://t.co/fP3R6mkBaC""bsa hoe in yo background",0.0015,0
NDTVauto,Surrender of Divinity - Conquerors of the Apocalypse: http://t.co/9Qv5RsY1p3 via @youtube &gt;Oriental Black Metal Hell!!,0.0179,0
TORONTOSTARauto,"@TheBlondeBetch WHOA sorry for the spell check error, its not ho it was hey so sorry",0.1225,0
TETauto,I can't watch Charlie St. Cloud because I cry like a little baby. Every. Single. Time. &#128557;&#128557;&#128557;&#128557;,0.0147,0
TORONTOSTARauto,"Everybody loves pot brownies, but I bring crystal meth cupcakes to a party, Suddenly I'm the weirdo",0.0237,0
TORONTOSTARauto,"@SicilianInHeels @y3lla lol that's basically like the ""you got too many hoes"" curve",0.3645,0
RedditSample,RT @SickDrawings: 3D bird &amp; feather drawing http://t.co/tcPRVBGspt,0.0014,0
BBCauto,Higher den a bitch,0.9928,1
news,@BjwalkinRIVERS bro that hoe live,0.0914,0
mobilityreport,"Yaaaasss, bitch! RT @xtina: In more important news... &#127926; http://t.co/Z3b8XVHUty",0.989,1
SDauto,"Allergies have my eyes all red and chink eyed, I look like I'm stoned",0.2173,0
ukpolitics,"@BroadwayMensa hoes not women, like to be the center of attention",0.282,0
europe,Shylock &amp; Wongs: 3 Incidents of Democrat Bigotry In 3 Weeks - Media Mum http://t.co/rX8ynPg1Yd via @BreitbartNews,0.0031,0
UMukhasimAutoNews,@BrendaGisselCA I'm not Mexican enough for the real beaners yet too Mexican for the Americanized beaners :(,0.0673,0
india,To many dumb hoes in milwaukee,0.8235,1
RedditSample,#mt #commission #gouache #tiki #wahine #monkey #tubed #surfing #wavesliding #waterwalker #notkook http://t.co/vii3SmGRm3,0.0018,0
BBCauto,"""Hey pussy you still there?""",0.9849,1
news,"@Wow_Bullet ""cuz i thought i got a wife, but i picked a hoe."" IM LOVIN THESE SONGS MAN. Keep it coming",0.0566,0
NBCauto,"""When im done with a hoe i pass her to the squad"" G!!!!!!!!!!!!!!!!!!!!!!!!",0.1325,0
newsbotbot,RT @NerdistDotCom: Forget your typical graduation speech. Charlie Day manages to be hilarious AND inspirational in today&#8217;s MIFVOTD: http://&#8230;,0.0082,0
UMukhasimAutoNews,"@Midnight_Snacka wow your fucking lame we all laughing at ya. Hey fat ass u want Twinkie, and what u said made no sense go eat or something",0.9971,1
CHINADAILYauto,#agreed &#58399;&#58399; RT @oliviaMrose: There are a few badd ones but idk..mixxed bitches is really where its at tho,0.7387,1
europe,"""@KingHendo95: @VonDreaam naw it's my old tape. new cover . my upcoming mixtape is #KingOfTheHill"" Yeah I'm waiting on that hoe Mayne!",0.0247,0
europe,"RT @NiiqueBaby: ""@FreeFaceRidess: She has cancer &amp; is still killing half you hoes http://t.co/IYuIUHqR0l"" jus cuz you have cancer dont mea&#8230;",0.9575,1
mobilityreport,@mayormcginn @usmayors @SenFeinstein White people need those weapons to defend themselves from the subhuman trash your sort unleashes on us.,0.8711,1
SLTRIBauto,"#NP ""Centuries"" ~FOB",0.1352,0
RedditSample,@reptar_ray nigglet send me the pictures,0.0278,0
europe,@YessMe_SHAY I want my poms back lmfao,0.0921,0
ABCauto,RT @Beautiful_Fool: Now he apologizing. Lol Fuck that hoe and her shot up pussy!,0.9977,1
RedditSample,"RT @BiertempfelTrib: One more from @JimBowdenESPNxm: ""Yankees wouldn't be letting Polanco sit in minor leagues, because they're all about w&#8230;",0.0033,0
news,Charlie Jacobs got confused about the ice bucket challenge and instead dumped a bucket of diamonds on his head.,0.0036,0
Techfeed,Every one of then would just be adding me to their collections of hoes,0.1645,0
ABCauto,"Brie said ""We were together since before we were born."" You guys are twins.. duh bitch. Omg who wrote the script?! #BellaTwins",0.9198,1
TheNewsFeed,@wodaeeex3 hoe yu came at me first tf,0.2007,0
RedditSample,The ghetto thuged out version of tree of life coming soon...,0.407,0
TheNewsFeed,"&#8220;@SimplyHype: @kobebryant shut the fuck up, you fucking trash nigga, work on another ring&#8221; http://t.co/6RleNKR7EE",0.9985,1
BBCauto,"@TechN9ne why did they add your name all ghetto like that? Looks like they used label maker, lol!",0.2029,0
nottheonion,"If I wore a tutu, no bitch would want me &#128514;&#128514; that's what our dog is gonna be telling himself everyday &#128529;",0.9235,1
MBauto,RT @shikeattike: I hate a bitch that constantly call herself ugly. That shit is so annoying man,0.9961,1
india,#Lingo so A1 niccas be Tryn talk like me,0.0106,0
conspiracy,RT @SVL305: @VJtechsupport @YoungMcFly the real reason y she gave up rapping was because of ME.. i called her trash to her face n asked for&#8230;,0.8122,1
politics,.@agie_sweet36 @VedanteBreh12 @TravelNevada Try visiting @thewashoeclub at night for a real spook!,0.0207,0
TELEGRAPHauto,@PRoseish I know you are a pussy ass coward that is weaker and smaller like GZ,0.9959,1
INDEPENDENTauto,RT @SouthsideVic: Keebler elves gone have to make weed brownies when it's legalized. In da tree trunk but da trap going crazy. Bro that shi&#8230;,0.0158,0
news,@erinscafe Bu I do. I do hate the playa. And the Yankees. If I hate the Yankees for their payroll I have to hate the Dodgers.,0.4026,0
worldnewshub,Ain't been on this hoe all day haha #FWM,0.2382,0
SMHauto,"""@rhythmixx_: I told Mariam to but cigarettes for her birthday""

You also called me trash rn",0.3147,0
TheNewsFeed,@ITS_MAKEPEACE i donno who demz iz? But ima bout to get white gurll ghetto on there asses when i find out....,0.9271,1
VANGUARDauto,"RT @iadorewomen_: A couple &#128107; is ""A couple"" &#128076; Not ""A couple &amp; one"" &#128107;&#128694; Not ""A couple &amp; some"" &#128107;&#128582;&#128581;&#",0.0019,0
VANGUARDauto,"""@rhythmixx_: I told Mariam to but cigarettes for her birthday""

You also called me trash rn",0.3147,0
india,Must have been a light skin hoe &#8220;@CampaignMindy: Lmfao wtf she mean af &#128557;&#128557;&#8220;@TrickingGawd: HE WASNT READY BRUH RIP!! http://t.co/lJRqr,0.2666,0
NDTVauto,RT @MikeyGotSteeze: Fvck friends &amp; fvck hoes,0.2524,0
ABCauto,last words to a bitch nigga 'why you lie',0.9918,1
worldnewshub,One of @Mark_Schlabach best looks too. RT @McMurphyESPN: Charlie Weis couple months ago hanging w/Nelly http://t.co/yWvVg51z6w,0.001,0
ukpolitics,Such a trash episode of the walking dead tonight.,0.7025,1
NYPOSTauto,@BNightengale @FeinsandNYDN Time for Ranger scouts to head out and watch some Yankee prospects. #rangers,0.0014,0
CHICAGOSUNauto,we'ont get head from hoes wit overbites..,0.385,0
Raytheon,@thickumms_x3 very wrong lmao this bitch literally tried to swallow someone in this movie,0.9763,1
VANGUARDauto,RT @radiomaru: nerds are cool because they get really judge-y about other nerds being passionate about things they aren't passionate abo ...,0.0614,0
CBSauto,This fat bitch turnt for some ice cream not gon lie I would be too https://t.co/E6FIiSiizW,0.9924,1
Raytheon,@billyrunaway Hope she's larger than a bird.,0.0063,0
movies,"there's always that dumb twitter hoe when it comes to sports. ""I hope Floyd beat mayweather"" or ""I hope New Orleans beat the saints"" &#128530;&#128529;&#128298;",0.2209,0
india,"You know you are in the ghetto when you see streets named Martin Luther King Jr &amp; LittleJohn. 
#halp",0.0506,0
GUARDIANauto,"I was working hard as a bitch today, i deserve a reward.",0.9492,1
NDTVauto,RT @Sneakbo: Man like @Stormzy1 doing Hella things &#128175;&#128175;&#128175;&#128588; I gotta take my hat off to that nig!,0.8178,1
Raytheon,LMaoooo. .. &#171;@IGiveEmNathan Gucci really ass but for some hoes I'll bump a couple songs&#187;,0.3385,0
willis7737_news,Why everybody so hype to see these famous people naked y'all hoes just alike they just got money &#128557;,0.2275,0
worldnews,"Foley Abduction Linked to British Jihadi Kidnapping Ring http://t.co/X6SIP3woXb via @joshrogin, @elilake",0.0007,0
SDauto,"and another one &#8220;@07Cannon: Two hoes? RT ""@xoxo_imaunicorn: y'all know what we are?! &#128514;&#128514;"" http://t.co/XI5Aod1FAo&#8221;",0.0191,0
WAEXauto,"RT @boujjhetto: When an irrelevant bitch dislikes u for no reason &#128133;
 http://t.co/sM1rsmOLEZ",0.9066,1
TJTauto,"@TheClaireBear36 Don't like to trash talking either way. But to be fair, that's just on Twitter. I'm having a ball on texts.",0.0607,0
TIMESINDIAauto,RT @maya_hampton: i really do get excited to see my bad bitch association in lunch everyday they always make me laugh,0.791,1
Techfeed,&#8220;@ImToBlame: Bruh RT @PriscoCBS: Trent took the yellow path http://t.co/1XxGuKtjp8&#8221;&#128514;&#128514;&#128514;&#128514;,0.0009,0
politics,&#8220;@dnumberbefore2: Lol maybe I should give in nd date these hoes on dates&#8221;let me know how that work lol,0.0248,0
TheColorIsBlue,label me a hoe,0.4949,0
news,I swear dis hoe doinv this grown n sexy challenge look like a lightskinned gremlin.,0.4702,0
unitedkingdom,"@Gertrude_Larue 
I is colored, Latino and some Jewish. When I move in, I don't ruin the neighborhood, I wipe it out!",0.0451,0
UMukhasimAutoNews,&#8220;@KarynHalpin: Where do all the foreskins go when they circumcise a guy?&#8221; the Foreskin Fairy takes them after you put them under your pillow,0.1277,0
TELEGRAPHauto,@tupacselenas bitch smd,0.9956,1
Raytheon,@SylviaObell girl that's all these hos need they don't care &#128514;,0.3319,0
news,Im ready for today &#127936;&#128308;&#9898;#iu #iubb #hoosiers #hoosierstate #ncaa #big10 #michigan #gameday #btown&#8230; http://t.co/6g7JNMoW,0.0019,0
TETauto,RT @gferguson8: @KoredeB9 @MSoltan18 @WBDyllon_ trash,0.1767,0
mobilityreport,What the hell are we doing with pussy rules that soldiers don't carry weapons 24/7 on base? They are trained. Liberal crap &amp; people die.,0.9909,1
TORONTOSTARauto,RT @A_single_bear: How would I look if I had feathers instead of fur? Would I be able to eat from a bird feeder without getting judging gla&#8230;,0.0012,0
RedditSample,A GWB appointee. There goes the ACTIVIST JUDGES slant. Oh wait? It's already been exposed as completely farcical. A GWB appointee.,0.0033,0
TheColorIsBlue,Dafuq is floppy bird ?,0.003,0
FOXauto,"@mimi_sanabria I really did, right off my bed. Where you put all these dam yellow starburst!!!! *throws them out the window* &#128553;",0.2775,0
Conservative,That hoe ask what time it is it's 10:17,0.0154,0
mobilityreport,"RT @WhenRappersaids: When Tupac said ""I ain't a killer but don't push me, revenge is the sweetest joy next to getting pussy"" http://t.co/wF&#8230;",0.6751,1
Techfeed,Can really hold phone convos in my house with this trash ass service,0.9809,1
mobilityreport,Early bird gets the worm right? Hopefully I get a job soon after today! http://t.co/lvgfVBqkdz,0.0122,0
CBSauto,RT @KeithOlbermann: @MarkDBrown0824 you mean like the Yankees did this year when they prioritized a farewell tour over a playoff run?,0.0014,0
CHINADAILYauto,I wasn't born last night I know these hoes ain't right,0.2477,0
WAPOauto,RT @DeolaCola: They don't make R&amp;B like THIS anymore!!!!!!! Dudes used to make you feel good about busting it wide open not call you a hoe &#8230;,0.31,0
FOXauto,"@DizzyBala @JamesWinfield hey now, don't diss my basketball hoe.",0.1811,0
TIMESINDIAauto,These hoes be busting nuts when they get a RT,0.8732,1
india,#FireCashman Why?? Because I am having to root for the Royals in October. #Yankees,0.001,0
willis7737_news,""" bitch nigga miss me with it """,0.9952,1
SkydTech,"RT @AzlanTheGoat: ""These hoe ain't loyal""

- a nigga who cheated on his girl 7 times and just broke up with him.",0.9002,1
TETauto,Thinking about getting my nips pierced...,0.0372,0
TheColorIsBlue,@NoMeatballs @mtaraban is so excited about his red velvet brownie.,0.0015,0
EnoughTrumpSpam,"""@MotherJones: 10 birds your grandkids may never see, thanks to climate change http://t.co/XqmXHkAsWt http://t.co/RbITeGRnhm"" #Climate",0.0043,0
newsbotbot,@M_Talleywacker yes. Touch my bitch? Get ya shit knocked,0.9977,1
EnoughTrumpSpam,RT @losthistories: In DC Fri 1/3: Bengali Harlem reading/convo @busboysandpoets 14th St @SAALTweets @teachingchange @ThatWhichIsTold http:/&#8230;,0.0012,0
IRISHTIMESauto,All these fuckin dudes do is bitch at the refs....shut the fuck up and play,0.9984,1
mobilityreport,@xloyalTOme - bitch I'm up for sale every weekend &#128553;&#128557;,0.9228,1
SCMPauto,RT @23Vnds: Check out the homie @renz360 for that sole sauce! That stuff does miracles!!! @renz360 @renz360&#8230; http://t.co/EecEzJRx6C,0.0014,0
TheColorIsOrange,@michaelray_02 @blakeanderson21 thats life hoes gonna be hoes an you could blame Tammy,0.1971,0
IRISHTIMESauto,&#8220;@comedianjayski: My favorite time of da day HAPPY HOUR!!! #Drinkbreak&#8221;when the bad bitches come out and the ok hoes at home doing make-up,0.6002,1
ukpolitics,This no beef thing is for the birds!!!,0.0175,0
CHINADAILYauto,So yesterday I ran into a dude I went to high school with &amp; he used to be skinny as hell. Now? Omg. Same fucker who slit my tires years ago.,0.9758,1
TheColorIsBlue,@_SiNCERE18 ; LMAO! . hoes extra sensitive via text.. They swear they hear your tone in every letter. I start using PUNCTUATION'S .,0.0035,0
UMukhasimAutoNews,"RT @Yankees: Analyzing the impact of Masahiro Tanaka on #SpringTraining Daily, brought to you by @YankeesonDemand: http://t.co/L2gJboDNkM",0.0008,0
TJTauto,&#8220;@Sexmatical: these the kids that call you nigger on xbox http://t.co/wGvCepONH8&#8221;,0.9709,1
WAEXauto,"""hoes suck my dick cus i look like john stockton hit em wit the choppa, luke i am your fatherrr"" - @LILBTHEBASEDGOD",0.9981,1
TORONTOSTARauto,Imma get home around 0300 problem is it's a coon leaving the bar that drank 7 shots of crown royal think he still can drive,0.0064,0
technology,RT @AbortionFunds: Grateful for the profound hospitality of volunteers who open their homes to patients traveling long distances for abo ...,0.0008,0
SLTRIBauto,Moving has been a bitch this weekend,0.9449,1
FRANCE24auto,The birds singing brings thoughts of hot flesh on this #Spring morning. #Hot #sexual desire fills my head. Let me taste you &amp; feel You.,0.3499,0
SDauto,RT @Lrihendry: Pregnant S.E. Cupp&#8217;s classic response to &#8216;liberal dem&#8217; who calls her &#8216;chunky&#8217; &#8211; with bonus tweets http://t.co,0.0027,0
EnoughTrumpSpam,"For those wondering why DHS was buying up all the ammo, now you know. Once the Charlie Manson er, @BarackObama race war starts its on #POTUS",0.0263,0
TheColorIsBlue,RT @sorryimalex: idkmadz tbh I've seen you in recess at the monkey bars but I was too busy getting beat up lol ! we should talk more! rate &#8230;,0.2062,0
TIMESINDIAauto,"#VinitaHegwood can get a job at the naacp. Or as The AG. I hear they like ""diversity and tolerance"". As long as you ain't a cracker #tcot",0.1629,0
MBauto,"RT @__VIIXXIV &#128514;

Me: Baby I cooked
Bae: What's for dinner?
Me: That bitch you been texting http://t.co/GwT19xIXUz",0.9128,1
mobilityreport,"""@CCobey: @AydanMcCoy happy birthday nigs"" Thanks yo",0.4986,0
BANGKOKPOSTauto,Who needs an alarm when you have the worlds most annoying bird outside your window?!??,0.0681,0
TORONTOSTARauto,got like 4 hoes in my low pro,0.2657,0
HTauto,Here we go brownies here we go! WOOF WOOF!,0.0063,0
BANGKOKPOSTauto,See the jumbotron? That&#8217;s where the jig is,0.006,0
Futurology,I love floating monkey heads as much as the next person but Active Surplus' website is just redonkulus. http://www.activesurplus.com/,0.0022,0
WAEXauto,RT @_tellmeboutLOVE: I swear these bitches think their still in highschool,0.9807,1
The_Donald,All d messy hoes sleep,0.4117,0
SkydTech,loves how Day Timers always come with coloured maps and distance charts. It makes me feel far more important then I actually am.,0.0006,0
GUARDIANauto,@SteveWorks4You bush took 3 times as many vacations.. republican teabaggers are pusses....wah,0.7935,1
EnoughTrumpSpam,&#128514;&#128514;&#128514;&#128514;&#128514;&#128514;&#128514;&#128514;&#128514;&#128514;&#128514;&#128514;&#128514;&#128514; RT @PushupSensei: McNair had bris,0.0161,0
CHINADAILYauto,I am a celestial body hello http://t.co/yKDRM9Ax69,0.0007,0
IRISHTIMESauto,&#9733; BEST ASIAN MASSAGE ON THE Brooklyn Park slope --TOP RATED SPA &#9733;718-622-0221 - 24 http://t.co/saWpjDtIGN,0.0006,0
newsbotbot,RT @versacecum: some girls be using halloween as an excuse to act like hoes and get away with it smh,0.4531,0
Conservative,RT @Brandee876: ghetto sour cream http://t.co/1meyQQ7B6G,0.0065,0
Conservative,"In a movie, everybody ain't the star... Need Co stars and extras... &#171;@ChanteGooden I hate hoes that take pride in being the other chick&#187;",0.1593,0
SCMPauto,&#128514;&#128514;&#128514;&#128514; I hate you! RT @YumiYoko: Cyrus ho is a rookie slut. getting the cash after the date? nope nope nope.,0.94,1
unitedkingdom,@elise_palmer im assuming mickey bubbles,0.0026,0
CBSauto,"RT @TheAsaCrawford: You shoulda learned how to bake, cuz bitches love cake",0.8904,1
SCMPauto,"RT @BuzzFeed: A photographer hid in a trash can to get these adorable engagement photos
http://t.co/75ZOvJEwYh http://t.co/F3VAUX9STw",0.1151,0
IRISHTIMESauto,"&#8220;@garcialaura_: @Virgilio_LLA I was heartbroken tx inniz ho. Lmao&#8221; haha naw chill, you the one laughing at vdawg",0.1542,0
Raytheon,"@DerekIsNormal RT @crappyfactsare McRib buns contain a chemical ""azodicarbonamide"" which is also used to make yoga mats &amp; soles of shoes",0.2232,0
politics,@HoskinsTy96 @saambrowning and retarded,0.9346,1
MBauto,RT @IHaveSex_Alot: I don't luv deez hoes at all..&#128076;,0.0096,0
TELEGRAPHauto,RT @IrregularGawd: Personality RT @LosBeOnIt: How fat bitches be in relationships before the pretty women? Let's see the answers lol &#128064;&#128064;&#128064;,0.8779,1
TELEGRAPHauto,I just bought a Bentley and a bitch came wit it,0.9628,1
CHICAGOSUNauto,"RT @ESPNSecondTake_: If this ugly to you, you either a gay nigga or a hating ass bitch http://t.co/H0wAPpsmgg",0.9966,1
INDEPENDENTauto,Wizard turned into a hoe after a break up,0.3773,0
ukpolitics,I just wish some females would look in the mirror b4 they hop on social networks &amp; talk down on hoes.,0.4624,0
BBCauto,Tires fly when I mash the gas... My motor hot and these hoes fast,0.0522,0
MBauto,"""@altosteel115: http://t.co/tM28mh5XG2"" woof woof. Sexy thug boy scally.",0.3385,0
TETauto,"&#8220;@iamkrause: All I see in every #IfTheyGunnedMeDown tweet... http://t.co/XWmkac1Aw6&#8221;
Dis be like da colored Brady Bunch",0.0141,0
ABCauto,Stupid lil bitch !! Really think I'm trippen &#128514;&#128514; You outttta pocket with this pimpinnn,0.9972,1
RedditSample,"RT @ticiaverveer: Royal city of the Kushite kings at Meroe (Sudan),near River Nile.It was the seat of the rulers who occupied Egypt http://&#8230;",0.0006,0
RedditSample,"RT @Yankees: Ballgame over, #Yankees WIN! Yanks beat the White Sox in 10 innings, 4-3.",0.0155,0
NYPOSTauto,Islamic Jihadis run away to Pakistan @PureMonotheist @BemetOr8 #UniteBlue,0.1713,0
conspiracy,Just landed in Orlando. The flight was as bumpy as a bitch,0.8563,1
EnoughTrumpSpam,Such a trash episode of the walking dead tonight.,0.7025,1
CHINADAILYauto,Yas bitches YAS &#128588; http://t.co/bsrWTMKw87,0.9812,1
TheColorIsBlue,RT @taysymonee: Some of you hoes got so much to say with so little&#128134;,0.3199,0
TIMESINDIAauto,"RT @PowPowTheeEnd: Fucked all of tyga bitches ""@karyewest: 6God http://t.co/ltT5R4DRwL""",0.9977,1
newsbotbot,Short answer: Yes. ~ Sage Grouse Rebellion: Will Obama use two small birds to limit oil drilling in the West? http://t.co/TK0nZBBTte,0.0007,0
politics,Thinking about getting my nips pierced...,0.0372,0
conspiracy,"RT @Allan_Son: I got gatorades, Twinkies, rice puddings, Pringles, and cookies &#128525;&#128555;",0.0015,0
TIMESINDIAauto,RT @tupactopus: bad bitches get in free night at weenie hut jrs,0.95,1
CBSauto,RT @HBCUfessions: Sigmas love to eat pussy at their juice party's... - FAMU,0.9308,1
HTauto,ISIS Supporters in America: The Jihadis Next Door http://t.co/u0YHWkD34c http://t.co/0XHPbRL9EQ,0.004,0
news,Charlie looking like he's the one that made that 3.,0.0013,0
CBSauto,@AJ0427 Just watched the Llewyn Davis doc. Warm fuzzies abound &#9786;&#65039;,0.0303,0
ABCauto,Good pick birds,0.001,0
india,And little bitch ass @_TriggaPlease_,0.9969,1
CHICAGOSUNauto,@OTG_Kapo thats what i call it too !! Lol its beyond ghetto smh but man u needa quit playin and come back,0.2944,0
TORONTOSTARauto,@Djlouis12 at my club ho (;,0.0009,0
movies,I love going to @Walmart and looking at #guns with my wife. We talk about them in Spanish as the rednecks stare at us and reconsider #2A.,0.2299,0
movies,she was telling me about this kid who's soles of his shoes are falling off. I am going to get him some shoes. hope his parents don't get mad,0.0891,0
FOXauto,@felipefrost23 you can be whatever you want since you aren't a lying ass bitch ass childish ass mother fucker,0.9976,1
BANGKOKPOSTauto,And remember---always be the person you're born to be. You don't have to be queer to take something from that message. #NationalComingOutDay,0.0695,0
CHINADAILYauto,RT @JimNorton: There is a GIFT SHOP at the 9-11 museum? And they charge admission. It's a mass grave you fucking cunts. What a disgrace.,0.9958,1
Techfeed,"RT @_AshCrackk: My bitch bad, she from the island",0.9953,1
conspiracy,&#8220;@_BucketsMcnasty: Iz no point in being jealous cuz dee hoes for everybody #&#128175;&#128175;&#128175; #BucketsProverbs&#8221; http://t.co/HuH4hBKYwY,0.0614,0
Conservative,&#8220;@jerseyzbest74: eagles fans dont except the fact that mcoy been trash this year and that everybody figured out that spread offense&#8221; #StopIt,0.1221,0
UMukhasimAutoNews,@wienerherzog Perfect stock photography for an article about not letting a leprechaun-looking handyman get into your liquor cabinet,0.0128,0
ukpolitics,"&#8220;@GdoubleT: @BrianMC630 find a loyal ho&#8221;

@finntasticccc &#128521;",0.0123,0
willis7737_news,RT @jay_gee24: Damn it wigga &#128514;&#128514;&#128514;&#128514;,0.8846,1
SCMPauto,2 hoes 1 dyke,0.3592,0
BBCauto,There is a trash bag in my hall thats been there for like 2 wks. Weird thing: it changes consistency every few days,0.0988,0
TORONTOSTARauto,Did la mulatta just refer to herself as a darkie? @thejournalista @huny @gwarbucks @tygress,0.0158,0
TELEGRAPHauto,Left my calc final singing I'm a boss ass bitch if that's any indication on how that went....,0.9489,1
TIMESINDIAauto,This bitch almost lost her life,0.9976,1
RedditSample,@Queen_Kaaat how about I just fuck you right in the pussy,0.9974,1
FRANCE24auto,@holyh00ker he looks like a pretty dyke&#128129;&#10024;,0.2377,0
SDauto,This girl is retarded,0.9665,1
worldnews,@_travvv's pussy. http://t.co/aXm9PCw95T,0.9208,1
worldnewshub,RT @kaseymizell: we may or may not be trash at taking pictures together http://t.co/bPJWl1aO2E,0.0789,0
EcoInternet,@shaelynspacyyy they trash though?,0.7297,1
The_Donald,RT @Tierrraaaaa: no sex bitch I only want the neck bitch .,0.998,1
TORONTOSTARauto,"Grandma: ""(Macon) is a rinky dink mosquito-filled cop-infested swamp."" LMAO",0.3144,0
ukpolitics,@tiffantasticc your dad is genuine happy guy because his kids aren't niggers though &#128532; jimmy is my nigga 5eva,0.9541,1
RedditSample,@heavensenttynae nd you kno how much I love clams lol,0.0585,0
CBSauto,RT @NotRapd2Tite: &#8220;@VikkiNoSecrets: Nah we still up. RT @Tweets_NOchill: All the flat booty bitches asleep yet or Nah?&#8221; Nope we outchea,0.9011,1
conspiracy,"@iowahawkblog I also recommend 6pack of shiner Bock and 12 hours of brisket duty at ""the pit"" feeding oak coals &#128521;",0.0006,0
BBCauto,Got another nigga's bitch in my bed right now,0.9966,1
GUARDIANauto,@rikki_lovee you're wearing my sweatshirt in your snapchat story hoe! Love you tho lol,0.0347,0
CBSauto,RT @KissMy_klASSy: Exactly. .same shit I said&gt;&gt;&gt; @Im_Yung_Jay: So nobody think Mimi was outta line for inviting Stevie J to the gay nicca v&#8230;,0.8317,1
NBCauto,@KILLDion @h_christianne politics isn't twitter coon lol,0.1721,0
SDauto,@Sammy_Sicko Get me a bag of those pink n white coloured van sweets please. Thanks dude :-),0.1579,0
TETauto,"If she makes a good sandwhich and she give a good blowy, wife dat hoe up. That way you can eat while she eatting",0.6442,1
conspiracy,"""@KingHendo95: @VonDreaam naw it's my old tape. new cover . my upcoming mixtape is #KingOfTheHill"" Yeah I'm waiting on that hoe Mayne!",0.0247,0
CHINADAILYauto,Next time u gone call a darky a nicca..call dat coon a jungle bunny#Boondocks P.S. I... http://t.co/ug647wUIE4,0.0757,0
BANGKOKPOSTauto,@AustinBurge44 pussy ass schedule,0.987,1
The_Donald,That's a legal tackle faggot RT @PP_Rich_Hill: Seriously? http://t.co/lMyhrBKxZX,0.8195,1
TheColorIsOrange,"I don't have hoes 
Its a myth",0.0139,0
VANGUARDauto,A Yankee win makes any day better.,0.0007,0
EcoInternet,"RT @PizzaBeforeHoes: Move dat muscle hoe &#128548; 
""Tell me watchu mad foe""&#128170;&#128514; https://t.co/wlvTLgGDPg",0.0748,0
TheNewsFeed,#BlessJesusAir Matthew 6:26 Look at the birds of the air.. and yet your heavenly Father feeds them.Are you not much more valuable than they?,0.0009,0
TETauto,"""@haitian__goLd: Tim Tebow got cut from every team he was on in the NFL and he already got more hoes than me in Starkville. Smh."" &#128514;&#128514;&#128514;&#1",0.0149,0
VANGUARDauto,@Mick_Peddicord8 thank you again mick,0.0034,0
Futurology,"E250 5.4 motor and tranny

I have a 2008 5.4 triton motor and Transmission with 5,200 miles that came off a E250... http://t.co/d5gic83k0V",0.001,0
The_Donald,Stupid hoe is so wack &#127926;&#128526;,0.9811,1
technology,Should #Oscar go to @AndySerkis or #Computer that turned him into an ape? http://t.co/oWgoCjxpXs NO...The #ComputerScience major #Movie,0.038,0
EcoInternet,"@JacobRyanBruhn Kiss these nuts, bitch!",0.9969,1
TIMESINDIAauto,Ding ding ding &#128514;&#128514; &#171;@saudiasade Sagittarius - trash.&#187;,0.518,1
The_Donald,RT @k_ree2: &#8220;@Trentdamanz: These hoes are loyal&#8221; plot twist,0.0213,0
Raytheon,Hidey hidey hoe http://t.co/39fPSgB7hk,0.0072,0
TJTauto,' I will never date a female with another niggah name on her lol . Wtf .,0.9356,1
ABCauto,RT @studio6263: M&amp;S bids for most social Christmas yet with &#8216;Follow the Fairies&#8217; campaign http://t.co/5OaL2EHhG2 #CLE #marketing,0.0007,0
SkydTech,Gov. Rick Scott Kicks Charlie Crist&#8217;s Ass http://t.co/YasZ6yXfwc http://t.co/RDmCnzyGbE,0.7686,1
politics,You're black? Your name looks Hungarian. You marry a Hunky? @JulieSczesny @ChrisLoesch,0.8467,1
TORONTOSTARauto,RT @AbortionFunds: Grateful for the profound hospitality of volunteers who open their homes to patients traveling long distances for abo ...,0.0008,0
IRISHTIMESauto,"&#8220;@Bre_ah_na: @what_evaittakes it's too early, don't annoy me&#8221;&#128563; don't come back from ya fun filled weekend and give me attitude hoe",0.0573,0
IRISHTIMESauto,&#8220;@Black_Angelo25: First time with 3. Lol http://t.co/mITmFPvVLw&#8221; yuhhhh we hit that hoe!!,0.0854,0
TheColorIsOrange,I spy a couple thirsty hoes on insta.,0.0368,0
unitedkingdom,"RT @itssJayda: &#8220;@uce_INA: &#8220;@leaisalioness: &#128081; http://t.co/uYKb0T3Fba&#8221; hoes on gish road be lookin like.. Talkin bout ""5 dolla sucky suc",0.8646,1
canada,"&#8220;@KattWilliams: You can be a hoe without having sex, ask any of the girls texting alotta niggas at the same time.&#8221;",0.9221,1
RedditSample,I was grown by the time I turned 16 wit only my grandma nigguh,0.3055,0
AutoNewspaper,"RT @PlMPCESS: In the fashion world ""urban"" definitely means ""stolen from black people"" it's ghetto on us, and urban on them haha http://t.c&#8230;",0.195,0
india,@YellabeautyKC home coon,0.0157,0
ABCauto,Jones and Iba&#241;ez are out of gas after giving it their all earlier in the first half. The call-ups should get more playing time #Yankees #MLB,0.0025,0
NYPOSTauto,"@pubsubs @Adessences @tzanchan86 btw, genocide isn't war. The people of Gaza are no more combatants than the people of the Warsaw ghetto.",0.0352,0
INDEPENDENTauto,"@VNNForum These Marxist kikes promoted Anti-Semitism by creating this film, what was their incentive? They just promote their enemies.",0.1408,0
willis7737_news,Dis nicca lame,0.0143,0
TheColorIsBlue,#mt browngal #gouache #monkey #tiki http://t.co/kFhj8lWhbs,0.0144,0
CHINADAILYauto,"""@bigbootybishopp: @white_thunduh lassen cc , the coach wants me"" i feel it youll get more my nig no doubt",0.4933,0
mobilityreport,@BettinaVLA @9975Ts @SenWarren She's just another straight-up conscienceless liar. Soulless criminal trash.,0.972,1
FRANCE24auto,"@oliviagobert lmao yes I kind of like it it's not that ghetto yet &amp; they are and then he says ""u feel me"" &#128525;&#128525;&#128557;&#128166;",0.0045,0
SMHauto,@joshgnf @brana_nv @define808 @ironbjk @mrjstn oh shut up faggot get a disease overused on twitter,0.9561,1
The_Donald,@MurdaaaMike @yfly23 wow I can put slit trophies against u in those,0.4997,0
DonaldTrumpWhiteHouse,RT @johntherealman: So I see no ones participating in the twitter purge #pussies #ihopeitssuposetobetonight,0.3082,0
india,"RT @Steiny31: Peace, bitch. http://t.co/mEkV4wyJvq",0.9698,1
worldnewshub,"@GiftedHussle94 @DallyJackson @TreFreedawg ""babe it's the thought that counts""..""bitch you a thot""",0.9858,1
RedditSample,RT @BitesBlog: Pat Martin Is Gonna Show Some Yankees a Thing or Two at the James Beard House Tonight http://t.co/crWY99X7EQ,0.0012,0
NDTVauto,"RT @DabGodBaby: But only BBC, the American version is trash",0.2889,0
TheColorIsBlue,"RT @Herman_NYRBlog: Yankees shouldn't even bother to show up to Boston, man. Just fold the franchise. Cancel baseball.",0.0199,0
BBCauto,RT @HG_Shit: Cause bitch I'm Tae !! #KingLute,0.9959,1
NBCauto,"' Entertain a flirtin ass niggah if you want too , That's gon be yo niggah friendly ass . &#9996;&#65039;",0.9922,1
Conservative,Glad I bossed up on my old hoes &#128170;,0.0317,0
ABCauto,RT @SnipersInPeril: @ShinSnipes happy birthday my little cotton picker,0.0501,0
ukpolitics,RT @2AFight: Muslim Jihadi? Keep Calm and.... http://t.co/iW6HT090s8 #PJNET #tcot #tgdn #ccot #RedNationRising #teaparty #2A #NRA http://t.&#8230;,0.0062,0
TETauto,RT @Mabelistocute: You suppose to keep your hoes from finding out about each other,0.2305,0
india,"RT @RealBobbyJay: If a mf really like you&#9786;&#65039;, they'll drop all their hoes&#128108;&#128109;, exes&#9995;&#128530;, &amp; groupies and focus only on ",0.1005,0
EcoInternet,RT @KvTrK24: Ross pulling hoes @DreWill52 @Awight54 @Da_KodaBear http://t.co/YefRlbvDvb,0.0048,0
TheColorIsBlue,"Watch ima hit that hoe later on this summer, finna be the best/most livestock party of 2014!!!",0.016,0
EnoughTrumpSpam,You like them bitch niggas.,0.9958,1
Techfeed,@gezus__ @MANIAC3X @bam00se @Woody_AFC mean bro fucking faggot,0.9981,1
AutoNewspaper,Tattoos are about expression not meaning. One mans trash is another mans treasure &#128161;&#128176;,0.0892,0
Techfeed,@michelle_westt birds of a feather..,0.0007,0
BBCauto,Lmaooo naw man RT @DipOnline Yo want in RT @HumbltonBanks: U serious bro?? lol RT @CheezMoeJenkinz 2-3:10am early bird special,0.033,0
TELEGRAPHauto,I'm sick of dudes posting videos of them singing on vine. Do that shit in the shower or something fags,0.9782,1
BBCauto,Shower rod that hoe http://t.co/TdZXBl6Isf,0.0957,0
willis7737_news,"RT @TwangNation: On this day , February 13, in 2002 Waylon Jennings left us for that honky-tonk in the sky - Dreaming My Dreams - ht ...",0.0132,0
news,"If her bio says ""Only God can judge me"" she's a hoe.",0.7928,1
ABCauto,#UMightNotGetIn &#128514;&#128514;&#128514; fucc nicca #BeerandTacOS #WeTheLastOnesLeft http://t.co/45FV79CV0z,0.6751,1
canada,"RT @UrbanEngIish: ""These hoes ain't loyal"" = Women of this generation cannot be trusted.",0.2701,0
WAEXauto,@rachaelkbrown @BillyButlerKC @Oreo unexplainable!,0.0527,0
TheColorIsOrange,when you first walked in the door at that party you saw a big booty hoe &#8212; Name ? http://t.co/JERsrSwhUe,0.0017,0
FRANCE24auto,Morning trash http://t.co/xba6WWVO7m,0.451,0
INDEPENDENTauto,"RT @King_Lonnie_19: ""@TaeCocky: Rihanna is a talented hoe"" http://t.co/uL4ePHA2qy",0.0099,0
MBauto,"RT @p_w_sterne: @GraceBr92073005 ""There's more than one way to skin a monkey"" --Barack ""Bushmeat"" Obama @1Dittlinger @Txwench",0.1767,0
CBSauto,http://t.co/bPU86qzYFt Lola Foxx &#8211; Steaming hot Nubile Lola Foxx shoves her dildo deep into her wet&#160;pussy http://t.co/br1Mjkk8dz,0.9774,1
GUARDIANauto,RT @IAMMISSRAMIREZ: Charlie Sheen is the man lol http://t.co/FCfSbvAphh,0.0032,0
INDEPENDENTauto,"#BlessJesus Amos 3:3 - Can two walk together, except they be agreed?",0.0006,0
TheColorIsOrange,"Just spoke w/ @HispanicLinkNS legend, mentor Charlie Ericksen. Great to catch up w/ those who helped open doors for Latino journos #thankful",0.0006,0
worldnews,"Please stop scoring, otherwise you won't have any runs for tomorrow against Romero #Yankees #BlueJays #MLB",0.0016,0
The_Donald,Yankee homeruns make me all tingly.,0.1099,0
BANGKOKPOSTauto,RT @AbortionFunds: Grateful for the profound hospitality of volunteers who open their homes to patients traveling long distances for abo ...,0.0008,0
UMukhasimAutoNews,@HuntsTheWind I wonder if I have my very own NSA spook following me by now?,0.0017,0
IOLauto,RT @_BucketsMcnasty: You knew I fucked that bitch and you didn't react?,0.9973,1
SMHauto,@Hendrixoxo bitch why did you not fav or retweet this,0.9876,1
WAPOauto,@RealWallieWall Ms. Martinez fuckin with the cripple kid?!,0.9967,1
MBauto,"RT @SportsCenter: BREAKING: Japanese ace Masahiro Tanaka will sign with the Yankees for seven years, $155 million. (via Fox Sports)",0.0006,0
CHINADAILYauto,"RT @JStac825: There's coon classic (R. Kelly, Usher) and then there's classic (Stevie Wonder, Prince). Not that there's anything wrong with&#8230;",0.0007,0
TELEGRAPHauto,dope in the bag pretty bitch on the side,0.9923,1
MBauto,Oh snap I'm just realizing this skinny tranny is Jared Leto. He's Wo unrecognizable with all that weight loss. Geez!!!,0.335,0
TheColorIsBlue,RT @juliebenz: I drink unicorn tears... RT @thecarnage07: @juliebenz And they say blondes don't age well :) You look like you're 20 :) ho&#8230;,0.2532,0
VANGUARDauto,@RodMarley44 fr 12 was Finna bam a nicca he said yu lucky I jus got a robbery call,0.0153,0
FRANCE24auto,Omg! The cutest little tinker bell ever &#10084;&#65039; http://t.co/vDajfVlwyP http://t.co/YpTz9O4SIS,0.0094,0
CHICAGOSUNauto,I say fuck them other niggas bitch im all you need &#128074;,0.9984,1
FOXauto,&#8220;@d6_9b Dora &amp; her table manners &#128530;&#8221;--- she's eating like a sloppy hoe!!?,0.3951,0
canada,"RT @bl0ndeB1tch_: Love really is blind, stupid cunt of a feeling.",0.9705,1
IRISHTIMESauto,My homeboy got a hoe number on house arrest ... i said that's good she won't ask to go anywhere,0.0096,0
worldnewshub,LMFAOOOOOO GAY AS FUCK RT @PubesOnFleeK: &#128557;&#128557;&#128557;&#128557;&#128557; get these two faggots off my TL http://t.co/oKUMmSJEYi,0.9983,1
BANGKOKPOSTauto,lol @ that tweet zebra.,0.0052,0
MBauto,RT @antoinetteA: Coming up at 5:15a: Charlie Baker's campaign admits he may have been wrong about the emotional fisherman story from this w&#8230;,0.0007,0
worldnewshub,RT @notesforgirlz: When you see bae retweet or mention some hoe http://t.co/d4oPanpwZb,0.0041,0
unitedkingdom,RT @ImJustCeej: RT @BarackOMamba: RT @IntenseDesire: Bow wow look like the stress of saving a hoe is wearing him down http://t.co/mTzjAAc0W2,0.0097,0
canada,they're not playing Charlie Strong's soft don't run up the score mentality. They're playing this guy. http://t.co/sqEdBgU34k,0.0044,0
Conservative,I grew up with niggahs don't trust no niggah no love for niggahs,0.9434,1
MBauto,"I was working hard as a bitch today, i deserve a reward.",0.9492,1
SLTRIBauto,"I know Outback when I see Outback, hoe.",0.0312,0
TheColorIsBlue,&#8220;@_Jamal___: these hoes ain't loyal&#8221; no they ain't,0.2103,0
RedditSample,"Not just exist, but contribute. And contribute to things they themselves enjoy. That often it's a queer person behind those products.",0.0087,0
TORONTOSTARauto,"I luv watching gas monkey, they be havin some classics on there.",0.0023,0
unitedkingdom,RT @JC2theQ: Yanks walk off win &#128591;,0.0231,0
EcoInternet,RT @KrisDaRebel: &#8220;@Aye_Benny: Searching for these hoes I got &#128533; http://t.co/DsdfEjI65U&#8221; you ain't the only one Bruh http://t.co/c7R3WRcPK0,0.1231,0
india,Enjoy 50% off @GreenFestival #DC tickets with our code and check us out at booth #640! Vegan brownies samples &amp; more! http://t.co/scDZnDk2Aq,0.0011,0
CHINADAILYauto,She the reason I'm quick to dip out on a bitch.,0.9889,1
TORONTOSTARauto,"RT @AliyahKorea: #Whiteculture thinking weave is ""ratchet"" and ""ghetto"" while ""extensions"" are perfectly fine.",0.0099,0
newsbotbot,They got the redskins faking injuries,0.1961,0
EnoughTrumpSpam,"@TheBikeman99 My father was born in Nanticoke and attended Lehigh. I'm a CT Yankee, but love the Pennsylvania Dutch cooking :-)",0.0008,0
conspiracy,@LowworldsFinest @1stblock_thomas man y'all niggas chill man I'm High af tho . Y'all niggas ain't even tell me who the hoe is &#128564;&#9995;,0.9458,1
The_Donald,"RT @versaceezy: side hoe: let&#8217;s make us official 

me: https://t.co/Kfqy4ouFgo",0.0012,0
worldnewshub,@iamJAYUNO shuddup hoe,0.399,0
WAEXauto,"RT @LorenaSGonzalez: I am a California State Assemblywoman, but remain a proud @Teamsters #unionmember -- celebrating #LaborDay weekend ho&#8230;",0.0007,0
SkydTech,"""If you're a bad bitch put your hands up high"" 
Every girl in the room starts waving there hands around.",0.9869,1
TELEGRAPHauto,Jake gettin all da bitches rn,0.9315,1
CBSauto,"RT @nuteIla: ""wtf ling ling did you at least calculate the circumference when you threw that ass in a circle?"" http://t.co/2aUevEEaWN",0.9108,1
FRANCE24auto,@heavensenttynae nd you kno how much I love clams lol,0.0585,0
SMHauto,@Marco_SharkHoes hoe I'm at work til like 8,0.0141,0
Raytheon,All I want for my birthday is a big booty hoe.,0.1596,0
newsbotbot,That's real pinchbach I told them niggas watch how everybody that wasn't on the bandwagon jump on the bitch when they get to Austin,0.9643,1
VANGUARDauto,This wigga didn't follow me back.. Smh,0.2797,0
RedditSample,I don't like that bitch.,0.9931,1
NYPOSTauto,RT @BreadTruckkBri: Denzy a hoe &#128514;&#128514;&#128514;,0.0051,0
HTauto,Punch that hoe cause she deserve it.,0.948,1
WAEXauto,RT @HoeFact: Don't trust these hoes http://t.co/03SoHP4P41,0.1556,0
unitedkingdom,I wnna go to ihop bitch,0.985,1
IRISHTIMESauto,RT @Wilnerness590: . @Jmart96 Because Outman is a brand-new #Yankees and because Girardi will never use 3 relievers when he can use 6.,0.0103,0
Conservative,@ramaxe1965 dubya hates todays teabagger movement.,0.067,0
FRANCE24auto,"Sometimes I wish I had a cute pet monkey, but then I remember it would probably defecate everywhere, beat me up, and destroy my house.",0.1924,0
FOXauto,RT @erinfbaaby: &#8220;@2chainzz2pumps: Girl ugly denna hoe &#128532;&#8221; what's this then :/ http://t.co/YbXiFwTugu,0.0657,0
NDTVauto,Hoes and dey hoe poses,0.0296,0
IRISHTIMESauto,Oh man. This could be a serious first ever Chanel bag contender RT @evachen212 grape-colored Chanel bags http://t.co/q8ShjIFv,0.0029,0
INDEPENDENTauto,"You always buy me colored goldfish when my stash is low, and you are a constant inspiration to me and&#8230; http://t.co/nCPd8uSljf",0.0014,0
worldnews,Ebola sounds like a hood hoe,0.3937,0
worldnews,RT @LakersTV: VIDEO: @kobebryant on talking trash while facing @NickSwagyPYoung during today&#8217;s scrimmage &#8211; http://t.co/3njZFytc1R http://t.&#8230;,0.1065,0
TIMESINDIAauto,"Don't kiss these hoes in the mouth. 

Unless you have to.",0.8738,1
Futurology,You mean these hoes RT @KingHorseDick: Russ never gonna be happy bruh,0.1176,0
EnoughTrumpSpam,"@_queenveronica haha yolo, did ya hit that hoe?",0.1167,0
mobilityreport,Dis be one sexy bitch http://t.co/lVCNeDp4PT,0.9946,1
NYPOSTauto,"@antiamnesty @AppSame @WhiteHouse 
I agree 100%. No naturalized citizenship, no anchor baby amnesty. All go to parents country of origin.",0.0006,0
Conservative,"' Y'all like sayin money don't buy happiness , but name a niggah sitting in a Lambo crying ?",0.8508,1
EnoughTrumpSpam,Islamic Jihadis run away to Pakistan @PureMonotheist @BemetOr8 #UniteBlue,0.1713,0
EcoInternet,Chaber Books: BRAGADAYJAH 315 http://t.co/qTr6lzCsdj: Further restrictions on eating certain insects and birds,0.0013,0
The_Donald,I have no hoes man. I don't need those though &#128564;,0.0054,0
NYPOSTauto,RT @KrisDaRebel: &#8220;@Aye_Benny: Searching for these hoes I got &#128533; http://t.co/DsdfEjI65U&#8221; you ain't the only one Bruh http://t.co/c7R3WRcPK0,0.1231,0
Conservative,RT @WayneL_Jr: The nipples determine whether the titties are trash or not,0.3008,0
conspiracy,@Bywatergal @Yankees @EmpireStateBldg That game winning hit in Thursday capped a great career. The guy is a 1st ballot HOF. Or else.,0.0383,0
TIMESINDIAauto,@Tanner_Harris_ I've been knowing fag,0.4888,0
mobilityreport,"&#8220;@Jaime_915: @Thompson_Era @HannahAlisee null bruh they both alive thats hans bitch who died&#8221;

Oh well FBD &#128514;",0.8755,1
ABCauto,No skimp shit here bitch,0.9967,1
newsbotbot,"4&#8419;2&#8419;0&#8419;

moke up",0.186,0
FOXauto,He was talking about I'm on one lol. How was that even possible when I was on a cruise ship with no phone service negro?,0.0685,0
FOXauto,RT @LuisEnriquez94: You don't love her if you keep a couple other hoes on the side,0.1216,0
worldnews,RT @SaviAssStr33tz: Dumb hoes out here moving at a snails pace in life...im coo,0.729,1
TJTauto,Islamic Jihadis run away to Pakistan @PureMonotheist @BemetOr8 #UniteBlue,0.1713,0
unitedkingdom,RT @Woody_AFC: @_WhitePonyJr_ @ivanrabago_ no doubt about it. I mean its cute tossing around trash cans and having 98lb Mexican boys wantin&#8230;,0.2559,0
UMukhasimAutoNews,Goodbye x Young Dolph featuring Trinidad James &amp; Shy Glizzy,0.0012,0
TORONTOSTARauto,RT @cotydankh: don't make me pull out the pokeflute hoe http://t.co/yFN3PdMdy1,0.2208,0
MBauto,RT @IWILLSTILLRISE: If you not gator you gator bait #gatornation,0.2071,0
willis7737_news,"RT @UnusualFactPage: Shy people tend have great observational skills, making it easier to recognize the core of a problem then solving it.",0.0008,0
BANGKOKPOSTauto,Charlie Daniels Goes Off on &#8216;Satanic Evil&#8217; http://t.co/3haWjFavUz,0.2442,0
EcoInternet,RT @daniellecarr01: Where all my @Yankees fans?? #ny #yankees #VictoriaSecret #fitness http://t.co/IBNLKWuUNS,0.0023,0
FOXauto,&#9733; BEST ASIAN MASSAGE ON THE park slope --TOP RATED SPA &#9733; 718-622-0221 - 24 http://t.co/mLFuCqIIFA,0.0007,0
MBauto,I got a uncle through marriage dude got hips like big momma I swear all the lil kids mock his walk and he don't even know it,0.0944,0
DonaldTrumpWhiteHouse,"RT @DabGodBaby: But only BBC, the American version is trash",0.2889,0
BANGKOKPOSTauto,Scrappy got the hoes &#128056;&#9749;&#65039;.. It's 3 of em on stage I wonder how many in the audience,0.0125,0
TORONTOSTARauto,I got these 5 dominican hoes that randomly hit me up every so often &amp; can't tell if they like me or tryna rob me.,0.3133,0
FOXauto,@ten_ah_kei superman dat hoe no watch me uuuuuuuuuu&#128514;,0.1767,0
TheColorIsBlue,I dont hide bitch im high when im in public,0.9571,1
canada,"I went to see This is Where I Leave You, at a movie theater with tables and real food! It was fun. I ordered a brownie dessert. :P",0.0008,0
europe,@brittneycordova don't blame me hoe.... I'm innocent &#128520;,0.0365,0
SLTRIBauto,#realtalk if you a hoe an try to get serious with someone don't expect to be anything more then a piece of meat to them,0.3619,0
worldnews,@youngscooter ghetto gold needa be the first music vid!,0.0872,0
mobilityreport,Know you don't like me cause you're bitch most likely does,0.9877,1
TheColorIsBlue,"Sore Loser Charlie Crist Won&#8217;t Give Concession Speech, Calls For Recount http://t.co/MVhecTyUYs #tcot #pjnet",0.3365,0
TheColorIsBlue,"RT @MELODICthunder: Nah, 2013 was trash RT @IshaboiBrandon: 2014 was so trash dawg",0.7677,1
TETauto,RT @GreaterThn: When you see bae retweet or mention some hoe http://t.co/864iI0yIoV,0.0035,0
TheColorIsBlue,Most of you hoes copy and paste but there has to be someone they are copying from. And to you I give you my props,0.0108,0
FOXauto,"Baby I'll whisper Vietnamese to you all soft like, ""ching... chong ting o long....""",0.0133,0
Conservative,"RT @SSparklesDaily: The most beautiful women I've met have bruised souls, tired eyes, &amp; quiet smiles. The survivors. The ones who know abo&#8230;",0.001,0
TETauto,Selling ex lax brownies in front of Meijer to pregnant women. #GoodDeed,0.0085,0
TheNewsFeed,&#8220;@TheSportsDiva23: Adam Jones homers Yankees now lead 5-3.&#8221;Guy is a monsta,0.0207,0
HTauto,I think I'm gonna walk around the house free as a bird.,0.0017,0
DonaldTrumpWhiteHouse,@BrodyWayneLyles these kids are pussies. We got a white trash kid &amp; a ThugNasty wanna be up in here &#128514;,0.9383,1
IRISHTIMESauto,dont acknowledge these hoes.,0.2207,0
CHINADAILYauto,"@HeatherEliseP and plus, it's trash talk. You should know that especially with ole miss.",0.0769,0
mobilityreport,"Gotta love rednecks. Loud, stupid, stubborn, and full o schitt.",0.9545,1
willis7737_news,@craigcalcaterra Hes behind the plate for the game tonight here in AZ. Im looking to buy a red&amp;yellow Balkamania shirt I can tear off there.,0.0171,0
RedditSample,Must have been a light skin hoe &#8220;@CampaignMindy: Lmfao wtf she mean af &#128557;&#128557;&#8220;@TrickingGawd: HE WASNT READY BRUH RIP!! http://t.co/lJRqr,0.2666,0
politics,"Some guy at orientation got asked what his top 3 favorite music artists are and the first thing this bitch said was ""Usher"".",0.6799,1
EnoughTrumpSpam,This niggah better remember to bring his sperrys,0.957,1
WAPOauto,&#8220;@Garricka_: Ima just block you hoes out!&#8221;or block em either one lol,0.3498,0
unitedkingdom,These hoes soo &#127805;&#127936;,0.1038,0
TETauto,&gt;_&lt;.. RT @ItsTheBOOMshow @FricknAwesome metal monkey balls!,0.0838,0
TORONTOSTARauto,Let the jig commence http://t.co/pqvJiEvqZa,0.0019,0
NDTVauto,"@edwards_cait ghetto, driving a nice car, and not having to pay a lot for rent. I drive a Lexus, and pay little rent. Just saying.",0.0075,0
SkydTech,RT @ahmiryoung Lakers on....I thought trash day was Monday,0.2656,0
EcoInternet,RT @TaeCocky: I have 0 hoes,0.1742,0
politics,@giantsniners85 he's the definition of little squirrelly bitch,0.9862,1
NYPOSTauto,RT @MyDickNeedsCPR: What lonely hoe made this? http://t.co/eEFThf0tvb,0.0556,0
Raytheon,This 103 weather is a bitch,0.9893,1
TheColorIsOrange,"RT @Yankees: Analyzing the impact of Masahiro Tanaka on #SpringTraining Daily, brought to you by @YankeesonDemand: http://t.co/L2gJboDNkM",0.0008,0
TheColorIsBlue,"RT @reshell_: ""@1inkkofrosess: My ears look good &#128525;&#128525;&#128525;&#128525;&#128540;&#128541;&#128513; http://t.co/fP3R6mkBaC""bsa hoe in yo background",0.0015,0
unitedkingdom,RT @FunnyJulius: Please win it all this year @Yankees,0.0015,0
TORONTOSTARauto,Breakfast of champions shrimp lobster balls (no sandusky) French fries nd a nice big Quahog (clam for&#8230; http://t.co/UajUkcoAfV,0.0037,0
TIMESINDIAauto,RT @AllHailTaron_: Bruh thank you I'm about to start cumming in these hoes just to scare them. http://t.co/cMCek4h6cv,0.4776,0
BANGKOKPOSTauto,RT @Mmadifresh: Still wishin all of my old hoes the best,0.048,0
TheColorIsOrange,"@AnnaComan2 she was the principle for a ghetto elementary school, I doubt it. But fingers crossed&#128527;",0.0012,0
TIMESINDIAauto,You little stupid ass bitch I ain't fuckin witchu.,0.9985,1
conspiracy,Shut up hoe,0.963,1
TJTauto,RT @ABCbirds1: #Neonics are deadly to #birds like the American Kestrel and #bees. Ask @Lowes to take it off their shelves. #EcoWed http://t&#8230;,0.0013,0
TJTauto,"@ruby_knox @all_about_kk @squirtnetwork Why would i pay sex ,when i can getfree pussy that makes no sence at all",0.9455,1
worldnews,RT @paul_lander: Charlie Sheen is engaged to a porn star. I can't be the only one thinking she can do a lot better.,0.411,0
SMHauto,"MURDER HER RT @RepMyCityX: When u fuck with crazy bitches shit like this happens :(
Feel bad for ol boy http://t.co/IjacWo6OB8",0.9976,1
india,Most of time I be thinking bitch when u gonna give me that pussy,0.9974,1
CBSauto,RT @TAXSTONE: If YA bitch ex is a nigga u think is lame u might be lame for having a lame nigga old bitch,0.9952,1
TETauto,RT @JoeBudden: It&#8217;s so unfair that the hoes get to dress up as hoes for Halloween.,0.2049,0
ukpolitics,No summer school? &#128515;&#128515;&#128515;&#128515;&#128515;&#128515;&#128515;&#128515;&#128515;&#128515;&#128515;&#128515;&#128515;&#128515;&#128515;&#12851,0.0049,0
TIMESINDIAauto,Should #Oscar go to @AndySerkis or #Computer that turned him into an ape? http://t.co/oWgoCjxpXs NO...The #ComputerScience major #Movie,0.038,0
newsbotbot,"RT @Hits_BIunts: *hits blunt*

""bruh if she tells me to go text my other hoes, but she's one of my hoes, do I keep texting her ?"" http://t.&#8230;",0.1736,0
FRANCE24auto,"RT @TayTheBADDIE: Never discuss cheese with a rat , talk bread with a bird , or make moves with a snake &#128175;&#128076;",0.0556,0
india,RT @juiceman829: @herk87 @RealMichaelKay how much does your wife wet pussy want another dick. #BIG HEAD,0.9958,1
RedditSample,Funny thing is....it's not just the people doing it. It's the people who seeing these pics and judging the birds. Just as wrong.,0.0008,0
NYPOSTauto,@louiev_ lol just getting this..early bird catches the worm!,0.0325,0
NDTVauto,they made me put on basketball shorts now I look like a confused dyke mosh warrior,0.1893,0
DonaldTrumpWhiteHouse,RT @Broski5519 Lauderdale. . + that's where the hoes at?,0.024,0
IRISHTIMESauto,She wonder why im into her when all these hoes be into me,0.3229,0
HTauto,"@JennyTripleTit it's also a bird, a city, and a math theorem. I make no assumptions!",0.001,0
TETauto,I hate the ghetto trash at the special school across the street from my building. All of them will grow up to be criminals.,0.911,1
canada,@logan_wills what a bishhh &#128075; slap a hoe,0.8582,1
FOXauto,&#8220;@jcash___: @VoiceOfDStreetz noll nigga I'm Talm bout Tt and juice &#128514;&#128514;&#128514; @FreeMolly_&#8221; me too! Ion hoe Em,0.8483,1
india,"Im way out of your league hoe, please excuse my ego",0.2751,0
willis7737_news,RT @Mz_Eccentricity: We all need to be aware....that's there is ALOT more going on in this world than ya'll flagrant asses care to know abo&#8230;,0.4491,0
DonaldTrumpWhiteHouse,RT @iKayKing: A boyfriend and girlfriend suppose to laugh at these hoes together. A guy should never have these hoes laughing at his girl..&#8230;,0.2589,0
ukpolitics,CAIR Publishes a Hit List for Jihadis http://t.co/hvVfXypmHm via @RealJTP If you are a red blooded #American you may be on the list..,0.0949,0
Techfeed,"""no pussy, or not tryna go to the studio, don't CALL my mufuckin crib like that, god. Yo. Word up god I will BUSS YO SHIT, god, word up""",0.995,1
FOXauto,RT @chilltweetss: when I make the paper ball into the trash can &#128168; http://t.co/Xnx2XEGACm,0.0467,0
RedditSample,RT @DeolaCola: They don't make R&amp;B like THIS anymore!!!!!!! Dudes used to make you feel good about busting it wide open not call you a hoe &#8230;,0.31,0
ABCauto,This fuckin bird http://t.co/q2Kjv91KIZ,0.9946,1
EcoInternet,That vine started a coon frenzy bruh,0.0015,0
WAEXauto,RT @Uptown_Byrd: Philly full of these type hoes. Broke bitches! http://t.co/AZh2Ql6lwN,0.9803,1
NYPOSTauto,@__MotoMoto you a real bitch for that,0.9942,1
mobilityreport,@k_tempsss lol then they have one more flavor I think it's yellow idk.. But yea there bomb.,0.3212,0
unitedkingdom,RT @UrKindOfBrand: If she's always been a dyke she's a virgin. No way around that. Her first time eating box don't take her virginity.... #&#8230;,0.3296,0
Futurology,I can't take yo bitch if I can't see yo bitch...,0.9975,1
WAPOauto,"Sorry Sam, I went to @elonuniversity RT @wulfpacksam83: Is wes durham woody durham son???? If so, why is that tar baby doing a PACK game.",0.1342,0
newsbotbot,2 or 3 hoes for everything &#128527;&#128520;&#128526;,0.0247,0
technology,Will be interesting to watch how Interlagos grips in this weekend. F1 cars basically the guinea pigs for WEC later this month.,0.0008,0
newsbotbot,Lol colored contacts played out.,0.0008,0
BANGKOKPOSTauto,Ain't been on this hoe all day,0.182,0
TheColorIsBlue,RT @WWECrowe: #JerrySpringer on #RAW ...... The white trash side of me is applauding @WWE,0.4254,0
EcoInternet,"RT @ParkerHouk1: If I could be anywhere on earth right now, you know it would be Yankees Stadium",0.0022,0
FRANCE24auto,"In a movie, everybody ain't the star... Need Co stars and extras... &#171;@ChanteGooden I hate hoes that take pride in being the other chick&#187;",0.1593,0
Raytheon,RT @Colinfreeze: ISIS Supporters in America: The Jihadis Next Door http://t.co/aiMV7GiB24 @mlnestel @vocativ http://t.co/ajUAU5YwIv,0.0009,0
SLTRIBauto,Enjoying the eccentricity of @RayEvernham's AmeriCarna. Charlie Daniels appearances in two of the three episodes I have watched.,0.0006,0
WAPOauto,"I keep running under trees or when birds fly to avoid their, erm, being targeted by their lack of a digestive system.",0.1192,0
FOXauto,"RT @Anointed_Mouf: Would be so happy, so many bitches would be humbled RT @djdmt: How would you feel if they discontinued the sale of weave""",0.5386,1
CBSauto,"@heydenbunsyolo and how is that what I'm suppose to go for the team who beat us, that's retarded",0.7619,1
unitedkingdom,Yo if you get like over 25 of flappy bird you need to do some self evaluation because you probably have no life,0.2597,0
The_Donald,@mandaxll2963 yellow is even better,0.0015,0
SCMPauto,Y'all sleep on Shy Glizzy &#128564; Young Jefe&#128520;,0.0128,0
BBCauto,Kissing that bitch but she sucking me,0.9982,1
SLTRIBauto,"@Charlie4927 Hi Charlie, have a great day",0.0011,0
india,What if I talked ghetto lol I'd be so annoyed of my self,0.1622,0
EnoughTrumpSpam,"Not ya grandma brownies, wink wink http://t.co/pZPI8RUQ4F",0.0185,0
DonaldTrumpWhiteHouse,"""&amp; he's gone always be a hoe""",0.4338,0
FRANCE24auto,"RT @HeavensWay_: &#8220;@Thompson_Era: &#8220;@JuniorMaye8: @Thompson_Era it goes to her ego&#8221; 

And her head bc it sholl is big&#8221; bye bitches",0.9369,1
technology,RT @neiltyson: Just to settle it once and for all: Which came first the Chicken or the Egg? The Egg -- laid by a bird that was not a Chicken,0.0014,0
FRANCE24auto,"I mean...If you blow a foul there, it has to be a yellow in that situation no?",0.0583,0
SLTRIBauto,"""@TheGamerKingKev: I wonder if the girl that gave head to 24 boys for a drink in magaluf has twitter"" she probly sends nudes for fags",0.5146,1
NYPOSTauto,I'm Pregnant Charlie Brown! #WorstPeanutsSpecialEver,0.2017,0
newsbotbot,A shockingly true tale from the Oreo that almost got devoured. http://t.co/WYIS0LVdsi,0.0013,0
india,Stafford you pussy,0.9976,1
EcoInternet,it's so weird outside. it's like yellow.,0.002,0
EnoughTrumpSpam,She the reason I'm quick to dip out on a bitch.,0.9889,1
worldnews,"@_Dreamchasers2 ""aint nobody got no time fo dat"" (ghetto black lady voice)",0.1353,0
TheColorIsBlue,"@Real_Liam_Payne be a pussy

as in cat",0.9301,1
mobilityreport,"&#8220;@GlitteredInPink: @West305 you like 5'8, you needs to&#8221;....1. You a hoe. 2. i'm 5'10(breaking11) 3.suck my dick.",0.9966,1
Conservative,RT @Yankees: Show your support during #FleetWeekNYC with #troopthanks. You could be on the @BofA_Community billboard in Times Sq! http://t.&#8230;,0.0007,0
Techfeed,Cancel that bitch like NINOOO,0.9965,1
INDEPENDENTauto,&#8220;@_BucketsMcnasty: Iz no point in being jealous cuz dee hoes for everybody #&#128175;&#128175;&#128175; #BucketsProverbs&#8221; http://t.co/HuH4hBKYwY,0.0614,0
UMukhasimAutoNews,&#8220;@zt0mm: Traded in my nikes for a new mic.. I guess it's safe to say he sold soles for his new life ... -bada$$&#8221;,0.0012,0
INDEPENDENTauto,"Jamaica populated with island hillbillies. Even linguistics are kind of the same, if you sub the accent. Olde English derivatives.",0.0012,0
TETauto,Wash up hoe,0.4657,0
INDEPENDENTauto,"Thinking about the ""boom boom boom waaay ho"" video makes me laugh at least once a day.",0.003,0
TORONTOSTARauto,@Herfarm @SteveWorks4You @TheDemocrats your low info redneck dumbasses vote for these corporate shills that idiots like you believe #dummies,0.9592,1
SLTRIBauto,RT @NikoWavy: Why ain't no single Fathers getting wished a Happy Mothers Day like y'all do these bitches on Fathers Day?,0.9031,1
BANGKOKPOSTauto,RT @iMDatDudeFish: &#128514;&#128514;&#128514;&#128514; RT @VivaLaKash: #ThotGoals .. RT @LessonswithKate: I wanna learn how to jigg really good so I can be in ,0.0149,0
WAPOauto,I'm retarded hungover and all we had were beers. A lot of beers.,0.226,0
TJTauto,2 hoes 1 dyke,0.3592,0
IRISHTIMESauto,Why do peeps gotta be mad ghetto nowadays? Smh pull up your pants!,0.9513,1
WAPOauto,"RT @AdamWeinstein: Working theory: This ""selective race"" abortion ban passed in Florida today was just an excuse for redneck reps to say ...",0.0109,0
conspiracy,"RT @CoIlegefessions: ""My roommate is having sex and I'm eating Oreos. It's gonna be a great year!"" - Kutztown University",0.4544,0
HTauto,Why niccas be hating tho lol .. Let me live homie,0.1021,0
EnoughTrumpSpam,@JadeGreenleaf @DailySexSupply am i really a fag if I'm liking that video,0.3822,0
The_Donald,#AskDems Aren't you embarrassed that Charlie Rangel remains in your caucus?,0.011,0
TELEGRAPHauto,"after the steelers lost the superbowl i loaded up the black and yellow gmix on my moms computer, i think the youtube page is still open",0.0045,0
NBCauto,RT @TaeCocky: I have 0 hoes,0.1742,0
canada,"""@WBUR: A smuggler explains how he helped fighters along the ""Jihadi Highway"": http://t.co/UX4anxeAwd""",0.0009,0
WAPOauto,"RT @decider: #2 on the field, #1 in our hearts! What if @Yankees star Derek Jeter starred in ""Back to School?"" http://t.co/nSZ6xGjkLV #yank&#8230;",0.0011,0
The_Donald,Can't no hoe #FixMyLife,0.2406,0
SMHauto,RT @GOLDBONEQUEEN: Stevie J turned a hoe &#128111;into a Housewife&#128129;&#128141;&#128142; and Nikko turned a Housewife&#128582; into a hoe&#128111;&#128111;,0.9571,1
NDTVauto,"@dish_answers 
You gots da BET and da MSNBC wit dat colored reverend who only listen to coloreds. What else I missing?",0.0349,0
TELEGRAPHauto,@jessitron @Bsilverstrim77 ...in fact were I to start a for-profit university this would be the sole requirement for graduation!,0.0012,0
europe,"RT @RussOnPolitics: GOP nominee for #MAgov Charlie Baker's ""fisherman story"" falls apart. He deserves an Oscar for his play crying. http://&#8230;",0.0009,0
FOXauto,@Nien_Nunb what did you search? Gay redneck episode 1 play?,0.4394,0
SMHauto,@sweetlou462 thanks Hun. &lt;3 I'm so crushed. I love working out. It'll be 2months gone by the time I go back. :/,0.0011,0
news,@jennahnorberg ehh it was tough but yeah. Lol jk of course niglet,0.0446,0
politics,"I went to see This is Where I Leave You, at a movie theater with tables and real food! It was fun. I ordered a brownie dessert. :P",0.0008,0
INDEPENDENTauto,@Teampowerstroke hoes will be hoes nothing but something guys just dispose #TruthBeTold,0.3463,0
RedditSample,"give her dope dick now she a fuckin addict hoe, u a fool if u thought a nigga neva had it yo",0.9985,1
AutoNewspaper,Top knotch hoes get the most not the lesser,0.1414,0
DonaldTrumpWhiteHouse,"trust me, just set the alpha to 0. it's just as good (maybe better) than setting the visibility to false. now: fly on silver bird!",0.0011,0
SMHauto,Ihate a nosie bitch ',0.9816,1
Techfeed,"RT @Todd__Kincannon: Cry, liberal bitches. Cry like you did when daddy left. MT @Slate: Republicans are abt to take control of state legisl&#8230;",0.971,1
TIMESINDIAauto,@MikeyDJaro haha 1. I would go for the S 2. Those fag colors are reserved for @JoeyTaormina,0.177,0
WAEXauto,Jose Soto: Reflections of a former gay teabagger http://t.co/XtMMuzyK,0.1169,0
TheColorIsBlue,RT @Nekkohbk: I stopped caring about mcm when I noticed dykes where getting chose before me,0.002,0
ABCauto,Video: Charlie Baker remembers Tom Menino http://t.co/vdaOWLZksv,0.0008,0
conspiracy,"RT @CauseWereGuys: Freeze bitch, I'm gonna steal your heart http://t.co/zKSYUwV8QV",0.9944,1
IRISHTIMESauto,RT @ebs_14: This Jimmy Fallon Prank of getting NY Yankees fans to boo Robinson Cano is amazing. http://t.co/XnZKZLly4G via,0.0029,0
news,RT @YurUgly: Niggas these days will walk 10 miles to get some pussy. &#128557;,0.968,1
WAEXauto,"RT @GirlTalk26: ""Real men ask for nudes""
Correction. Pussy ass bitches ask for nudes. Real men are out there working for women &amp; actually h&#8230;",0.9415,1
FOXauto,"Hey, people bird watching, you do realize there&#8217;s like, hundreds, literally hundreds of free pictures of boobs on the Internet, right?",0.2241,0
TETauto,RT @Elisaa_Martinez: Happy birthday cotton picker lol @1NOnlyDirtyMike,0.0072,0
TheColorIsBlue,&#8220;@iKayKing: Things hoes say... https://t.co/i9zs1OUd0I&#8221;,0.0031,0
TIMESINDIAauto,RT @MikeDevrnja: &#8220;@SavannaaSanford: sucha hoe&#8221; @GAYD69,0.4181,0
SCMPauto,@JAYREIDOFFICIAL my nicca!,0.0222,0
SLTRIBauto,@_XoXoKelsey_ hell naw fuck them bitches serves them right,0.9982,1
EcoInternet,@ryancommakerry @dianaaaxo @JennaAmendolare guys number 42 on the Yankees looks like uncle Stevie LMAO IM DYING,0.3158,0
TIMESINDIAauto,&#8220;@JennaHord12: @ambernicolee05 dreamgirl McKee &#128514;&#8221;Ooh! Bet you wooonnnttt stick dat hoe,0.6595,1
CBSauto,Got a lil bitch from the 916,0.9435,1
SLTRIBauto,RT @InduZtriouZ_Neo: I am a strong believer that birds of a feather flock together,0.0008,0
CHINADAILYauto,&#8220;@Tom_2Times: Making weed brownies tonight&#8221; goin slide me a batch relo,0.0077,0
VANGUARDauto,"RT @MoDroJoJo: ""@basedamERICan: ""Ayo take this pic for me fam""

""You think the bitches gon fuck with this pic?"" http://t.co/dTtZPLIpkm"" LMA&#8230;",0.9739,1
WAPOauto,I like a hoe that like a hoe just for my amusement,0.1206,0
newsbotbot,"Mitt Romney Gone take away weave if he become President, hoes gone be walkin around looking like Lil Bill &amp; Calliou...",0.1156,0
MBauto,"4&#8419;2&#8419;0&#8419;

moke up",0.186,0
unitedkingdom,"Excuse me, here's your nose. I found it in my business hoe.",0.1724,0
technology,me and peter have always been slaying these hoes http://t.co/jqmil7rJaT,0.4607,0
EcoInternet,RT @Pouyalilpou: this bitch is no help at all http://t.co/Fk5VZaLC54,0.978,1
The_Donald,Big G-Day s/o to @MauricePrice17 #FreeBoosie nicca lol!!!!!,0.0162,0
conspiracy,RT @SpacePlankton: Saw a man in a yellow hat at the Grand Canyon today. He was hanging out next to a curious gorge.,0.0011,0
conspiracy,"Gonna make a chicken sandwich, put half a bottle of tapatio on that bitch, and figure some shit out",0.9948,1
TheColorIsBlue,"RT @VandTRailroad: #DidYouKnow: The Comstock Lode was a boon 4 @VirginiaCity as it grew 2 20,000 ppl &amp; became 1 of the largest &amp; wealthiest&#8230;",0.0036,0
RedditSample,That bad bitches get left because of wack pussy kinda overrated cause the sex can get better if everything about her is cool,0.9978,1
TELEGRAPHauto,"We'll catch them hoes later, stay on ya grind",0.3201,0
NDTVauto,Simple minded hoe,0.1701,0
IRISHTIMESauto,Half these bitches be playin because but im far from a lamee,0.9596,1
IRISHTIMESauto,where my scene hoes at?,0.0035,0
worldnews,@jessicacassell1 find a new hillbilly!! #spiritweek!!,0.0176,0
WAPOauto,RT @wrongmusicvine: #MusicThatDoesntMatch These hoes aint loyal! http://t.co/prXCfleT2W,0.1569,0
TheColorIsBlue,@jessitron @Bsilverstrim77 ...in fact were I to start a for-profit university this would be the sole requirement for graduation!,0.0012,0
ABCauto,"You old bitter,salty ass niccas make my flesh crawl off my bones! Such bitches you are! #DontArgueJustAcceptIt",0.9979,1
FOXauto,RT @iAmBitchassness: I'm not telling you to like Al Green or Otis Redding! Stop missing the point. Just don't call them trash &amp; tell me you&#8230;,0.4242,0
BBCauto,"You just worried bout the bitches, I got one girl and she my girl no one else can hit it",0.8524,1
GUARDIANauto,"Got my shit changed doe , find the PW now bitches ! Haha",0.998,1
FRANCE24auto,RT @EvilMikeTomlin: Came to training camp today to find Charlie Batch asleep on the curb...,0.0019,0
canada,"don't even entertain these hoes, got somebody too important.",0.2578,0
nottheonion,"&#8220;@WowItsDylan: Fuck a ""bad bitch"" id rather have a good girl who's a freak just for me 10/10 times &#128525;&#128525;&#8221;",0.9968,1
mobilityreport,RT @BrandonTweets__: Who else remembers these bitches http://t.co/MjrypfCjPd,0.9519,1
Techfeed,RT @hotwata: &#8220;@VSamone: tom ford probably fucking all these hoes&#8221; he probably would be if he wasn't a homosexual,0.9952,1
SMHauto,"RT @JoeBudden: Nigga can&#8217;t even feel up on a bitch in a pic without the girl u fuckin getting mad, smh",0.9975,1
TIMESINDIAauto,"there's always that dumb twitter hoe when it comes to sports. ""I hope Floyd beat mayweather"" or ""I hope New Orleans beat the saints"" &#128530;&#128529;&#128298;",0.2209,0
TIMESINDIAauto,Tyga and Drake two light skin bitches but if had to choose in a fight I would go with the guy from Compton over the one from Toronto,0.3722,0
WAEXauto,"RT @TedOfficialPage: guy: send me a pic of your pussy Girl: ok *sends pic of pussy*guy: HOLY SHIT, WHAT DAFUQ I WANTED TO SEE THE CAT!!!",0.9883,1
MBauto,"When people really think I'm Asian I get offended,
Even though I make fun of my gook self",0.0348,0
EnoughTrumpSpam,although last night my lady told me the key to happiness was new pussy,0.9276,1
FOXauto,The city used to have HOES.Now them bitches look sick.,0.9927,1
movies,"I want some cookies, brownies and ice cream. &#128523;",0.0007,0
WAPOauto,RT @MahoganyLOX: vintage mickey &#127800; http://t.co/03otPzXCbI,0.001,0
CBSauto,I don't get what standing on Ya tip toes does for these pics these hoes be taking,0.3828,0
TETauto,"Baked Montreal chicken, cheesy brussels sprouts, garlic butter triple cheddar &amp; chives yellow mashed&#8230; http://t.co/XsGW1kSqCW",0.0116,0
CHICAGOSUNauto,RT @ImHis_Treasure: For the last few weeks my name been cripple &#128555;&#9855;&#65039;,0.0063,0
india,I grew to hate blonde and primary colored weaves but that wouldn't stop me from requesting some good mouthwork.,0.0076,0
FOXauto,@ the chick who is gorgeous and so fine but her pussy stinks,0.9956,1
BANGKOKPOSTauto,Breakfast of champions shrimp lobster balls (no sandusky) French fries nd a nice big Quahog (clam for&#8230; http://t.co/UajUkcoAfV,0.0037,0
UMukhasimAutoNews,"When bae dodges hoes cause he only want you &#128525;&#128553;

&#128514;&#128514; http://t.co/bLYYoLtP0k",0.0831,0
SMHauto,Why you stressin bout a bitch .,0.9819,1
SMHauto,"RT @HoodJesusYo: Last name, Sinner
First name, Imma
Like ur pancakes in tha mornin, 
He got u covered like Aunt Jemima",0.3976,0
AutoNewspaper,"RT @Yankees: Ballgame over, #Yankees WIN! Yanks beat the White Sox in 10 innings, 4-3.",0.0155,0
NDTVauto,RT @IamMrEchols: You hoes don't deserve the respect you ask for,0.302,0
CBSauto,Dis bitch by my side and I'll never be broken. http://t.co/Nd2YtJkxgv,0.9945,1
NBCauto,@_LrAnderson that hoe over that,0.0503,0
worldnews,@reneeXOmarie yeah she didnt wana bring that pussy to us or tell us where he was so we could just go find one Mexican in this city full,0.9436,1
willis7737_news,&#9733; BEST ASIAN MASSAGE ON THE Brooklyn Park slope --TOP RATED SPA &#9733;718-622-0221 - 24 http://t.co/saWpjDtIGN,0.0006,0
IOLauto,@just_joshin7 fag.,0.6122,1
worldnews,RT @StephenGoetz2: These hoes ain't loyal,0.3433,0
FOXauto,Fucking hate my coon ahh uncle,0.9946,1
TETauto,RT @tj_curtin: A birds eye view of today's #harvest14 activities. Thanks @BrentJFF for the great camera work! http://t.co/RgETR4tV4S,0.0006,0
ABCauto,"He died for a reason RT @ShyThugg: ""@viaNAWF: I didn't follow you back cuz you fat, bitch. Foh large hoe."" Jesus ain't pleased fam",0.993,1
CHINADAILYauto,Brag to you about the hoes he hittin and when you ask for a pic he show you some sorry ass female.. Then all you can do is laugh..,0.9477,1
mobilityreport,@DefineMEee lol tell dat white bitch I said hey,0.9777,1
TJTauto,Jihadi John beheader of journalist Foley and Sotloff Was 'Arab Charity Collector' http://t.co/RL7F2qV56F via @BreitbartNews,0.0064,0
FRANCE24auto,This fucking little bitch landed on me in the car and really thought I wouldn't kill him.. http://t.co/nOuHxhLsHA,0.9973,1
TheColorIsBlue,"Maybe I'm the one, maybe I'm the two, maybe I'm the nigguh that you call when you're through.",0.3903,0
BANGKOKPOSTauto,@Buckm00se @LEXXX_RUGER @ivanrabago_ the kikes want to charge you &#128175; dollaz for the complete version http://t.co/ZJDLwiAjEo,0.0373,0
SkydTech,"&#8220;@noLove_moreLOUD: Shorty name is "" Masika"" and y'all surprised she a hoe.&#8221;&#128514;",0.0424,0
IRISHTIMESauto,*makes a wise argument about the accelerated Warholian notion of celebrity in the era of Vine* *passing teens mock my old wrinkled balls*,0.1752,0
worldnews,RT @DBOI509: Shave pussy deserve nothing but fie head and good dick #twitterafterdark :),0.997,1
SDauto,What time jamboree start Thursday. So I ca smile for the ugly hoes. &#128514;&#128128;,0.1814,0
RedditSample,Lil hoe tweets on point,0.0025,0
NDTVauto,RT @OfficialA1King: The face you make when you see a hoe trying to preach on twitter http://t.co/2T1UkUDQBw,0.0531,0
unitedkingdom,#HappyColumbusDay .....hate to sound all #PETA callous and all........but #buffalo had it a LOT WORSE than the #injuns..........,0.1732,0
worldnews,Smh hate that hoe,0.8227,1
EcoInternet,Both of my bitches drive range rovers,0.9728,1
newsbotbot,#Yankees Damn. Well Joe that move to the bullpen really helped.,0.2845,0
WAEXauto,"@beepbeepamanda Today was Talk Like A Pirate Day, and absolutely NOBODY knew Id been doing a Charlie Morton impersonation all day.",0.04,0
politics,@whits_20 @AjalaPilgrim Yankee? &#128530;,0.0049,0
SMHauto,Yo main bitch that's my side hoe !,0.9961,1
worldnews,"""Your teeth are like the stars."" ""Aww thanks!"" ""Yeah... yellow and far away from each other.""",0.0392,0
RedditSample,There is a trash bag in my hall thats been there for like 2 wks. Weird thing: it changes consistency every few days,0.0988,0
ABCauto,"RT @sugaarCanee: Hoes be like ""go talk to one of your hoes"".... I be like ""you are one of my hoes""",0.7235,1
SDauto,"RT @killaaakam_: Who's gassin these hoes, BP? &#128564;",0.4514,0
ukpolitics,RT @ObamaStrawman: Joan Rivers said I was gay and Michelle was a tranny. Perhaps her death was no accident. See Clinton's and Ron Brown/Vin&#8230;,0.1408,0
VANGUARDauto,@kieffer_jason umm you sure the hoes I talk to aren't ugly,0.1924,0
TheNewsFeed,I shot a stripper because hoes keep stealing my tacos. http://t.co/tq1iEs1JLg,0.2642,0
ukpolitics,bunch of pussies,0.9177,1
news,"@SlothNG i can guarantee a few things: you're white. you've never been anywhere NEAR a real ghetto. you, or a relative is a pig. 100%",0.9463,1
conspiracy,"@RevolutionUK_ Jesus I would love to do that and more to those muzzie torturers, fucking animal savages",0.9987,1
GUARDIANauto,RT @ahmiryoung Lakers on....I thought trash day was Monday,0.2656,0
EnoughTrumpSpam,@DonLemonCNN @DanaBashCNN u both sorry to give racist @SenTedCruz a platform w his trash language Dana ur intvw was below kindergarten level,0.6631,1
nottheonion,@kittty_jpg @SteeZeyFLOW @nosfiend215 at least im not black bitch your parents left you in the mcdonalds parking lot after you were born,0.9306,1
INDEPENDENTauto,&#8220;@_Jamal___: these hoes ain't loyal&#8221; no they ain't,0.2103,0
NYPOSTauto,Please control yo hoe ! &#128514;&#128514;,0.0472,0
WAPOauto,"Didn't get to hit the slopes today, but snowboarding lessons first thing in the morning! #excited",0.0007,0
news,RT @YunGMiGo: &#128557;&#128557;&#128557;&#128514;&#128514;RT @Shane_A1: I done went wit a hoe before frfr so who am I to judge,0.03,0
TJTauto,@Marco_SharkHoes hoe I'm at work til like 8,0.0141,0
FRANCE24auto,Sheehey back door cuts still go un guarded! #IU #HoosierHoops #hoosiers,0.1008,0
VANGUARDauto,"RT @TheRealCoolie: How many hoes do I have ?

&#12288; Z
&#12288;&#12288; E
&#12288;&#12288;&#12288; R
&#12288;&#12288;&#12288;&#12288; O
&#12288;&#12288;&#1228",0.1619,0
EnoughTrumpSpam,1 loyal girl &gt; 1OO hoes,0.032,0
TheNewsFeed,DMV nigguh dress funny as hell,0.8121,1
DonaldTrumpWhiteHouse,@ShawnHarvey0 I'm finna get my leg dne &amp; my hands catch up hoe,0.4232,0
NDTVauto,"RT @Hits_BIunts: *hits blunt*

""bruh if she tells me to go text my other hoes, but she's one of my hoes, do I keep texting her ?"" http://t.&#8230;",0.1736,0
worldnewshub,"It's a Bob Schieffer holiday now, he's proud and smitten that he's the ""good white guy,"" hicks be damned! Everything is 1965. Everything.",0.2294,0
MBauto,The redskins just begging to lose this game smh,0.2285,0
EcoInternet,Amazing. You know what they say about birds of a feather http://t.co/mefmPB3aW5,0.0006,0
willis7737_news,RT @ComedyPics: If Kanye took Kim to McDonald&#8217;s then ya hoes don&#8217;t deserve $200 Dates http://t.co/2QK4I1fRTs,0.0164,0
The_Donald,Why McDonald's breakfast good but the lunch trash,0.3457,0
FOXauto,Sheehey back door cuts still go un guarded! #IU #HoosierHoops #hoosiers,0.1008,0
MBauto,"RT @BuzzFeed: A photographer hid in a trash can to get these adorable engagement photos
http://t.co/75ZOvJEwYh http://t.co/F3VAUX9STw",0.1151,0
SDauto,Clearly I'm afraid of birds http://t.co/qA4O9Dr4vp,0.0031,0
FOXauto,&#8220;@CRYaboutitNIGGA: I get paid too chill.&#8221; Share the wealth Lil nicca,0.0075,0
SLTRIBauto,I really wish I owned a rocket launcher to use on every retard driving in front of me today #roadrage,0.4746,0
worldnews,@tGR0Z you's a nasty lil bitch,0.9961,1
NBCauto,"Sitting on the deck, enjoying a #StoneIPA, watching/smelling the neighbors burn trash. #Missouri http://t.co/VlnhyAhaEW",0.1743,0
Techfeed,RT @A_single_bear: I accidentally ate a few fireflies last night while chewing some leaves I found. The shameful yellow glow of my mouth wa&#8230;,0.0197,0
CHICAGOSUNauto,"LSU got a lot of thirsty, muching, nasty hoes. Football team stay running thru yall meal ticket wanting hoes lol",0.3376,0
ABCauto,damn lol RT @GlobalGrindNews: Janay Rice speaks on the domestic violence costume that mocks her marriage http://t.co/n6ucidNUuU,0.576,1
willis7737_news,RT @MemphisMSoccer: 50' 2nd yellow card issued for Temple,0.0008,0
TJTauto,We in this bitch!!! http://t.co/jKqld5vodm,0.9942,1
SMHauto,#NowPlaying : BT feat. Tori Amos - Blue Skies (radio edit) on #1069TheArrow - http://t.co/R5wuXA9jB6,0.0006,0
GUARDIANauto,@808NoHeartBreak hoes,0.2551,0
Futurology,The ending to that Yankee game was so planned I can't even take it,0.0008,0
politics,"RT @exjon: Before covering up #IRS misdeeds, creepy little leprechaun John Koskinen cooked the books for Teamsters &amp; Freddie Mac http://t.c&#8230;",0.0047,0
NYPOSTauto,@joeysulipeck @myfoxmemphis the minute those red n yellow for rent signs go up the reg. ppl start selling n move,0.1234,0
VANGUARDauto,On break feeling xxxtra dumb cause i forgot my lunch money like a hoe,0.2462,0
news,RT @VadeFisse_: dont try too fuck with me &amp; got a million and TWO bitches because I will tell them all.. I PROMISE I WILL,0.996,1
SCMPauto,@justinclark_5 oh I forgot you retarded lol lemme break it down for you where the BG hoes at lmao,0.8408,1
HTauto,"I was kidding guys I don't have hoes, don't let @Lov3Tadaisha lie to y'all.",0.0843,0
CBSauto,Plot twist I fucked your bitch,0.9977,1
IRISHTIMESauto,RT @grind2times: I don't think I even been in a real relationship...i thought they was real but they were just trash,0.3351,0
RedditSample,"on the first day of school, my backpack had no paper and no books. all it had were 4 granola bars, a brownie, and a bag of cookies.",0.0009,0
ABCauto,RT @KillAllSimps: That's logic for a hoe RT @_flowaaabomb: If you single nobody can tell you what to do right? Right?,0.0746,0
SCMPauto,RT @ebs_14: This Jimmy Fallon Prank of getting NY Yankees fans to boo Robinson Cano is amazing. http://t.co/XnZKZLly4G via,0.0029,0
CBSauto,It's hard being a real nigga when these niggas got bitch tendencies,0.9855,1
EnoughTrumpSpam,@AdamBaldwin @ChicoDelainky clams to be a comedy writer. #untrue,0.0017,0
unitedkingdom,My boy @RyanBowersOB got the hoes now!,0.3045,0
worldnewshub,"Rise up, gonna get higher and higher! Its all hips and nips, otherwise I ain't eating!",0.0435,0
SMHauto,This bitch instating and driving...&#128591; for me,0.9954,1
CHINADAILYauto,&#8220;@taylorsimonee_: I tend to have more sense that bitches older than me. That's sad.&#8221;,0.8063,1
EnoughTrumpSpam,@TheRealSaigon that explains you cause all you do is bitch and whine.,0.988,1
ABCauto,"@GingerDemoness @RiotCast @weirdmedicine 
I wants to call bouts my vitaligro but I ain't sho if you a doctor fo da colored folk",0.5624,1
CHINADAILYauto,@RichardEngel ugh..and lemme guess they have yellow cake too? Heard this story before..,0.002,0
TheColorIsBlue,These hoes need Jesus y'all.,0.4049,0
FOXauto,"@EaTMyTweetZz text me, we don't noisy hoes watching",0.2355,0
SMHauto,Niggas retarded lol,0.9704,1
NDTVauto,Y'all sleep on Shy Glizzy &#128564; Young Jefe&#128520;,0.0128,0
NDTVauto,I hate yellow jackets can't feel arms and back lol,0.2388,0
CHICAGOSUNauto,RT @CbazzThaGreat: Wanna know if a bitch hygiene up to par. Wipe behind that bitch ear and put it to her nose. If she flinch.....you got ya&#8230;,0.9856,1
Techfeed,it's a brand new day and the birds they chirpin,0.0047,0
DonaldTrumpWhiteHouse,Harvard got the worst hoes cheerleading in America,0.4093,0
MBauto,I hardly text back so these hoes love to phone me,0.4668,0
HTauto,Either yall niggas just hella funny or she just tryna hoe around the block but you know.. http://t.co/x5feSfA1vB,0.9162,1
The_Donald,"&#8220;@garcialaura_: @Virgilio_LLA I was heartbroken tx inniz ho. Lmao&#8221; haha naw chill, you the one laughing at vdawg",0.1542,0
SMHauto,@CallMeRenee_ bitch im too mad im finna throw this bitch outside,0.998,1
MBauto,@asshole_king oh no. They drafted that gay ass that come out on TV? Well u welcome to Redskins nation. No queers just a lot of niggers.,0.9975,1
india,"""you're being a cunt right now"" -@RQ978",0.9506,1
nottheonion,"If the words whore, hoe, slut, prostitute, ect werent invented, their would be alot more pussy to go round",0.9868,1
CBSauto,@Zhugstubble eat bitch,0.9939,1
NYPOSTauto,RT @K1mb0Slyc3: Me too! &#8220;@WhatsAshirt: Defiantly going to see that new planet of the apes tonight&#8221;,0.0157,0
TORONTOSTARauto,i reblogged them to mock her god bless,0.0117,0
TheNewsFeed,RT @hanginwitcoop: &#128514;&#128514;&#128514;&#128514; RT &#8220;@Peso_Peso_Peso: wtf this bitch broke her arm eery time she hit the shit https://t.co/7CtLW9eN,0.9889,1
NDTVauto,"@kboydee like some of the ""worst"" lyrics they post are beautiful but just because they don't know what they're talking about, it's ""trash""",0.1339,0
TORONTOSTARauto,@tracieeeeee wha? me? i'm just waiting for showtime to bring back queer as folk.,0.2603,0
IOLauto,wondertrade is the best pokemon feature ever. i just got a level 27 japanese wobbuffet for a level 4 beginning area trash pokemon,0.0485,0
GUARDIANauto,"I'm tryna face fuck kesha, you bitches bringin beef I'll get the lettuce n ketchup",0.9984,1
SLTRIBauto,"Sit on my face, M U A H, before i eat da pussy, i say my grace &#128591;",0.973,1
TETauto,"@ianbmaggard lol @ all the kids that act ""redneck"" in Oviedo",0.3805,0
WAEXauto,RT @notesforgirlz: When you see bae retweet or mention some hoe http://t.co/d4oPanpwZb,0.0041,0
TELEGRAPHauto,"RT @UnicornCowboy: @UglyNi99ah pepsi and cheerios
smashin on these hoes
got me blue in the taco
bae thinks of me flaco
errybody frontin
jus&#8230;",0.2976,0
FRANCE24auto,@triple6em96 @longbongchris stfu you stupid bitch? Like leave us alone? No one gives a fuck about you. Bruh just block her. We're good.,0.9975,1
Raytheon,This 8am biology lab ain't no hoe &#128553;&#128557;,0.0094,0
worldnewshub,"RT @teapot: Stuff broke loose, must not panic and share GIF instead http://t.co/JL4GuIeJ84",0.0031,0
newsbotbot,RT @Meet_Nallah: &#8220;@mckenxcassie: Some of y'all hoes so worried about y'all eyebrows y'all forgot y'all had a mustache &#128514;&#128557;&#128557;&#8221; L,0.0424,0
WAPOauto,"""How about we draft all those gung-ho folks and send them to Afghanistan or other war zones so they can show their... http://t.co/sR1zceHx",0.066,0
EnoughTrumpSpam,What's a trash party ?,0.4221,0
Techfeed,shout out to pullz cuz I kno if I was trash he would have kept it a buck... I swear he had every I made jus cuz n actually bump dem too,0.6759,1
The_Donald,RT @taylorlopez96: &#8220;@harleighpurolla: You are the biggest two faced bitch I have ever met.&#8221; You won't @ her,0.9836,1
TIMESINDIAauto,#HappyColumbusDay !!!! If is wasn't for #America.................#KarlMarx would never have thought of sharing #colonialism with #injuns !!!,0.1411,0
BANGKOKPOSTauto,I'm a broke hoes dream Rich girls cream !,0.0935,0
SMHauto,RT @TooTurntNacho: Why give a bitch ya heart when she rather have a purse.,0.9907,1
IRISHTIMESauto,Chances make champions nicca ain't nothing stopping you,0.0018,0
Futurology,RT @thinksarcasm: My music taste goes from ghetto black girl to depressed white girl.,0.6348,1
The_Donald,Serious question here; How many country songs mention honkey tonk(s)?,0.0023,0
ABCauto,I hate when those little white kids try and act black. Like bitch YOU ARE WHITE,0.9963,1
willis7737_news,"Mom: ""heard a song about some guy with bitches, and a long something or other so he could fuck the world for 72 hours or something..."" lolol",0.9784,1
news,"RT @sweetromance: @1visionamd @Redeemed1952 @AZWS Once again, birds of a feather....",0.0014,0
WAEXauto,"Jamaica populated with island hillbillies. Even linguistics are kind of the same, if you sub the accent. Olde English derivatives.",0.0012,0
WAEXauto,@LLTJae @kolbyXdelce this hoe &#128293;&#128293;,0.0564,0
DonaldTrumpWhiteHouse,@I_GotOne you look like flappy bird,0.3417,0
mobilityreport,@JavieTheCreator @its_selenaaaa haha yuhh that hoe was funny,0.0195,0
TheColorIsBlue,"@DizzyBala man both them get around a lot, bunch of hoes.",0.4565,0
EnoughTrumpSpam,@Hovaa_ what about yellow spots?,0.001,0
EcoInternet,like a bitch wit no ass u ain't shit,0.9968,1
INDEPENDENTauto,Confusing circumstances seem to get in the way of your high ho... More for Virgo http://t.co/nrAAI6dhVx,0.007,0
TETauto,"""@DomWorldPeace: Baseball season for the win. #Yankees"" This is where the love started",0.0007,0
INDEPENDENTauto,RT @BrandonTierney: Grinding! #Yankees,0.0023,0
willis7737_news,@NipseyHussle nip Im tryna buy a copy of #Crenshaw!! But your http://t.co/DBLbyvX0pL website is down.. Let me know something!,0.0514,0
UMukhasimAutoNews,@GirlThatsVonte lol nahh bitch dont put yo life on me ole cant drink water after 8 ass nigga #PissinInDaBedAssBoy,0.9973,1
Conservative,Now I am seeing chatter among Jihadi fans taking credit for an alledged kidnapping of a Frenchman in #Algeria #France,0.0008,0
TORONTOSTARauto,"Don't fw sloppy hoes, You might catch somethin..",0.3563,0
TETauto,'2' good: Jeter hero for Yankees in send-off http://t.co/oStFoBGuFa via @ESPNNewYork,0.0023,0
GUARDIANauto,&#8220;@ItsLegzzYo: Yall so fuckin trash yo!!! &#128545;&#128545; @DIRECTV&#8221; man them niggas gonna win the skins trash,0.9981,1
DonaldTrumpWhiteHouse,"Tuna is good the rest trash RT @AyeoFool: Cans of spam RT @MsBTxo: Most struggle food HAS TO BE any meat In a can, tuna included",0.2244,0
TheColorIsBlue,"""Have you seen my shows? Have you seen my hoes? If I wasn't hot would they be so thick?""",0.1909,0
conspiracy,"@NYRKelsMads @DArkMEATHOOK 
Dat colored guy be braisin",0.6731,1
HTauto,#HappyColumbusDay .....hate to sound all #PETA callous and all........but #buffalo had it a LOT WORSE than the #injuns..........,0.1732,0
UMukhasimAutoNews,@BitchImFancy lol so retarded,0.9908,1
SDauto,Some thots will just never learn &#128533; gooooo awaaaaay hoe,0.14,0
TETauto,RT @bigbluexpress: Cal has a day off and for giggles heads to Yankee stadium to hang with Derek Jeter. Yep coaching at UK is probably weari&#8230;,0.0097,0
SLTRIBauto,Never let them hoes get in between of what we started,0.1399,0
TheColorIsOrange,@BlakeAnderson21 @jo_clark6 chicken fried steak it is boys mash potatoes gravy green beans corn an ice cream an brownies for after,0.0056,0
CBSauto,@louisck a video i made -- Porn Actress Sexy Capri Anderson Kissing Video with Charlie Sheen http://t.co/VTH4r762 via @youtube,0.2171,0
TJTauto,@rachaelkbrown @BillyButlerKC @Oreo unexplainable!,0.0527,0
FOXauto,"@DeAdJAkE i just cant stand how people get all fucking amped about it, especially whiny bitches that even get scared at it",0.997,1
Raytheon,@Chink_19 shut up chink.!!!,0.9704,1
The_Donald,Game 126 Preview: Houston #Astros at New York #Yankees http://t.co/sVg7dIIcZG,0.0007,0
movies,RT @anticvlum: Lol I'm litetally just a walking trash can,0.2469,0
NYPOSTauto,RT @__BrionnaNicole: Never realize the precious time you bitch niggas is wasting &#128070;,0.9894,1
SLTRIBauto,RT @_PrettyJade: I don't care about none of these bitches &#128524;,0.9592,1
ABCauto,' This niggah pharrell or whatever this niggah name is don't deserve shit for that white ass gay song .,0.9942,1
unitedkingdom,WATCH-Obama&#8217;s Newly Released Gitmo Jihadi Has Links To Terrorists In Syria http://t.co/GufKoy44tk http://t.co/3n7M4PfNMx,0.0015,0
Techfeed,RT @SpacePlankton: Saw a man in a yellow hat at the Grand Canyon today. He was hanging out next to a curious gorge.,0.0011,0
WAEXauto,Muzzled pit bull with throat slit found on side of road in PA http://t.co/fis8QNvlXu via @examinercom HIDEOUS ABUSE THROAT SLIT LEFT TO DIE,0.4996,0
IOLauto,RT @IamMrEchols: You hoes don't deserve the respect you ask for,0.302,0
willis7737_news,@YunGMiGo lol da only reason I can't talk bout da present is cuz my nicca hurt n ain't played all yr,0.1047,0
IRISHTIMESauto,hungrier then a ho,0.3308,0
Techfeed,I was told never fold &amp; never sell my sole,0.0021,0
Futurology,@AlexaDelsanter karma is a bitch,0.9923,1
mobilityreport,"@HobsonDarlene #BlessJesus Amos 3:3 Can two walk together, unless they are agreed? #DifferentLevels",0.0008,0
TORONTOSTARauto,RT @WORIDSTARHlPHOP: When you and your boys discover a hoe http://t.co/pupaplqNhk,0.0273,0
INDEPENDENTauto,"RT @JohnnieGoings: Money, clothes, hoes, and cars. #Merica",0.0017,0
Futurology,&#128514; bruh these hoes gotta be stupid.,0.9548,1
CBSauto,"@Wow_Bullet ""cuz i thought i got a wife, but i picked a hoe."" IM LOVIN THESE SONGS MAN. Keep it coming",0.0566,0
Raytheon,@ImToBlame bitch I got a ring now ho I ain't fatherless no more ill fight you.,0.996,1
RedditSample,All i kno is make them hoes cone joints,0.04,0
Futurology,"RT @Thatindianbruh: Rise of the planet of the apes doin a musical???

http://t.co/9ZxzlHti2M",0.0012,0
EnoughTrumpSpam,"@TheClaireBear36 Don't like to trash talking either way. But to be fair, that's just on Twitter. I'm having a ball on texts.",0.0607,0
GUARDIANauto,@jaspen7 haha them hoes only go hard when a nigga stooooned lol,0.949,1
TheColorIsOrange,"On a scale of 1 to redneck, I'm watching Days of Thunder right now. #goCruise",0.0034,0
TORONTOSTARauto,"What be the peckin order?
1 white Christian
2 colored
3 Porto Ricans 
4 Arab 
5 Jews 

I donts know. I be axin",0.2251,0
TheNewsFeed,Im sorry but you didn't have to be a bitch last night.,0.9515,1
NYPOSTauto,RT @reidk_97: Flappy bird is dusty,0.0009,0
TIMESINDIAauto,RT @ConservativeLA: Let the Dem concern-trolling commence in earnest! Wagons ho!,0.0026,0
DonaldTrumpWhiteHouse,"trash night tonight. I can already hear the sound of America's thriving economic sector out on the street, four wheels, one of them wobbles.",0.0345,0
nottheonion,"@ItsMander @kfc
You can always gets da colored folk back in da cage wit da KFC",0.0757,0
TIMESINDIAauto,Nicki gottem MAD AS FUCK tho. However credit due to cassidy for the response he didn't diss nicki but killed you lookin ass bitches,0.9971,1
nottheonion,"RT @Sqaud9Rell: she's a hoe, she's ugly, she's a bitch, she's this, she's that .. but you dated her? please, take a seat.",0.9856,1
EnoughTrumpSpam,Nah just yo hoe she just swung matter fact RT @iiAK: @_VinChi3 yu get hoes?!? &#128551;,0.3749,0
news,when you first walked in the door at that party you saw a big booty hoe &#8212; Name ? http://t.co/JERsrSwhUe,0.0017,0
mobilityreport,I like Rivers he talks a lot of trash you can tell he loves the game,0.3826,0
VANGUARDauto,@MeekMill u really got these coons out here dreaming,0.104,0
conspiracy,"@MikeLuckas Oh, me, too! Pain meds just made my brain fuzzy and though Banjo Kazooie for a sec.",0.1963,0
worldnews,RT @antoinetteA: Coming up at 5:15a: Charlie Baker's campaign admits he may have been wrong about the emotional fisherman story from this w&#8230;,0.0007,0
mobilityreport,Bengals kicker trash.,0.8172,1
unitedkingdom,@ArtbyLecardin @Deeiiggee @Amy0813Amy &#128529; and on that note I'm out dis bitch,0.9206,1
technology,"I hate being profiled. I'm not ""country"", I'm not a ""hick"". I'm Eric Dean Vestal, and I'm doing what makes me happy, not anything else.&#128076;&#128075;",0.008,0
CBSauto,RT @MadeaDonPlay: Call da po po hoe.,0.0786,0
SLTRIBauto,Dis nicca lame,0.0143,0
TheColorIsBlue,Latina bitches only,0.9706,1
Futurology,RT @VersaceSilk: When you try to tell grandpa that 70s music was trash https://t.co/kYULQZoBC6,0.1874,0
TJTauto,Real talk not being byes or nothin! The whole NFC south glad bag trash this year none of the teams have a chance making it to the playoffs!,0.317,0
technology,"&#8220;@TWOLVEGIRL: I find myself wanting to google ""the yellow king"" #TrueDetective&#8221; No kidding! What is going on?",0.0013,0
CHICAGOSUNauto,"I hope the Yankees get Soriano, shoulda never gave him away for Alex Rodriguez",0.0394,0
MBauto,&#8220;@Kevhoeee916: If I couldn't trust some of the homies how could I trust these hoes?&#8221;you can't lol,0.0841,0
FOXauto,RT @erinfbaaby: &#8220;@2chainzz2pumps: Girl ugly denna hoe &#128532;&#8221; what's this then :/ http://t.co/YbXiFwTugu,0.0657,0
Futurology,@kieffer_jason How u going to talk shit from another state that's dat pussy shit,0.996,1
EcoInternet,"RT @HuffingtonPost: Obama: ""I will always do what is necessary to protect the American people and defend against evolving threats to our ho&#8230;",0.0015,0
FRANCE24auto,@SHAIkethatAss and I replied hoe http://t.co/738UP5PLia,0.0029,0
TORONTOSTARauto,@ViVaLa_Ari smh what's wrong wit u ho,0.0154,0
GUARDIANauto,@BreadTruckkBri I know I was playing that hoe start on the 20 tho,0.0926,0
india,RT @craigslistlove: some women just weren't blessed with a cotton candy pussy,0.9479,1
WAEXauto,"Jamaica populated with island hillbillies. Even linguistics are kind of the same, if you sub the accent. Olde English derivatives.",0.0012,0
movies,redneck in the White House // Moccasin Creek &#128077;&#128076;,0.0044,0
SDauto,Fuck around &amp; take them hoes back,0.9966,1
WAPOauto,"RT @TwangNation: On this day , February 13, in 2002 Waylon Jennings left us for that honky-tonk in the sky - Dreaming My Dreams - ht ...",0.0132,0
ukpolitics,@syd_renae okay cool then I'm not the only one &#128520; mine is black and fuzzy and it has PINK on the back in all sparkles &#128081; hallelujah,0.003,0
NDTVauto,Never seen purple bird poop until today lol http://t.co/4Psdx11Uu1,0.0184,0
TETauto,RT @Women_Fit: Use what talent you possess: the woods would be very silent if no birds sang except those that sang best.,0.0014,0
SCMPauto,RT @SportsCenter: Derek Jeter's final game at Yankee Stadium will be 1st he's ever played there with Yankees eliminated from playoffs. http&#8230;,0.0007,0
ABCauto,RT @lovesexdeath_: @TonyJRodriguez im queer as a three dollar bill and my first response to her coming out was sarcastic 'wow really? never&#8230;,0.135,0
GUARDIANauto,Define wigga,0.0351,0
TETauto,"A light, tender yellow butter cake with a classic boiled icing, traditionally made from burnt sugar http://t.co/XPQKTlTNkH",0.0011,0
RedditSample,RT @AthIeteChamp: Destroying a team that talked trash before the game &gt;&gt; &#128076;,0.2696,0
FRANCE24auto,"RT @bruhlmaoo: When bae sings ""it ain't nothin to cut that bitch off"" with too much enthusiasm http://t.co/2rwY1h0D0F",0.9136,1
SDauto,"Old hoe lol @TheShugAvery RT @moyizzy: My juice is gone, I'm just an old bitty now",0.0364,0
MBauto,@erinscafe Bu I do. I do hate the playa. And the Yankees. If I hate the Yankees for their payroll I have to hate the Dodgers.,0.4026,0
NYPOSTauto,The Conjuring wasn't trash. It just wasn't as good as Insidious.,0.02,0
unitedkingdom,&#8220;@butter_obama: I hate when I attempt to make the yellow light but the car infront of me stops at the light &#128545;&#128545;&#128545;&#8221;&#8252;&#650,0.0379,0
Raytheon,#HappyColumbusDay .....hate to sound all #PETA callous and all........but #buffalo had it a LOT WORSE than the #injuns..........,0.1732,0
MBauto,"RT @__VIIXXIV &#128514;

Me: Baby I cooked
Bae: What's for dinner?
Me: That bitch you been texting http://t.co/GwT19xIXUz",0.9128,1
BBCauto,"She must not know I got over 3,000 followers breh this bitch gotta get the fuck up outta this VIP section dawg she decreasing my value",0.9978,1
ABCauto,Cheeky thoughts as the rooster crows.,0.0161,0
EcoInternet,@Nashgrier purple monkey,0.3089,0
FRANCE24auto,"Tilt my chin back, slit my throat, take a bath in my blood, get to know me",0.8631,1
NBCauto,"You always buy me colored goldfish when my stash is low, and you are a constant inspiration to me and&#8230; http://t.co/nCPd8uSljf",0.0014,0
TJTauto,I missing something of my ofay friends. Day all scared by da recent happenings. Don't chu worry...ol Lamar say you like da colored folk,0.014,0
TheColorIsOrange,@JGardenofEden @KySportsRadio @ryanlemond But...country music listeners really are hicks and alcoholics &#128514;&#128514;,0.0037,0
TETauto,"Barry's (whitey) brownshirts run wild in Oakland. Following the lead of N.W.A., punks chant F the police. http://t.co/9nBUrmTJ",0.0177,0
NDTVauto,So now been trill is trash cus asap said so &#128533; ok,0.4528,0
EnoughTrumpSpam,"'Scandal' sex scene airs on ABC right after 'It's the Great Pumpkin, Charlie Brown,' making parents angry http://t.co/vltSpK8U4S",0.0206,0
TIMESINDIAauto,@InTheOvenJews @SlaveCatcher88 @marylene58 we should hang out ovenjew. Have a lot in common. People waste time on nigs. Jews r r problem.,0.8611,1
EcoInternet,@ThaReal_GaPeach got it! thanks Hun! ima text u,0.0105,0
Futurology,"""@SexualGxfs: @ One of your followers with this &#128525;&#128553; http://t.co/F1TJl9xnCT"" @ somebody, bitch if you don't",0.9375,1
TheColorIsOrange,@PlasticDom can we plz go to Starbucks and do that. Ebola sounds like a really ghetto hood name tbh.,0.0552,0
TORONTOSTARauto,GA Charlie @Charlie4927 @sholzbee @DorisTafoya1 @cat_lmbo @Jagauress @Walter_lars @lynnemrnp @AmyMek @Justin_Awe,0.0044,0
IRISHTIMESauto,"Ladies, do y'all shave/wax before visiting ur OBGYN or let it grow out @ because u don't wanna seem like a hoe?",0.4883,0
europe,Lamar Odom is such a little bitch. It's pathetic.,0.9928,1
politics,Lets go hoes!! Its sing a long time!! You know the words.... trust an believe meeeeee,0.1359,0
TheNewsFeed,I said middle school days as in the ghetto way people... &#8212; and what I am nor here to impress you what are you go... http://t.co/qYpvIKcRfY,0.0055,0
TheColorIsOrange,Dat da bad thing bout being colored. Day bring me in to fight but don't vite me to da victory partay,0.1203,0
BBCauto,I don't have a wife she my bitch for the night. If she was catching bodies then it might be alright,0.9904,1
IOLauto,"#BigBird was made by a gay couple. So yes, under a GOP world the bird would not have existed since its creators would be in jail for sodomy.",0.2726,0
VANGUARDauto,&gt;_&lt;.. RT @ItsTheBOOMshow @FricknAwesome metal monkey balls!,0.0838,0
CHINADAILYauto,RT @WayneL_Jr: The nipples determine whether the titties are trash or not,0.3008,0
WAEXauto,I asked the name of the bird ancient Egyptians used as the sun of god Heru (Horus).The Pheonix (firebird).,0.0007,0
MBauto,@DoeMostDope @mattrbennett209 @JohnnieGoings ha booner has that twitter @boone_boone5356 ha,0.0017,0
NYPOSTauto,"RT @reshell_: ""@1inkkofrosess: My ears look good &#128525;&#128525;&#128525;&#128525;&#128540;&#128541;&#128513; http://t.co/fP3R6mkBaC""bsa hoe in yo background",0.0015,0
TIMESINDIAauto,RT @rasheed_wavy: @vivalakristia he bein a bitch,0.9808,1
EnoughTrumpSpam,How about a Charles in Charge movie with Shia LeBouf as Charlie and Ryan Gosling as Buddy. #WhyNot.,0.0039,0
NBCauto,"RT @BOSSBITCH122513: Loyalty now let's get this money I got u,u got me no hoes just us !!!!",0.4714,0
Techfeed,They're calling it #Sandy because the wind is going to make a lot girls clams really sandy,0.0087,0
IRISHTIMESauto,RT @DreCordero: Always interesting to see people who trash La Liga react to products of La Liga on Premier League clubs.,0.0037,0
RedditSample,@RatchetSue the only thing better than a bargain is a Yankee bargain.,0.0123,0
unitedkingdom,"""Fuck 5/0 I make my own rules. Suck my dragon balls bitch call me goku""",0.998,1
GUARDIANauto,@Diishaidiamond lmao yesterday ? Them hoes was cute af lol,0.1449,0
HTauto,RT @A_single_bear: I accidentally ate a few fireflies last night while chewing some leaves I found. The shameful yellow glow of my mouth wa&#8230;,0.0197,0
SDauto,&#8220;@DukeAlexMoore: Malibus on a come-up but in other news she mean denna hoe and not even light skinedddd http://t.co/SGGOkjTScH&#8221; HAHAHA!!,0.0105,0
DonaldTrumpWhiteHouse,Phil Hughes looking like the Phil Hughes of old. 2010. #Yankees #MLB,0.0041,0
TETauto,Amazing. You know what they say about birds of a feather http://t.co/mefmPB3aW5,0.0006,0
CHINADAILYauto,Dey gave da wrong nicca money,0.0071,0
TELEGRAPHauto,Ain't no pussy better than loyal pussy!,0.9848,1
TETauto,@MSoltan18 @Jordan23Junkies it's supposed to be grey with speckled blue midsole and the soles are more yellow than icy so pass,0.0068,0
TORONTOSTARauto,RT @ImNotTwitFamous: Bob Marley wrote about peace but all you hoes remember him for is smoking a blunt,0.1278,0
SDauto,"Do we love these hoes?

&#128514; &#128514; &#128514;&#128514;&#128514;
&#128514;&#128514; &#128514; &#128514; &#128514;
&#128514; &#128514; &#128514; &#128514;",0.0395,0
RedditSample,so whatcha say hoe you know im the hoe,0.2141,0
HTauto,@_VIVMMXII yuhh I'm finna hit that hoe! &#128513;&#128077;,0.2743,0
TETauto,"Rewrite, tinker with it's official language regarding same-sex relationships, divorce, remarriage, etc. But nothing is set in stone at all.",0.0045,0
news,After Deztinis session we needed this lmao Jk girl good yob lol http://t.co/3spfhBBkVD,0.0029,0
HTauto,@SHAIkethatAss and I replied hoe http://t.co/738UP5PLia,0.0029,0
IRISHTIMESauto,All da white folk off twitter yet? Da colored tweet at night while y'all sleep cuz you gotta woyke tomorrow.,0.2602,0
GUARDIANauto,@HBergHattie @snkscoyote I wonder if the progs didn't relegate young black men to the ghettos to keep them away from harry reid's friends...,0.144,0
WAEXauto,@charloosss @keepitplur @nicoleariel_ I'll chug my tall can . but homegirl won't approve lol,0.0592,0
TIMESINDIAauto,RT @DrugsForSteph: A loyal girl really truly does come with a smart mouth and arguments. Only a hoe will let you do as you please cause she&#8230;,0.0396,0
news,@Fulf_ShawnFulf peckerwood,0.0167,0
BBCauto,RT @worIdstarcomedy: When you're stressing over someone then realize you got hoes .. &#128514;&#128557;&#128175; https://t.co/PFmRDuHoXb,0.1255,0
Futurology,"Practically got arrested tonight, not allowed on UTampa grounds for a year now... fml im retarded",0.7158,1
TELEGRAPHauto,"Katy's grand exit tonight from Firehouse &gt;&gt;&gt;&gt;

Hasta la bye bye bitches &#128514;",0.8412,1
TELEGRAPHauto,RT @mimi_rillo These bitches @virginiayumyum @ Fine Fare Supermarket http://t.co/kimIKVi0,0.9585,1
BANGKOKPOSTauto,Yankee pinstripes might be the best unis in the MLB but the gray road ones are the worst CC looks like an elephant trapped in a circus tent,0.101,0
Futurology,"Not ya grandma brownies, wink wink http://t.co/pZPI8RUQ4F",0.0185,0
Techfeed,Till Michonne gutted dat hoe,0.5262,1
The_Donald,"@MichelleHarnois 
Dis bitch gots spunk!",0.9866,1
EcoInternet,"RT @TheRealIceTre: bae: ""come over""

me: ""i'm tryna catch a pokemon""

bae: ""i'm horny tho""

me: ""bitch it's a fucking mewtwo""",0.9952,1
unitedkingdom,"RT @McNarstle: Yes, the bird tweets in the morning are lovely but remember, what you're hearing is: BIRD COCK HERE! GET SOME ROCK HARD BIRD&#8230;",0.1714,0
The_Donald,"RT @Jarhead44: Hi, can I buy you a margarita?

Sure!

So, I like the way your barstool shows off your clam.",0.3445,0
MBauto,Did we just become best friends with these hoes on the boat? Well probably so but we don't love em tho,0.0369,0
willis7737_news,Hoes ain't wana fuck a nigga back then you but all the bitches wana fuck a nigga now,0.9977,1
TETauto,"Do you have a nickname? What is it? &#8212; Tator, Tator tot, Tightey whitey, whitey Jr, Taylor whitey pants, agent ti... http://t.co/xLBhDJfBF4",0.0039,0
SDauto,"4 old hoes, a ponk, and a dyke outchea having ""girl talk""",0.5803,1
NDTVauto,@emmysetter14 dayum saterlyt shoz un bayg ho-ul,0.1482,0
conspiracy,How are @terry_chappell and I supposed talk shit about @Condawg907 bitch ass now that he has a twitter?!): #confused &lt;3,0.9495,1
INDEPENDENTauto,"Also, anyone who wants to bitch about the prices at Disney needs to check this out next time. #dollywood http://t.co/jlLkzbHYOy",0.3587,0
HTauto,RT @DumbTo: Polly want a cracker? #DumbTo http://t.co/zC8MlwnEUc,0.3528,0
willis7737_news,Working Saturday is for the birds #FML,0.0006,0
EnoughTrumpSpam,"@TrueEnoughEhh lol 100, it had to be one of my old bitches &#128530;",0.8335,1
SMHauto,Why you let these hoes tear what we had right apart,0.1391,0
BBCauto,I can make a bitch famous,0.9826,1
BANGKOKPOSTauto,"RT @theycallmenavy: @royaltyclubvp @Aswaad88 worse yet u meet a bird with a nice ras and you're like ""something about u looks familiar"" lol&#8230;",0.0084,0
SMHauto,@BlakeAnderson21@dalton_ryann @justinmiculka01 bitch got the crew hype an still got her ass beat tonight should have brought him to us,0.9771,1
TJTauto,"Rewrite, tinker with it's official language regarding same-sex relationships, divorce, remarriage, etc. But nothing is set in stone at all.",0.0045,0
RedditSample,&#8220;@CiscoAllDay: @1Bcarter you're right I'll take girl on the right over Kim any day http://t.co/nbKHCG0bZq&#8221;can u support that hoe?,0.0368,0
RedditSample,RT @Leslieeeixta: Bdubs is packed with beaners &#128557;&#128514;,0.0418,0
Futurology,"""Ain't that about a bitch""... What does that mean?",0.9305,1
NDTVauto,I'm not really a phone kinda guy.. I actually hate talking on the phone &amp; texting kinda trash to me also.,0.2059,0
WAPOauto,I spy a couple thirsty hoes on insta.,0.0368,0
INDEPENDENTauto,it's so weird outside. it's like yellow.,0.002,0
INDEPENDENTauto,RT @SteveStfler: Rise of the planet of the apes http://t.co/10yadnRfKS,0.0009,0
politics,"@DizzyBala @JamesWinfield hey now, don't diss my basketball hoe.",0.1811,0
TETauto,RT @jamiedupree: Vice President Biden &amp; his wife are in Florida today to stump for Democrat Charlie Crist in his bid for Governor,0.0011,0
EnoughTrumpSpam,"""They have to. That division is trash @NoMeek_JustMilz: Saints gon win the NFC South...watch""",0.2221,0
BBCauto,@JoePrich shut up faggot,0.9849,1
EnoughTrumpSpam,RT @drunksixthgrade: 7th grade bitches &lt;3 http://t.co/USAEZLCs5v,0.8262,1
SMHauto,Hoes be prayin niccas dnt kno dat background,0.0302,0
WAPOauto,They trynna hoe Geno TD throw,0.2324,0
IRISHTIMESauto,@michelle_westt birds of a feather..,0.0007,0
AutoNewspaper,"RT @KattWilliams: A MILF is a sexy ass mom over 35. If you're 20, you're just a bitch with a baby",0.9907,1
ABCauto,I been in this hospital since 6 I'm just tryna stay awake for 2more hrs then I can sip this D'usse and party with the rest of the coons,0.017,0
EcoInternet,Until next time rednecks &#128521; I'll see you again &#128525;&#127482;&#127480; @ Rednecks With Paychecks http://t.co/vg3nbXETzP,0.0414,0
TORONTOSTARauto,"@DrMalvo 
I likes it back dare. It's free fo me cause whitey pay da fee",0.1334,0
NYPOSTauto,"Bought this Lp in Manchester the other week, had no idea it was coloured vinyl. Man what a steal!!!!! #VinylGasm #Re-Machined",0.0737,0
mobilityreport,Muzzled pit bull with throat slit found on side of road in PA http://t.co/fis8QNvlXu via @examinercom HIDEOUS ABUSE THROAT SLIT LEFT TO DIE,0.4996,0
DonaldTrumpWhiteHouse,I'm jus a trill nicca mane,0.0338,0
canada,Y'all dumb bitches out here FUCKING UP,0.9981,1
TELEGRAPHauto,"RT @ItsSonGoku: Don't Get Spirit Bombed Lil Nigga RT @LeanandCuisine: Dragonball z trash, debate me if you want",0.9543,1
VANGUARDauto,Great lead battle and then Ricky hits Danica for a yellow. Oh boy. #NASCAR,0.0013,0
RedditSample,RT @JoeyG_145: Downloaded flappy bird 5 minutes ago... It's already deleted.,0.0008,0
unitedkingdom,@CinWicked Did you just call My Sweet Baboo a ho?!?!,0.3556,0
SkydTech,"RT @Yankees: Congrats to Derek Jeter, who will start at shortstop in his 14th and final All-Star Game! #FarewellCaptain http://t.co/5nhtJOx&#8230;",0.0008,0
CHICAGOSUNauto,Proud to be a redneck patriot :) @Docs357 @Cats_lmbo @KoichicCheryl @bja_tw @yrwol7 @DavesGrill,0.0208,0
The_Donald,RT @taysymonee: Some of you hoes got so much to say with so little&#128134;,0.3199,0
unitedkingdom,@Cotton_Candy9 god wrote em now think again coon,0.0139,0
Futurology,"I was flying down the slope and just rammed into this small Asian boy, kid got up like a champ and walked it off",0.019,0
TJTauto,He said that bitch look like a praying mantis tho ctfu,0.9835,1
HTauto,@RooDee_Poo Aye bitch.,0.988,1
WAPOauto,"&#8220;@mix3ddchickk: Donny a hoe&#8221;

Since when?&#191;?",0.0136,0
BBCauto,"Charlie Crist wins Democratic primary in Florida governor's race, AP projects http://t.co/Gy9uRBtQ1q via @WSJ",0.001,0
TheColorIsOrange,"RT @josepheach: D-emand
E-veryone's
M-oney &amp;
O-bjects
C-ollectively be
R-edistributed
A-mong
T-heir
S-upporters",0.1103,0
NBCauto,RT @FeinsandNYDN: Yankees acquire Chase Headley from the Padres for Yangervis Solarte and Rafael DePaula.,0.0007,0
ukpolitics,RT @CommonBlackGirI: When a hoe says hi to bae http://t.co/95bBmGJiJF,0.0014,0
EcoInternet,"It doesn't just affect kids. It affects the faculty, the staff, that work at these schools that are queer.",0.0474,0
unitedkingdom,ME TOO!!! RT @FreeBandVersace @Miller_Hi_Life i'm finna look for tht hoe...but shiiiid...i know sumptin bout a (cont) http://tl.gd/b245js,0.0202,0
EcoInternet,@Tanner_Harris_ I've been knowing fag,0.4888,0
NDTVauto,#NowPlaying : Ian Hunter - Once Bitten Twice Shy on #1069TheArrow - http://t.co/R5wuXA9jB6,0.001,0
TETauto,RT @IamMrEchols: You hoes don't deserve the respect you ask for,0.302,0
UMukhasimAutoNews,"Also love angry old Irish bartenders ""pussies have one beer and ask for a glass of water, fuck them I ignore that shit""",0.9932,1
SLTRIBauto,She in the mall she balling bitch buy something for me,0.9703,1
CHICAGOSUNauto,When bitches you don't like talk to you at work. #workproblems #workflow #byebitch https://t.co/gqZuNhCVd3,0.9817,1
SCMPauto,"RT @Clyde_FadeAll: Plz don't tell nobody, bitch I know you got a man..lol I ain't gon tell nobody!",0.9469,1
RedditSample,@youknowmaxwell @CiscoAllDay name that hoe (I'm 6'1) on my license tho,0.0893,0
RedditSample,What up twats? I mean twits... &#128522;,0.0773,0
The_Donald,@Linnlondon1 I want some clams on the half shell :-) http://t.co/uFCAjNNQTZ,0.0048,0
Conservative,Yankee homeruns make me all tingly.,0.1099,0
newsbotbot,Short answer: Yes. ~ Sage Grouse Rebellion: Will Obama use two small birds to limit oil drilling in the West? http://t.co/TK0nZBBTte,0.0007,0
unitedkingdom,I ont care cuz I got hoes. Dats rite I got plenty of em,0.2188,0
WAPOauto,RT @TheTumblrPosts: This is why Charlie Sheen is an idol http://t.co/6ovXRtTxtN,0.0087,0
SMHauto,RT @TylerIAm: Not a one RT @TheDiorHomie @TylerIAm lmaooooooo never saw a bitch at a Deltron concert blood,0.7785,1
news,RT @bigbluexpress: Cal has a day off and for giggles heads to Yankee stadium to hang with Derek Jeter. Yep coaching at UK is probably weari&#8230;,0.0097,0
europe,@CallNeeshCakey pop wop and drop it tho,0.1148,0
mobilityreport,Hmu talmbout match but when I pull up its 30 other niccas wit ya &#128530;,0.0016,0
canada,Some thots will just never learn &#128533; gooooo awaaaaay hoe,0.14,0
RedditSample,RT @rickygervais: Humans are genetically closer to chimps than chimps are to gorillas. But we are all apes. Have a great day you clever twe&#8230;,0.2385,0
nottheonion,I want a cowboy killer,0.2935,0
CHICAGOSUNauto,"""@Yankees: Down 6-1, #Yankees look to rally in the bottom of the 9th."" #RALLYCAP",0.0016,0
india,*rubs hands like bird man,0.0017,0
TIMESINDIAauto,"""@MileyCyrus: bitch couldn't kill my vibe if ya tried. &#127752;&#127752;&#127752;"" dis why i love miley :*",0.9316,1
VANGUARDauto,Aren't these little border jumpers supposed to be in school,0.0015,0
The_Donald,@TrueNovacane they not gonn comment cause they in the closet hoes lol! #Team #Getchoassoutdatcloset lol,0.4956,0
AutoNewspaper,RT @iGBBreezy: Don't wife a hoe &amp; end up like these 2 http://t.co/LXddifeexw,0.3781,0
HTauto,She wonder why im into her when all these hoes be into me,0.3229,0
ukpolitics,"jooooooked out RT @topmodelciara: &#8220;@11wdNICK: 4 old hoes, a ponk, and a dyke outchea having ""girl talk""&#8221;LMAO",0.4654,0
HTauto,RT @WheelTod: If life hands you a hot potato try throwing it at two birds.,0.0314,0
news,Yankees should have NEVER gave away Melky. Guy can flat out HIT. #yankees #giants,0.0164,0
FOXauto,RT @FreddyAmazin: How can anyone hate Charlie Sheen http://t.co/NiEJirYg7u,0.0577,0
TELEGRAPHauto,"@stephen_taylor @jproskowglobal So they could complain about racial profiling I'm sure, bloody twats",0.7956,1
movies,"@CallNeeshCakey no , a pop wop &#128514;",0.0018,0
india,&#8220;@DreamGirlsOnly: &#128525; http://t.co/w43KPs9Zp0&#8221; now this hoe bad,0.192,0
mobilityreport,I'm gonna be ghetto and color over the stain with a sharpie ctfu,0.5573,1
TETauto,redneck in the White House // Moccasin Creek &#128077;&#128076;,0.0044,0
unitedkingdom,"RT @_MILLz5: ""@Spotlightasiaa: &#128514;&#128514;&#128514;&#128514;&#128514; why fab snapped like that http://t.co/gLKgTqIG15"" &#128514;&#128514;&#128514; ""konn",0.7296,1
news,RT @_BucketsMcnasty: Iz no point in being jealous cuz dee hoes for everybody #&#128175;&#128175;&#128175; #BucketsProverbs,0.0894,0
ABCauto,@TheRealOweifie You do it to us so payback is a bitch. hahaha &lt;3 happy valentines day though.,0.9809,1
RedditSample,@ThaReal_GaPeach got it! thanks Hun! ima text u,0.0105,0
unitedkingdom,"I'm a redneck, but without the homophobia and racism",0.3741,0
nottheonion,Baseball......... w/ @voxpulchra for her birthday for some reason? Lol (@ Yankee Stadium) on #Yelp http://t.co/9hIFDcZWQY,0.0015,0
CHINADAILYauto,"""@Yankees: Down 6-1, #Yankees look to rally in the bottom of the 9th."" #RALLYCAP",0.0016,0
SCMPauto,&#128139;&#128175; - ugh bitch I love you &amp; that A S S &#128553; your just simply FLAWLESS &#128149; I remember when you cute a peice of your hair hella sho,0.8654,1
VANGUARDauto,Twitter let you know who every hoe is in every city and country,0.0112,0
canada,RT @flemingryan5: @SavannaaSanford hoe,0.0018,0
FOXauto,@RatchetSue the only thing better than a bargain is a Yankee bargain.,0.0123,0
SMHauto,"RT @sadiiex_: @x_NWTS answer you phone hoe, I heard boutcha",0.2355,0
BANGKOKPOSTauto,Sheehey back door cuts still go un guarded! #IU #HoosierHoops #hoosiers,0.1008,0
HTauto,RT @mabelsay: Myspace: Died a couple of years ago. Facebook: In the hospital. Twitter: At the strip club throwing ones at the big booty hoe&#8230;,0.0269,0
india,basement diving mook bastards,0.9547,1
mobilityreport,How's this bitch wearing high heals right now,0.9774,1
CBSauto,A squad of dyke cholas fear nobody. They worse than the cartel,0.2921,0
TheColorIsBlue,"When people label their name on there ghetto nano&lt;&lt;&lt;&lt;&lt; 

@StephyRae7",0.0059,0
EcoInternet,All I ever want is for someone to love me as deeply and devotedly as Charlie Kelly loves the waitress.,0.0009,0
EnoughTrumpSpam,RT @IAMMISSRAMIREZ: Charlie Sheen is the man lol http://t.co/FCfSbvAphh,0.0032,0
WAPOauto,"RT @AtlasSmugged: women only play casual game like Kim K game &amp; anger bird. They don't play real games, like Male Power Fantasy 2 or Jingoi&#8230;",0.0373,0
TIMESINDIAauto,Watch out #ned! #crc #worldcup2014 #puravida http://t.co/DcAgrh4SLE,0.0184,0
TORONTOSTARauto,&#8220;@Cheddar85: Got the carburetor foyer my #chevy c10 being rebuilt by my #redneck friend ... everybodys got one!!&#8221; I need 1 they can build,0.0235,0
NYPOSTauto,All my so whitey bois gone ride,0.083,0
ABCauto,@KenSuttling Yankees beat then in the Grapefruit league the other day.,0.0048,0
india,ya girl pussy is trash as fuck.,0.9979,1
europe,"RT @DonnieWahlberg: Happy #BLUBLOODS Friday! 

Off to @CBSNews to sit down with the gang on CBS This Morning!

Join us in the 8 o'clock ho&#8230;",0.0027,0
MBauto,label me a hoe,0.4949,0
ABCauto,"@Mawdern here it's a ""wtf dude are you fucking retarded""",0.9978,1
MBauto,"Oreo Shake, I want you.",0.0253,0
CBSauto,this show trash RT @IbSkeeAlii: #LongLive RT @ShinyLipz: Queen Latifah show.... &#128564;&#128564;&#128564;&#128564;,0.3183,0
TJTauto,RT @POONsoaker: Y'all so trash @Cowboys,0.9355,1
mobilityreport,@ChaleCarlo5 fuck outta here and go put some more trash ass ink on your faggot ass self pussy,0.9991,1
SMHauto,He was talking about I'm on one lol. How was that even possible when I was on a cruise ship with no phone service negro?,0.0685,0
mobilityreport,can't decide if i should wear my yellow rain boots for the purposes of being all black &amp; yellow errrrything...,0.0162,0
worldnews,@JustKarahn yes u hoe,0.0364,0
MBauto,&#8220;@DukeAlexMoore: Malibus on a come-up but in other news she mean denna hoe and not even light skinedddd http://t.co/SGGOkjTScH&#8221; HAHAHA!!,0.0105,0
RedditSample,"RT @carterazoo: My nephew on Adam Rose: ""I bet he ain't got no hoes though.""",0.0461,0
SDauto,"@neemjemoeder @SvensTweet @Harry_Dillema @wltrrr steek d morele vinger maar in j neus, zelfde soort types bij NATO stenigt vrouwen by bosjes",0.0431,0
unitedkingdom,&#8220;@TheSportsDiva23: Adam Jones homers Yankees now lead 5-3.&#8221;Guy is a monsta,0.0207,0
EnoughTrumpSpam,"Rose colored glasses only, you guys. #wvnextin6",0.0008,0
EcoInternet,I once tried to be everything this bitch said she wanted in a man... That shit didn't get me anywhere.,0.988,1
IRISHTIMESauto,Hugs or Kisses? &#8212; Hugs. It gives you a warm fuzzy feeling. http://t.co/HRY3sVlwgs,0.0009,0
TheColorIsBlue,Lesson: #NFL is 4 heterosexuals. Wat else do we need besides Michael Sam for us fags to get a clue. Breeders have their thing we have ours,0.4188,0
DonaldTrumpWhiteHouse,Monkey see monkey doo,0.1549,0
ukpolitics,Bout to put me some hoes on backpage .. Try my pimp hand out! &#128526;&#128075;&#128162;,0.4509,0
worldnews,@Farrahisawhore @PersianFarrah nice account faggot,0.8898,1
politics,"Been told by a lot of people that I'm cool then a hoe, and that they don't understand why someone wouldn't like me",0.0145,0
mobilityreport,RT @reshell_: Keshun be like it aint nothing to cut that bitch nawl it aint &#128557;&#128514;&#128514;,0.9867,1
MBauto,RT @taylorcaniff: I'm having a date at Yankee Field then getting kiss cam.. #bucketlist,0.0105,0
news,@MarkB_LifeStyle @SportsCenter @Athletics Cant the Yankees make some last weeks moves??,0.0018,0
VANGUARDauto,"RT @TransaparenT: ""Hi mom, last night I was cunt slapping when you texted me about grandpas bypass, sorry I didn't get back to you until no&#8230;",0.4771,0
TORONTOSTARauto,#WhatImCraving Peanut Butter Oreos &lt;3,0.0054,0
Futurology,#agreed &#58399;&#58399; RT @oliviaMrose: There are a few badd ones but idk..mixxed bitches is really where its at tho,0.7387,1
news,RT @nebuladallas: i still live with hope that one day a hot rich boy will fall in love with me even though im trash,0.0946,0
AutoNewspaper,@eonline she looks like a real dyke now,0.4919,0
TORONTOSTARauto,"RT @DezDLT: ""I play soccer, cheat on girls, and wear khaki coloured cargos"" haircut http://t.co/a1SDHBY8XT",0.0922,0
FOXauto,I'm serious bruh! She's too pretty I would eat both her pussy &amp; butt &#128557;,0.9892,1
conspiracy,@OlTimeBaseball @Yankees @PaulONeillYES that matters ?,0.004,0
IRISHTIMESauto,"I love how we can marry and still be the same queer, messy, funny, fabulous, dramatic community we've always been. Why I love us.",0.001,0
TIMESINDIAauto,the train station Harry's at is trash I've been to the same Eurostar too they refunded my whole trip to Paris bc train accident,0.0904,0
EnoughTrumpSpam,"If she aint talkin to you , then who she talking to ? Cus you know bitches cant stop talking #TrustIssues",0.9392,1
ABCauto,"Don't worry bout me I got it all arranged bitch. Mind your business, stay in your lane bitch

#vote5sos
#EMABiggestFans1D",0.9944,1
SLTRIBauto,She unfollowed me after I said I cried watching dawn of the apes lmaooooooo,0.0129,0
EcoInternet,Since you gave me the pussy that ass getting fatter,0.9967,1
india,@ZayySwanson @_EmaniMilan I'm jus Tryn figure out when all dem niccas was together like dat,0.0125,0
mobilityreport,RT @NerdAtCoolTable: Any chick that gets In a fight after the age 24 is a hoe,0.7274,1
VANGUARDauto,A nicca is hungry ... AS FUCK!!,0.9914,1
BBCauto,I have yet to understand why so many bytches getting the bull piercing? It's called a septic or something like that ...,0.0851,0
TORONTOSTARauto,These hoes ain't loyal...,0.4978,0
ukpolitics,Turn a fuck nigguh to a rebound,0.9986,1
ABCauto,@jacksparenohoe let's hang out nigger,0.9871,1
HTauto,RT @LeeniePunkin: Man fuck flappy bird http://t.co/QKk26wYVfC,0.9955,1
HTauto,"@BryanStars ATL, BVB, SWS, PTV, THE RELAPSE SYMPHONY, SET IT OFF, FAREWELL, MY LOVE, MAYDAY PARADE, FOB, PARAMORE, etc",0.0015,0
BBCauto,When she's a straight up hoe but doesn't suck dick.,0.9961,1
movies,Permanent slit in my eyebrow from when I tumbled down the bleachers when I was little.... I stayed in the ER,0.0235,0
HTauto,"like ""look at this annoying little 17/18 year old asking for a ride haha fuck her poser bitch ass""",0.9974,1
NYPOSTauto,"RT @kialloyd22: ""Okay I'm Kia and my middle name's faggot."" -Dylan",0.6081,1
ABCauto,RT @surviving_queen: her pussy stay wet when shes around me gotta lick it till she wetter then never before,0.987,1
TheColorIsOrange,I be telling Mcgirt music ain't enough.You gotta have a non music related agenda.Them crackers want to sell something with your face.,0.7526,1
MBauto,#TRUTH RT @notashley: David is the Charlie Brown of #Scandal,0.0341,0
WAPOauto,this show trash RT @IbSkeeAlii: #LongLive RT @ShinyLipz: Queen Latifah show.... &#128564;&#128564;&#128564;&#128564;,0.3183,0
EnoughTrumpSpam,You hoes ain't got no real friends cause the shit I be seeing boyyyyyyyy&#128563;&#128563;&#128563;&#128563;&#128563; my friends ah burry me 6 ft under oml if I,0.9522,1
RedditSample,85 species of birds reported in Chesterfield for the Great Backyard Bird Count. How many in your area? http://t.co/VIWMjjJxOT,0.0009,0
RedditSample,Is Hillary the &#8216;dodo bird&#8217; candidate? http://t.co/3FyoSi28Jm via @worldnetdaily,0.0007,0
SMHauto,@Drfreezeburnn @DaithiDeNogla I just learned how many retards you can find when you search trending topics.,0.7939,1
CHINADAILYauto,@ryancommakerry @dianaaaxo @JennaAmendolare guys number 42 on the Yankees looks like uncle Stevie LMAO IM DYING,0.3158,0
FOXauto,All my hoes they so rude,0.7278,1
FOXauto,"From the archives: @ThatAndyRoss&#8217;s My Favorite #Bond_age_ essay on THUNDERBALL, The Story of a Shy Kid and 007 http://t.co/on5t60rMFb",0.0008,0
worldnewshub,"RT @TheReal_Salmon: Snail hoe: my parents just left, they gonna be gone for 15 mins..

Snail: ok ?

Snail hoe: Im horny af

Snail:... http:&#8230;",0.0061,0
BBCauto,@_LifeOfSin theeepp that's my bitch,0.9958,1
SDauto,@ProsperINDIA ho no. Without ur vote we lost the election. AK49 is taking oath as PM today. :-),0.0011,0
TheNewsFeed,"RT @Likea_BOSS_x3: After a long day at work, bitch wunna rest her feet on me lol &#128514;&#128129;&#128524;&#128176; http://t.co/2rhN5HpASb",0.8703,1
conspiracy,&#8220;@TheManOnCampus: &#8220;@VSamone: @5HAWTYYY smoking skating twerking&#8221;I'm innat hoe&#8221;yas,0.0268,0
willis7737_news,I feel bad for her nicca tho ... Ya girl a hoe my nicca!,0.2262,0
UMukhasimAutoNews,@LegoHeeadd I read that in his voice like a hoe&#128514;,0.0314,0
EcoInternet,"Its #ArabSpring Training, Charlie Brown! #rejectedpeanutsspecials",0.0103,0
mobilityreport,"#porn,#android,#iphone,#ipad,#sex,#xxx, | #Masturbation | A very hot black tranny is mastu http://t.co/OfGGMLXQAj",0.9498,1
SCMPauto,RT @FunSizedYogi: @TheBlackVoice well how else will white ppl get us to forget our horrific past other than to paint a pretty picture of ho&#8230;,0.0108,0
Techfeed,Light skin girls is the biggest hoes?,0.5359,1
Techfeed,@equallydestruct bitch firstly it's resting on my titties and secondly if U WAS PAYING ATTENTION YOUD HAVE SEEN WHEN I SAID I ROLLED INTO IT,0.9,1
RedditSample,"RT @ceut: BushCo used to publicly trash ex-officials who wrote books - Snow, O'Neill, etc. Bet we won't hear PBO trashing Gates... #morning&#8230;",0.0542,0
AutoNewspaper,"Only fags say ""swag"" shits mad retarded.",0.9818,1
politics,"RT @Lonely_Dad: and if you ain't a ho, get up out my trap house",0.6287,1
TheNewsFeed,I l8v3 fuckin wit this nigga he getting all emotional he remind me of my bitch is that you Blake (50&#8230; http://t.co/vJCf0R6thU,0.9983,1
TORONTOSTARauto,RT @marsrader: The incredible scales of celestial bodies. http://t.co/NZV80jRmiG,0.0007,0
TORONTOSTARauto,This hoe loud...,0.1434,0
ABCauto,Plot twist: these hoes are loyal.,0.1086,0
EnoughTrumpSpam,These hoes ain't loyallll,0.3477,0
NYPOSTauto,RT @mitchmancuso: @BrantPrintup:What straight guys take a picture of themselves naked in a hot tun.What fags @jakesiwy @Ryan_Murphy3 @Randy&#8230;,0.2123,0
WAPOauto,"RT!
COMMENCE CARPET BOMBING! All #Iraq soldiers in this video http://t.co/7oLD2eDB1R executed by Jihadis from #Tunis http://t.co/02E1cEOE3z&#8221;",0.0616,0
EnoughTrumpSpam,@DoubleAIV just watch bitch nigga u gonna want the whole team dead,0.9966,1
FOXauto,"~~Ruffled | Ntac Eileen Dahlia - Beautiful color combination of pink, orange, yellow &amp; white. A Coll http://t.co/H0dYEBvnZB",0.0008,0
Raytheon,"Bow down bitches, bow down bitchess",0.9974,1
EnoughTrumpSpam,.@CoryBooker is running around town delivering food to people. If he takes out the trash too he is the perfect boyfriend.,0.6412,1
WAEXauto,RT @Kiaranicole_x: @_JoAries @Kash_WingateLFC @chanchan_ox babes we buy brazilian and Peruvian not Bengali,0.0167,0
Futurology,I love going to @Walmart and looking at #guns with my wife. We talk about them in Spanish as the rednecks stare at us and reconsider #2A.,0.2299,0
EnoughTrumpSpam,RT @UrKindOfBrand: If she's always been a dyke she's a virgin. No way around that. Her first time eating box don't take her virginity.... #&#8230;,0.3296,0
Futurology,"RT @Brennanculp: But if you a hoe, do you. I ain't judging you. Get it in, but don't hurt someone in the process, be straight up ab it",0.2487,0
INDEPENDENTauto,@YunGMiGo lol da only reason I can't talk bout da present is cuz my nicca hurt n ain't played all yr,0.1047,0
EnoughTrumpSpam,Big G-Day s/o to @MauricePrice17 #FreeBoosie nicca lol!!!!!,0.0162,0
VANGUARDauto,yeah i got soul i was brought up by colored women.,0.11,0
SMHauto,"@realmarkhenning lol, We gotta let these hoes know. *pow pow* this aint what they want. &gt;&gt;",0.4812,0
india,"bitch I'm eating!!!!!! you are so blocked!!! RT @MayaAngelouFRO: STOP WHITE PEOPLE 2014 http://t.co/u7oXMK8nup""",0.9985,1
newsbotbot,"RT @AtlasSmugged: women only play casual game like Kim K game &amp; anger bird. They don't play real games, like Male Power Fantasy 2 or Jingoi&#8230;",0.0373,0
MBauto,RT @JazmineJanay: My hoe phase is over,0.0299,0
DonaldTrumpWhiteHouse,RT @PRAYINGFORHEAD: pussy boy don't want war,0.9773,1
TETauto,Glad I bossed up on my old hoes &#128170;,0.0317,0
MBauto,RT @BwTis: I have no sympathy for people who bitch about situations they get themselves into.,0.7664,1
WAEXauto,"RT @DankyChan88: Dumb bitches broke my tv, went to wal mart fucked up... Wokeup with a smart tv lol",0.9962,1
movies,Legion of jig &#128557;&#128557;&#128557;,0.0155,0
DonaldTrumpWhiteHouse,"RT @WorIdStarFunnyy: this the ""I play soccer, cheat on girls, and wear khaki coloured cargos"" haircut http://t.co/NQyLxquLOC",0.1801,0
CHICAGOSUNauto,@lauchiemac_ fag,0.3608,0
AutoNewspaper,"RT @LauraRosenCohen: #AskDrMann Is having no amici briefs filed on your behalf kind of like Charlie Brown never, ever getting ANY Valentin&#8230;",0.0014,0
GUARDIANauto,Good Morning to you hoes and pimps.,0.1418,0
IRISHTIMESauto,I want a cowboy killer,0.2935,0
willis7737_news,&#128514;&#128514; maaaaannnn i hope so! RT @ABrown252: @VonshayeB did we get rid of John Legend looking Charlie Batch?,0.0054,0
europe,"@JennyTripleTit it's also a bird, a city, and a math theorem. I make no assumptions!",0.001,0
TJTauto,"""@Crhedrys: Pussy licking pussy.... meow meow #StopWhitePeople2014 &#128049; https://t.co/KeegDCjS5K&#8221;""""""""

&#128533;",0.9868,1
SMHauto,&#8220;@__thaRealist: @VoiceOfDStreetz u a hoe broski u gotta look at dat shit&#8221;&#128064;&#128064;,0.9175,1
GUARDIANauto,Free wop,0.0011,0
EcoInternet,@Real_Liam_Payne be a pussy http://t.co/ttzsxBtS74,0.9545,1
NDTVauto,RT @Blessedyaszay: #IWantToPunchPeopleWho mock God,0.1695,0
BANGKOKPOSTauto,"""Have you seen my shows? Have you seen my hoes? If I wasn't hot would they be so thick?""",0.1909,0
TJTauto,Looks like a tool but is useful as a clay hammer #fag @hOPPondis http://t.co/K7wqlAWRwM,0.2227,0
GUARDIANauto,@caylanashlee cause everyone just loves yo bitch ass rite? Yea sure...,0.9912,1
SLTRIBauto,Everyone that says #LetsMakeItAwkward is a queer. #JustMadeItAwkward,0.61,1
DonaldTrumpWhiteHouse,&#8220;@BINDLE13: My momma aint raise no hoe&#8221;,0.1697,0
DonaldTrumpWhiteHouse,That's Ya BM tho RT @Tyga: That ain't my hoe.,0.303,0
NDTVauto,"RT @FunnyPicsDepot: this the ""I play soccer, cheat on girls, and wear khaki coloured cargos"" haircut http://t.co/rJVOVoO53l",0.049,0
CHICAGOSUNauto,Fake ass people. That's why I don't have no respect for em. Frontin ass bitches too,0.995,1
NYPOSTauto,RT @OfficialA1King: The face you make when you see a hoe trying to preach on twitter http://t.co/2T1UkUDQBw,0.0531,0
ABCauto,RT @elchavaloko: @_WhitePonyJr_ @Buckm00se @Eric_Mariners i see you guys kicked this long haired faggot out your lil video game team,0.8989,1
EcoInternet,Lighting my pretty ass up w them yellow stars lls,0.9824,1
INDEPENDENTauto,Hey @Yankees fans is this a good score ? #lookingformore http://t.co/HLQAl7cIGf,0.0013,0
Futurology,&#8220;@cierravillela yeah it's really far and it's alright if you like living by a whole lot of hicks haha,0.0142,0
SCMPauto,RT @Joan_Rivers: Charlie Sheen will star in a new sitcom as an anger management therapist. So what's next? Casey Anthony as the owner of ...,0.0013,0
worldnews,@b_scheich &#128072;&#128166; salute a bad bitch,0.9667,1
The_Donald,"&#8220;@DevJayAintShit: these hoes ain't loyal &#128557;

https://t.co/hiMKk7fYxB&#8221;&#128557;",0.3588,0
WAPOauto,Guys say bros before hoes. I say food before dudes.,0.0377,0
UMukhasimAutoNews,Left a nice little message in his inbox so he deleted the comment where he called me a bitch &#128514; these&#8230; http://t.co/qRUvCVNepv,0.4515,0
RedditSample,@LifeAsKing Naw... I'm trash... Keep ya pity hugs...&#128530;&#128133;,0.4321,0
willis7737_news,"""You can take someone out of the ghetto, but you can't take the ghetto out of them.""",0.1982,0
EnoughTrumpSpam,RT @Yankees: #Yankees can jump into first place TONIGHT. RT if you think they will!,0.0341,0
The_Donald,"When people label their name on there ghetto nano&lt;&lt;&lt;&lt;&lt; 

@StephyRae7",0.0059,0
newsbotbot,"""@RTNBA: Drakes new shoes that will be released by Nike/Jordan.... Yes, there's glitter on the shoes http://t.co/QCtPLxHEXM"" ....dudes a fag",0.3174,0
unitedkingdom,RT @SportsCenter: Derek Jeter's final game at Yankee Stadium will be 1st he's ever played there with Yankees eliminated from playoffs. http&#8230;,0.0007,0
CBSauto,RT @KoolAssK: U want a nigga to just spend all his hard earned money on u? hoe go strip that solves that problem lol,0.9563,1
BANGKOKPOSTauto,@MinuteManX1776 @TheyKnowNotWhat &lt;&lt; closet muzzie @MayberryJustin @AllForCountry @LilMissPrepper @ritzy_jewels @glinsan1,0.0211,0
DonaldTrumpWhiteHouse,nigga paybacks a bitch and bitch you been livin in debt with me,0.9981,1
INDEPENDENTauto,"RT @TheDouch3: Most overused hoe excuses
1. It's just lyrics
2. My friends party so I party 
3. Men do it too
4. And vice versa
5. I was yo&#8230;",0.01,0
MBauto,RT @Its_KingWalt: Bruh.. Don't do this RT &#8220;@Trent_W93: Females swear their best friend is the baddest bitch in the world!&#8221;,0.9797,1
SMHauto,RT @_VibeWithMe_: doing someone wrong for the sole reason that they did you wrong will only bring more negative karma &amp; energy into your li&#8230;,0.0015,0
india,"RT @marksidaway: Last time #xfactor auditions came to Dublin, I auditioned @MaryByrneMusic and @NiallOfficial. And a man in a blue monkey s&#8230;",0.0094,0
ukpolitics,"@Tom_Morehart @cjc_is_alive @JoshuaTyl0r 9 of 15 BCS titles, $314 mil in revenue. It's great being in a redneck conference. And not in Ohio.",0.0024,0
Conservative,"@TheBlondeBetch WHOA sorry for the spell check error, its not ho it was hey so sorry",0.1225,0
TETauto,I hate when i see a cold hoe tryna kick knowledge,0.3248,0
BANGKOKPOSTauto,@CBSThisMorning @charlierose @NorahODonnell tx trash your show was a disgrace this AM engaging w @MittRomney disrespecting the President,0.3372,0
CBSauto,RT @raeleenehoe: I hate it when a bitch know I don't fuck with her &amp; she really trying to talk to me like we cool nahh bitch foh you don't &#8230;,0.9969,1
SkydTech,"He's bitch keep looking at me

She choosing or nah?",0.9423,1
SDauto,"""@__MALIBUbarbie: Nd wtf is up with dark bitches with blonde.. PLEASE HAVE SEVERAL SEATS HOE!"" ..looking like black&amp;milds out here",0.9376,1
HTauto,"RT @desusnice: ""In 2014 you tweeted that Migos were trash. Care to explain?"" - 2064 Supreme Court Confirmation Hearing",0.2194,0
TheColorIsOrange,@LifeAsKing Naw... I'm trash... Keep ya pity hugs...&#128530;&#128133;,0.4321,0
newsbotbot,"RT @BVSEDXJESUS: I want a real relationship &#9994;&#128272; no games, no lies, no side hoes, just me and you &#128152;&#128141;",0.04,0
TheColorIsBlue,I'm in this hoe tripppped out people be wildin,0.3828,0
unitedkingdom,"RT @AdamWeinstein: Working theory: This ""selective race"" abortion ban passed in Florida today was just an excuse for redneck reps to say ...",0.0109,0
MBauto,Me &amp; hubby relaxing from the studio for a lil...then headed str8 to my honey doo wop wops bday bash Kristen... http://t.co/FOnJOFdzJC,0.0027,0
TheColorIsBlue,Bout to put me some hoes on backpage .. Try my pimp hand out! &#128526;&#128075;&#128162;,0.4509,0
BANGKOKPOSTauto,There you go acting like a hoe &#128530;,0.3763,0
NYPOSTauto,Let's go for the sweep!! #Yankees #SubwaySeries,0.0088,0
NDTVauto,Just cleaned my fingernails with a knife. #hillbilly @shanemoses625,0.0344,0
ABCauto,awwwww Alex Smith broke his pussy,0.9909,1
BBCauto,Sesh with my n-words say it like a white kid yes my Kush is betta than yours u are a whore so please kill yo self fool bitch ass,0.9982,1
CBSauto,"@Mr_Lewis_ @brookebrooklyn_ ohh yaa, he wants Brooke to be his pinkie toe so he can bang it on the coffee table. What a twat!! Lol",0.9079,1
NBCauto,#TRUTH RT @notashley: David is the Charlie Brown of #Scandal,0.0341,0
WAEXauto,@KEIRRANicolee I didn't know you was following me hoe &#128514;,0.006,0
WAPOauto,Jihadis taunting America &amp; spreading paranoia: tents that appeared in a video of a Daesh training camp near Mosul. http://t.co/GH3EbBfB3t,0.0062,0
TETauto,RT @wittybigtwittys: I use the word cunt very loosely,0.4294,0
The_Donald,@Yes_THAT_KiKi hey send me your songs I need to put them hoes on a CD and bang em when I ride around,0.2539,0
TETauto,"@TheBikeman99 My father was born in Nanticoke and attended Lehigh. I'm a CT Yankee, but love the Pennsylvania Dutch cooking :-)",0.0008,0
VANGUARDauto,been a long December hasn't it? counting crows (:,0.0012,0
TheColorIsOrange,@IndicaMangoes they still fucking trash. I cant eat those to save my life.,0.9979,1
unitedkingdom,RT @NorrisDaGod: I have no hoes &#128581;,0.042,0
The_Donald,RT @VaTxn: Illegal alien is not a race. It's a crime. @MuchoMacho @McDonalds @jeandeaux1776 @cspanwj #wetbacks http://t.co/pf2YpelyOP,0.0132,0
CBSauto,"Mother asked what I wanted for Christmas this year. Replied with for her to not go crazy, and my sister to not be a bitch.",0.6512,1
worldnewshub,I got good credit. So my bitch credit gotta match mine,0.9083,1
WAPOauto,RT @1Khariz: kim k lil sisters some hoes,0.2701,0
BANGKOKPOSTauto,Does it bother anyone else that the planet of the apes timeline makes no sense?,0.0011,0
willis7737_news,"If the Yankees can't beat the Red Sox, they don't even deserve to be in the playoffs #yankees #redsox #mlb",0.0218,0
FRANCE24auto,"RT @ThinknMoney_365: @Wendys , @TacoBell , &amp; @McDonalds yall bitches needa start delivering !!",0.9572,1
FRANCE24auto,"@san_sim lol Avila... It's simple, but I live in a pretty redneck area.. So it never gets pronounced correctly",0.0224,0
CBSauto,Sexy ass yellow bone,0.9889,1
technology,"@bayjackson3 lol it's a crew, not actual hoes",0.0568,0
willis7737_news,I missing something of my ofay friends. Day all scared by da recent happenings. Don't chu worry...ol Lamar say you like da colored folk,0.014,0
TJTauto,Fuc u say ? &#8220;@AyyyeThatsChubb: All these hoes look good on IG&#8221; http://t.co/PlsFL84cDp,0.6601,1
Conservative,He was talking about I'm on one lol. How was that even possible when I was on a cruise ship with no phone service negro?,0.0685,0
SCMPauto,"Can't stand when I see a female just get out of relationship &amp; 2 days later their ""talking"" to another guy , hoes gonna be hoes smh",0.5706,1
GUARDIANauto,RT @radiotour_en: Duchess of Cambridge to present the first yellow jersey http://t.co/8VVNU9DrFM #TDF,0.0007,0
The_Donald,"RT @GuruJeremy: That's how niggas get cheated on. She lie in ur face bc she in denial about her hoe actions. But she tell her homegirls ""it&#8230;",0.8952,1
FOXauto,Michigan is a big state. The hoes on Twitter and Instagram make just it smaller.,0.0078,0
CHICAGOSUNauto,Lakers fans will feel the pain the Yankees fans are feeling today at the end of basketball season.,0.0016,0
EcoInternet,This wigga didn't follow me back.. Smh,0.2797,0
unitedkingdom,"@Gertrude_Larue 
I is colored, Latino and some Jewish. When I move in, I don't ruin the neighborhood, I wipe it out!",0.0451,0
Raytheon,Coons RT @YSL_Ron: these hoes love putting spaghetti and salad on the same fucking plate....*smh*,0.9957,1
NYPOSTauto,&#128530; my nerves are being worked cos of my monkey &#128529;&#128545;,0.0838,0
NBCauto,This work shit for the birds....ion think it take 8 hours to do nothing....,0.8929,1
EnoughTrumpSpam,"@dish 
Was just wondering if yo espect to add mo colored tv stations befo I renew dis",0.0113,0
newsbotbot,&#8220;@BINDLE13: My momma aint raise no hoe&#8221;,0.1697,0
EcoInternet,"about to drunkenly get a free 3D printed bracelet that says ""fake ho""",0.3181,0
HTauto,I tld that hoe 2 wrongs dnt make a rite now she wanna sing,0.1402,0
INDEPENDENTauto,&#8220;@CiscoAllDay: @1Bcarter if by marrying her to avoid paying child support is a win then yeah lol&#8221;we don't see the hoes the same &amp; that's ok,0.0049,0
NYPOSTauto,RT @OhSoDestinee: &#8220;@iDocLyfe: That 'Ouija' movie look like trash&#8221; its really good.,0.3049,0
CHINADAILYauto,@TheTrackMamba gator bait &#128010;&#128548;,0.0045,0
NYPOSTauto,@elliottgianaris gook,0.1423,0
CHINADAILYauto,Ayo I jus had a mini heart attack behind the wheel..north Philly n fire crackers don't mix&#128553;&#128553;&#128514;&#128514; I&#8230; http://t.co/o5v2E4LFtm,0.036,0
movies,RT @HighSchoolSuckz: i am that horrible friend who reads your text then puts the phone down to do something and forgets to reply until 4 ho&#8230;,0.0062,0
TORONTOSTARauto,Charlie looking like he's the one that made that 3.,0.0013,0
SCMPauto,"&#8220;@DevJayAintShit: these hoes ain't loyal &#128557;

https://t.co/hiMKk7fYxB&#8221;&#128557;",0.3588,0
unitedkingdom,"RT @BowDownn_Bitch: Nine times outta ten the bitch using them same unclean brushes on all ten of her clients. I can't with you ""beat faced""&#8230;",0.9908,1
SkydTech,"RT @schoolfession: ""Bros before hoes, except chicks with no clothes"" - Everywhere",0.0297,0
Techfeed,"Moral to the story: If you like the Yanks, I'll pretty much do anything you tell me to do.",0.0027,0
TheColorIsBlue,RT @I_Dnt_Giv3A_Fuk: Good pussy will make a nigga cum quick shit be over faster than a vine video,0.9975,1
NBCauto,I'm up hoe,0.0839,0
The_Donald,He was talking about I'm on one lol. How was that even possible when I was on a cruise ship with no phone service negro?,0.0685,0
conspiracy,"""@whoiscoreyking: Chase money &#128176; not &#128581; hoes &#128111; &#128175;&#128175;""&#58399;&#58399;&#58399;&#58399;",0.0028,0
worldnews,RT @ConsrvativeDiva: Must-Watch: Bill Maher Schools PBS Host Charlie Rose Over Islam's 'Illiberal Beliefs' http://t.co/5pq91jxOeV,0.0019,0
TheColorIsBlue,"RT @Dodgers: ""Gracias por jugar con el corazon, ahora a ganarle a los Yankees."" -@TommyLasorda http://t.co/3FYTvuzNZB",0.001,0
CHINADAILYauto,ME TOO!!! RT @FreeBandVersace @Miller_Hi_Life i'm finna look for tht hoe...but shiiiid...i know sumptin bout a (cont) http://tl.gd/b245js,0.0202,0
VANGUARDauto,@shawnpitts77 all I wear is vineyard vines and American flag chubbies. I'm the OPPOSITE of a wigga.,0.0525,0
ABCauto,"@DinoLich Don't yell at me, I love both of the evolutionary lines. @ClaudiaVice despises the trash buddies.",0.2541,0
The_Donald,"LSU got a lot of thirsty, muching, nasty hoes. Football team stay running thru yall meal ticket wanting hoes lol",0.3376,0
RedditSample,Happy birthday bitch &#128526;@THEalexflores10 http://t.co/2fBKhkQiJa,0.9753,1
NDTVauto,RT @wittybigtwittys: I use the word cunt very loosely,0.4294,0
BBCauto,"RT @HlGHKEY: If ya girl texts back slow you gotta hit her with the ""so who else you texting?"" Watch That bitch get more defensive than dwig&#8230;",0.9673,1
Futurology,RT @POONsoaker: Her pussy A1 if she can quote over 15 boosie quotes,0.8979,1
CHICAGOSUNauto,Lol when a nigga say he miss u say don't miss me miss ya bitch lmao,0.9746,1
FOXauto,@808NoHeartBreak hoes,0.2551,0
TheColorIsOrange,"@terrorwatchusa .....I think its about #Whites trying to be the most #Blackish ......what we in Socal call ""wiggers"". #liberals #democrats",0.1058,0
india,RT @MsKeeKee90s: Throw it up! Like a pizza! Get stirring in that pussy like a feature &#128514;&#128514;&#128514; @t_ndyy @PamiiBabesh,0.9589,1
WAPOauto,"RT @UnusualFactPage: Shy people tend have great observational skills, making it easier to recognize the core of a problem then solving it.",0.0008,0
INDEPENDENTauto,Bigots demand recount in #Idaho #gay rights ordinance referendum http://t.co/TorYEXxMwi #tcot #teaparty #teabaggers #lgbt,0.0384,0
CHINADAILYauto,My niggah I was waiting all weekend to take these shits &#128553;&#128514;,0.9904,1
INDEPENDENTauto,"Lmfao but "" we don't talk "" gtfoh &#128514;&#128514; bitch I guessed it! &amp; I was right &#128514;&#128527;",0.7495,1
Techfeed,"Michael Sam being cut further proves that we fags don't belong in football or #NFL, it is a heterosexual sport for heterosexuals.",0.4359,0
CBSauto,"McCann, although not having the greatest of seasons, would be a step up from Russel Martin. McCann or Carlos Ruiz #MLB #Yankees",0.0007,0
FOXauto,Oomf got hella hoes &#128586;,0.003,0
TheNewsFeed,@CallNeeshCakey pop wop and drop it tho,0.1148,0
unitedkingdom,RT @charcharkuhlman: First day of spring break: ate half a pan of brownies &amp; watched 6 episodes of Parks and Rec with @victoriakuhlman &amp; @E&#8230;,0.0014,0
Techfeed,"#RedSox, focus on the #Orioles that knocked you out last year, and not your hatred of the #Yankees for um-teen years! LOL!",0.3114,0
AutoNewspaper,"""@MotherJones: 10 birds your grandkids may never see, thanks to climate change http://t.co/XqmXHkAsWt http://t.co/RbITeGRnhm"" #Climate",0.0043,0
TJTauto,@princessfaggit I don't see tears bitch,0.9889,1
GUARDIANauto,@JjLoveUp tranny,0.0158,0
INDEPENDENTauto,i love bad bitches thats my fucking problem,0.9955,1
worldnewshub,@grrizzIy right in the fucking pussy,0.9971,1
FOXauto,"Used to have a girlfriend, now all I got is hoes..",0.3196,0
TORONTOSTARauto,"@TechN9ne why did they add your name all ghetto like that? Looks like they used label maker, lol!",0.2029,0
NYPOSTauto,I ain't cutting my hair for u hoes at hc,0.4707,0
Futurology,RT @DBOI509: Shave pussy deserve nothing but fie head and good dick #twitterafterdark :),0.997,1
EcoInternet,I asked the name of the bird ancient Egyptians used as the sun of god Heru (Horus).The Pheonix (firebird).,0.0007,0
politics,@_SparkleLikeZen saves you a brownie*,0.0023,0
IRISHTIMESauto,@teeritz So six martinis before passing out on the couch after watching Euro-trash into the wee hours. Got it.,0.2564,0
unitedkingdom,"&#8220;@OhhNickHarmon: If she's sending you nudes on snap chats but your not one of the 3 guys on her favorites, she a hoe.&#8221;&#128514;&#128514;&#128514;&#1",0.4252,0
SMHauto,RT @jasminee_gamboa: hoes will be hoes .,0.4085,0
worldnews,hell yeah I'm being a pussy cat today.. don't forget a sexy one,0.9507,1
newsbotbot,"""@HermosaAlma: This isn't ghetto.....it's smart https://t.co/MPAzQ3Jswf"" I'm doing this idc",0.0065,0
UMukhasimAutoNews,&#8220;@Tom_2Times: Making weed brownies tonight&#8221; goin slide me a batch relo,0.0077,0
TETauto,RT @k_ree2: &#8220;@Trentdamanz: These hoes are loyal&#8221; plot twist,0.0213,0
VANGUARDauto,"RT @tryna_be_famous: Like, when you're a hoe, how do u sleep at night?",0.4328,0
ABCauto,RT @Meechgod: &#8220;@1017_Sqquad: But it's some bad bitches on backpage ... You might find one of yo followers on there too &#128064;&#128064; &#128056;&#9749;,0.675,1
EcoInternet,@KEIRRANicolee I didn't know you was following me hoe &#128514;,0.006,0
TheColorIsBlue,"I tell u this tho, if/when u nigger women start getting cornrows again...mannn just don't do it",0.9659,1
SLTRIBauto,"""@gurl_Im_Angie: @ItsKiaraaaa @WestYourMajesty I'm not even shy stfu"" kikis mom: Hi angelique 
Angelique: Smiles *Dips cracker in soup*",0.2249,0
WAPOauto,I be stalking hoes :),0.0248,0
TIMESINDIAauto,"RT @ImNeverChillin: When yo phone go off in class &amp; the teacher say ""turn that trash off"" but it's one of the songs on yo mixtape http://t.&#8230;",0.364,0
NYPOSTauto,#Lingo so A1 niccas be Tryn talk like me,0.0106,0
unitedkingdom,&#8220;@_WithFinesse: &#8220;@Shane_A1: Lol I 4got rose been dat nicca tho&#8221; #1 Never forget.&#8221;lol yee I was trippin,0.1389,0
Futurology,Okay don't reply then I didn't want you to anyways bitch,0.9757,1
NYPOSTauto,"@realmarkhenning lol, We gotta let these hoes know. *pow pow* this aint what they want. &gt;&gt;",0.4812,0
canada,#Cowboys are 6-1 bitches #Cowboysnation another great win Ilove this team,0.9207,1
NBCauto,&#8220;@JustKarahn: &#8220;@what_iDO: Y though http://t.co/hg6OO3X3o6&#8221; really hoe? really?&#8221; U the dummy taking a pic,0.4529,0
CHINADAILYauto,RT @taylorlopez96: &#8220;@harleighpurolla: You are the biggest two faced bitch I have ever met.&#8221; You won't @ her,0.9836,1
europe,"RT @BrosConfessions: ""People congratulate on losing weight for my health, but in reality I lost all the weight so I could fuck hot bitches""&#8230;",0.9737,1
europe,I'm not really a phone kinda guy.. I actually hate talking on the phone &amp; texting kinda trash to me also.,0.2059,0
SLTRIBauto,&#127867;&#127867;&#127867;&#127804;&#128153;&#127913; plus Sheryl crow http://t.co/49KYwZnotU,0.0038,0
technology,Welp imma hoe again :/ RT @Gladvillian: She a hoe if she likes chocolate.,0.1552,0
BANGKOKPOSTauto,"RT @AliyahKorea: #Whiteculture thinking weave is ""ratchet"" and ""ghetto"" while ""extensions"" are perfectly fine.",0.0099,0
WAEXauto,RT @DonnieWahlberg: On set of #BlueBloods. Hoping there are no birds perched above me... http://t.co/oDhq52QiLe,0.0007,0
conspiracy,"Won't catch me sneak dissing, thats fo the birds.",0.0369,0
NYPOSTauto,Dey gave da wrong nicca money,0.0071,0
EcoInternet,RT @Elisaa_Martinez: Happy birthday cotton picker lol @1NOnlyDirtyMike,0.0072,0
ABCauto,okc nigguh,0.6706,1
EnoughTrumpSpam,RT @Peteypab620: Eddy and teezy get no pussy so I don't know why they always talking about that shit. They've never taken anyone's girl eit&#8230;,0.9479,1
TIMESINDIAauto,"I love this bitch , he's dear to my heart.",0.8598,1
TJTauto,RT @YoungRecklesss_: Ain't no money or no hoe in the world can spoil it &#128175; #MyBrothersKeeper,0.1525,0
BANGKOKPOSTauto,"RT @decider: #2 on the field, #1 in our hearts! What if @Yankees star Derek Jeter starred in ""Back to School?"" http://t.co/nSZ6xGjkLV #yank&#8230;",0.0011,0
TJTauto,RT @LiamGeraldShone: @vernon1488 @AranNicolWHUFC @DSaend get fucked you racist inbred hillbilly fuck,0.9987,1
SCMPauto,where my scene hoes at?,0.0035,0
The_Donald,@CallNeeshCakey pop wop and drop it tho,0.1148,0
DonaldTrumpWhiteHouse,"Parodies of Jihadi songs - more effective than asinine ""Muslims should condemn"" http://t.co/M6cNV3YsmV #HumorIsAWeapon",0.0122,0
europe,RT @k_ree2: &#8220;@Trentdamanz: These hoes are loyal&#8221; plot twist,0.0213,0
politics,@SimonCowell what a little bitch,0.9932,1
india,"RT @rappersaid: When Tupac said ""I ain't a killer but don't push me, revenge is the sweetest joy next to getting pussy."" http://t.co/wL3mtG&#8230;",0.6724,1
WAPOauto,I guess niccas think if they owe you money for so long you'll forget! &#128530;&#128530;,0.0206,0
NBCauto,RT @josephdburns34: Damn girl u is a straight hoe!&#128514;&#128514;&#128514;,0.9323,1
movies,Tires fly when I mash the gas... My motor hot and these hoes fast,0.0522,0
news,I be joked out at half the broads on here that brag about how good they pussy/head game is...,0.8319,1
VANGUARDauto,Every Psychology class has that annoying cunt who relates everything to herself just bc she has ADD and her parents got divorced #NoOneCares,0.4911,0
SDauto,Apaches' 30 MM rounds turn Jihadis into tomato soup @MarkRothschild1 @Rockprincess818 @NoFear3136 @Lanna70115,0.0401,0
MBauto,man kills mother of 2 after she reveals she's hiv positive after having sex...that bitch deserved it,0.9981,1
Futurology,@c_drew_ I'm guessing so. The players are talking trash.,0.8016,1
GUARDIANauto,RT @UFlorida: @GatorZoneFB It's a bird...It's a plane...It's Jake McGee! http://t.co/WVdLScoDvw,0.0048,0
RedditSample,"""You can take someone out of the ghetto, but you can't take the ghetto out of them.""",0.1982,0
BBCauto,@KILLQuana choke on something hoe,0.8673,1
europe,@ZachFulton72 they got some cold white hoes in Knoxville tho don't they? right there on the strip? Boaaa,0.3239,0
CBSauto,@GorgeousCamry_ fight or nah dumb bitch &#128530;,0.9325,1
MBauto,RT @Guinness_RAS: @chelsea_elisa tell him that you chose (A) not to trash the environment while trying to save it like a hypocritical douc&#8230;,0.0939,0
WAPOauto,I just whipped up these #homemade #pickled #eggs while home being a cripple... Made with #garlic&#8230; http://t.co/0xKFnW3luF,0.0629,0
unitedkingdom,RT @Bargamentoo: When you realize you sent the message to your wife instead of your side hoe http://t.co/Ef3OkLdrOg,0.2921,0
BBCauto,R&amp;B is so trash now compared to early 2000's.,0.2842,0
nottheonion,John Kerry.... the SELLOUT: http://t.co/SFIRSvDy #neverforget how this pussy screwed our troops in Vietnam. Now he's rewarded. Disgusting.,0.9362,1
MBauto,"&#8220;@WORSTRAPLYRlCS: http://t.co/hE19TIfqFX&#8221;

How is this trash...",0.7387,1
europe,RT @WhiteBoyCeezy: these hoes too familiar,0.243,0
CBSauto,Niggas cheat on they bitch and don't expect no pay back WHATSOEVER. Yall just as naive as these bitches.,0.9973,1
IOLauto,"RT @JewJitsuGrl: @AdmiralAckbar3 @00_jackie @Darknight420 @allahthefairy &#128073; @TayyibN &#128072;
Tiny Jihadi http://t.co/PDIKbrvCJ8",0.0172,0
AutoNewspaper,@MmmPrexton lol ive gotten into with retards on here who actually think i am my avi -_-' ive gotten called ugly black bitch. like......,0.9751,1
SMHauto,When you told ya Homie she was a hoe but he still wifed it &#8220;@Lurk_God: Caption this http://t.co/rgbqEsSSHA&#8221;,0.1126,0
DonaldTrumpWhiteHouse,That pussy sooo good &#128524;&#128149;,0.9793,1
VANGUARDauto,"@pubsubs @Adessences @tzanchan86 btw, genocide isn't war. The people of Gaza are no more combatants than the people of the Warsaw ghetto.",0.0352,0
TORONTOSTARauto,Did the Italian bird just call Janet a calzone? #UNCLEtweet,0.0018,0
GUARDIANauto,He got a cousin named jason that rock da Gary Payton....now da same triflin' bitches an HIV patient,0.9388,1
WAPOauto,Why everybody so hype to see these famous people naked y'all hoes just alike they just got money &#128557;,0.2275,0
canada,RT @ImHis_Treasure: For the last few weeks my name been cripple &#128555;&#9855;&#65039;,0.0063,0
CBSauto,"Tolerance? What, in sharpening knives? 200+ years Jihadis have been a pain in our a$$. @GermanShepher10 @crookedwren @allahpundit @JammieWF",0.4678,0
GUARDIANauto,Chris bosh made danny green his bitch last night,0.9603,1
SMHauto,If Dj Khaled eats Nicki Minaj's pussy he finna taste everyone in the rap industry,0.9221,1
WAPOauto,Boosie ran this hoe,0.4836,0
movies,"RT @macktology101: ""Hehe"" hoe quotes",0.0009,0
GUARDIANauto,"Living with my bitches, hashtag live http://t.co/9jKAYWGeVZ",0.9664,1
ABCauto,"@thelovemaster ""I'm gonna nip you right in the bud!""",0.2672,0
HTauto,RT @EmilyWCVB: RIGHT NOW: NewsCenter 5 projecting Charlie Baker will be Gov-elect by a razor thin margin http://t.co/1qC9q6P1cL #wcvb,0.0007,0
BANGKOKPOSTauto,"RT @AliyahKorea: #Whiteculture thinking weave is ""ratchet"" and ""ghetto"" while ""extensions"" are perfectly fine.",0.0099,0
willis7737_news,@ThatSlutAdrian bring bitches,0.9927,1
CHINADAILYauto,"I don't feel like all black people are niggers but if you're black and you're being a nigger, imma tell you, idc",0.9885,1
Techfeed,almightydavehunna's photo http://t.co/QFK2jhStc4 haha bitch ass Shmedium hit that hoe with that caption &#128557;&#128514;,0.9805,1
Techfeed,"@rickahyatt @donaldbroom @Poysti 
That bastard Obama is giving them to the f-ing wetbacks.",0.9713,1
willis7737_news,RT @JesusMVela: &#8220;@Enriquuee_: @JesusMVela @wigga32 fucking pussy that's why&#8221; exactly. Let me @ the nigga @RyanMattheww7 were talking about &#8230;,0.994,1
Conservative,#FireCashman Why?? Because I am having to root for the Royals in October. #Yankees,0.001,0
worldnews,RT @JAYREIDOFFICIAL: Jus know ...S/O to my nicca @im_yung_jay #BKent #MME1636 http://t.co/3XInzjnm2u,0.0035,0
FOXauto,Made it to the World Series. Ned Yost out here fucking everybody bitch on the low.,0.997,1
Raytheon,"RT @xo_FCK_LOVE: ""@HelloBrooklynn_: Not sparing no hoes&#128514; http://t.co/q3fskcY6L2"" &#128175;",0.0407,0
SDauto,@deno_5 @kaitlyninst0ne you're reading you coon,0.0526,0
SCMPauto,"cleaned all the bird nests out of the downspouts and ready for more rain, the baby birds are out now. respect the birds.....and bees (:",0.0006,0
VANGUARDauto,@kim92493 @_NikeCaptain_ @Tae_Rhodes I was implying you we're the bro &amp; them two aint nothin but lil hoes..c'mon now I or you Kim,0.3406,0
GUARDIANauto,@NoMeek_JustMilz If they trash in yr 3 or 4 he'll waive it lol,0.4679,0
MBauto,&#8220;@victoriag3618: So that history test made me its bitch &#128514;&#128542;&#8221; haha,0.8809,1
BBCauto,RT @Traptized: When all yo hoes hit you up at da same time.. http://t.co/VjXacSAfXT,0.2203,0
worldnews,Cheeky thoughts as the rooster crows.,0.0161,0
SkydTech,Watch out #ned! #crc #worldcup2014 #puravida http://t.co/DcAgrh4SLE,0.0184,0
TheNewsFeed,"@DetroitChe bitches be like.. ""it means something to me""",0.9318,1
SLTRIBauto,"RT @yunglust: @WeakndMLG @hannahtherapper she a hoe year-round, yeezy taught me",0.1584,0
TheColorIsOrange,Ha.. yous a lonely hoe,0.8917,1
worldnewshub,"RT @nikejap: Bae: go talk to your other hoes
Me: http://t.co/WjFjmsf8aV",0.07,0
politics,Pretend assholes callin the women bitches when they know they love em lol..,0.9939,1
TJTauto,I was told never fold &amp; never sell my sole,0.0021,0
FOXauto,RT @FreeTopher: Fuck bitches...Get money,0.9977,1
TORONTOSTARauto,RT @BlackNerdJade: RT @Parkour_Lewis: *Last 5 hours RT @the_blueprint the last hour and a half of work trash just for existing.,0.1056,0
canada,@BabyxShad hoes twerking heavy to that,0.1312,0
The_Donald,Did the Italian bird just call Janet a calzone? #UNCLEtweet,0.0018,0
TIMESINDIAauto,"RT @mckinley719: ""@wizkhalifa: Pretty bitches rep Taylor Gang"" #Hollah lmfaoo",0.8648,1
worldnewshub,Oriental rugs cause I'm flyer than a dove.,0.0035,0
NYPOSTauto,@Lvl_7_Eevee @UnicornCowboy @hisorraya I just wanted brownies man,0.0028,0
RedditSample,Game 126 Preview: Houston #Astros at New York #Yankees http://t.co/sVg7dIIcZG,0.0007,0
india,RT @TheTumblrPosts: This is why Charlie Sheen is an idol http://t.co/6ovXRtTxtN,0.0087,0
VANGUARDauto,I hate pumpkin flavored items you other white bitches are crazy they're nasty &#128567;,0.9853,1
MBauto,anybody remember that movie Thumbelina? I didn't noticed how flamin' the bird was until now,0.0008,0
TheColorIsBlue,Magellan? You suck at trash talk. @physguy2 @submix8c,0.9836,1
ABCauto,spoiled fucking bitches who get whatever they want need to step off and re-evaluate their lives,0.9981,1
TheColorIsOrange,"I'm Camera Shy, Don't Talk on Phones and Love when it rain.....If youn kno the life you wouldn't understand",0.0216,0
TIMESINDIAauto,RT @Coop_oz: I'm Tryna be like steez &#128175; bro got dem hoes rir,0.0704,0
conspiracy,RT @A_single_bear: I accidentally ate a few fireflies last night while chewing some leaves I found. The shameful yellow glow of my mouth wa&#8230;,0.0197,0
TheColorIsOrange,RT @JusGuapo: These hoes lying and olivia will get to the bottom of it. #ScandaI http://t.co/sUZI8LOAoe,0.1638,0
TIMESINDIAauto,@Anotherpotheadd lucky monkey,0.8431,1
WAPOauto,@OTG_Kapo thats what i call it too !! Lol its beyond ghetto smh but man u needa quit playin and come back,0.2944,0
WAPOauto,RT @MyJim_AintSlim: Chris Brown reached maximum level of Icy with this hoe. http://t.co/SAhGE1wGaS,0.0042,0
GUARDIANauto,&#8220;@theHIGHESTpeak_: If you got netflix watch fresh that hoe live&#8221; from now on my name is Chuck E I'm not chuckie no more &#128514;&#128514;&#128514;,0.0125,0
india,That's my young ho I don't want nuthin old but her bank roll,0.1782,0
IRISHTIMESauto,@bigshaadswerver @Alejandro_Bihhh I haven't seen that hoe,0.0583,0
TJTauto,"Jessie Andrews has the best ""girl on girl"" scenes in porn. LOVE the way she makes bitches cum.",0.9831,1
newsbotbot,"RT @SwiperTheFaux: ""Ayo take this pic for me fam""

""Hell yea....the hoes gone like that one"" http://t.co/FBZ29aNAVh",0.3355,0
nottheonion,@jesstoth we could get matching burner phones and be ghetto fab for a few months,0.369,0
TheColorIsOrange,Whoooooaaa no chill savage &#8220;@CantBeLocal: Here monkey monkey http://t.co/wmZ8s3j6iG&#8221;,0.3377,0
Futurology,@brianholmes2700 god doesn't send retards to hell,0.8968,1
HTauto,"@haylgroot ......bitch &#128530; yeah it was me.. Caught me red handed, sorry @jennholly",0.8805,1
EnoughTrumpSpam,I ain't a killer but don't push me. Revenge is like the sweetest joy next to getting pussy,0.9667,1
INDEPENDENTauto,This my dog telling me he is done playing frisbee for now.. lazy mutt http://t.co/l4AocjczsH,0.4165,0
IRISHTIMESauto,RT @zLuketheDuke: @TonyJRodriguez just a bunch of rednecks hammered for three straight days,0.1904,0
conspiracy,RT @PzFeed: Diplomatic trolling: Russian embassy mocks NATO's satellite pictures http://t.co/xklXbYxZbG,0.0009,0
TETauto,RT @Papi_Chulo25: The fact that all y'all hoes gettin pregnant wit no ring on ya finger &#128514;&#128514;&#128514;&#128514;&#128514;&#128514;,0.3846,0
CBSauto,An awesome Friday. Not a day for pre-weekend news-dumps anymore. Another weekend to celebrate progress my fellow queer folk!,0.1356,0
newsbotbot,"""For every bad bitch there is a nigga tired of fucking her""",0.9981,1
EnoughTrumpSpam,&#8220;@_SickWitIT: Wish tonight was purge so I can get to hunting&#8221; Shut yo hoe ass up,0.9935,1
india,"RT @MonroeDOLL_: Who got time to be ""having dem hoes""!? That's aint wassup no more",0.1746,0
RedditSample,For all we know this nigga a rapist. Y'all hoes dumb &#8220;@daniellathepimp: *melts* http://t.co/RRROzn5bdy&#8221;,0.952,1
The_Donald,Epic mickey time? Nahh.. Two and a half men while i shiver. Tht sounds more like it.,0.0009,0
india,you a hoe nigga forreal,0.9791,1
WAEXauto,"So you don't want to see the true life story of American heroes, Bizzy, Lazy, Krayzie &amp; Wish... you wanna watch hillbillies shoot pumpkins",0.3412,0
ukpolitics,"#VinitaHegwood can get a job at the naacp. Or as The AG. I hear they like ""diversity and tolerance"". As long as you ain't a cracker #tcot",0.1629,0
GUARDIANauto,"' She herd I was a dope boy , I herd she was a gold digger &#1043359; , all I know is she a real bitch , so I fuck her like a real niggah .",0.9967,1
EcoInternet,What would yall do?.....I would act like one of them nd act like we lookin for the same bitch lmao http://t.co/7d0JeAmUvf,0.8691,1
EnoughTrumpSpam,RT @TalibKweli: Do you want to hear the truth or are you only looking to hear what makes you feel all warm and fuzzy inside? I choose truth&#8230;,0.0009,0
TJTauto,"#hoosier fans, is cody zeller nominating for this years #NBA draft? #iubb",0.0012,0
SDauto,@hxhsharingan666 did you make an animal cracker taco,0.0491,0
india,Look bitch .. Go and suck a dick I'm a real street nicca I ain't wit Dat sucka shit!!,0.9982,1
HTauto,Yankees should have NEVER gave away Melky. Guy can flat out HIT. #yankees #giants,0.0164,0
europe,RT @_iChrisP: &#8220;@Shane_A1: swear me n zee da only niccas who aint got da update yet&#8221;&lt;I'm right there wit cha bruh,0.0127,0
NBCauto,"I hate when hoes tweet about ""hoes""...? Okay, that aint hypocritical",0.6185,1
FOXauto,RT @HighSchoolSuckz: i am that horrible friend who reads your text then puts the phone down to do something and forgets to reply until 4 ho&#8230;,0.0062,0
DonaldTrumpWhiteHouse,"""captain save a hoe"" is the most annoying phrase",0.4406,0
GUARDIANauto,"RT @elchavaloko: I still laugh at maniac being scared of needles,i bet he was crying like a bitch when he got his gay ass tat",0.9866,1
Futurology,Can't beat a score of 12 on flappy bird #givingup,0.0011,0
Conservative,Just posted a photo @ Yankee Stadium http://t.co/yFLU32Xh,0.0007,0
TheColorIsBlue,"@iowahawkblog I also recommend 6pack of shiner Bock and 12 hours of brisket duty at ""the pit"" feeding oak coals &#128521;",0.0006,0
politics,Shut up bitch swallow,0.9977,1
The_Donald,So am I the only cracker up playing his guitar (thank you @Tampa_Rick ) on this Saturday night?,0.0036,0
DonaldTrumpWhiteHouse,Charlie Jacobs got confused about the ice bucket challenge and instead dumped a bucket of diamonds on his head.,0.0036,0
NDTVauto,Already more yellows than the last 2 years combined #IndyCar #Honda200,0.0011,0
Techfeed,Jihadis Turn Washington National Cathedral Into Mosque For Friday Prayers http://t.co/4AHp4t86bP #lnyhbt #ccot #teaparty #gop #tgdn,0.004,0
willis7737_news,I see a real nicca when I look in the mirror,0.0015,0
NBCauto,Free lil cj bitch the wait is over ! #december8th,0.9514,1
Conservative,Ugh I'm such a little bitch &#128514;,0.9789,1
ABCauto,i was pulling for the #redskins in that one,0.0037,0
willis7737_news,"@whits_20 Good read -&gt; RT @WIRED: Why your cat thinks you're a huge, unpredictable ape http://t.co/nzA3zUwugp http://t.co/P8F8Gmkufy",0.1161,0
FOXauto,@JjLoveUp tranny,0.0158,0
NDTVauto,"I know I'm a hillbilly, but is there anything better than a big pot of beans and cornbread? Little hot sauce on top.",0.0011,0
TIMESINDIAauto,&#128563;Oh this bitch Midy must be crazy http://t.co/75LWvtD4oJ,0.9932,1
SLTRIBauto,"Fuck fleeto like, id cut you cunts up :/",0.9984,1
TJTauto,"Can I have a bad bitch without no flaws?
Come to meet me without no drawers?",0.9749,1
RedditSample,"McCann, although not having the greatest of seasons, would be a step up from Russel Martin. McCann or Carlos Ruiz #MLB #Yankees",0.0007,0
EnoughTrumpSpam,@CoolStoryIsaac thisty hoe,0.2059,0
india,never have I seen a toddler chug a water bottle so fast lol,0.1537,0
DonaldTrumpWhiteHouse,RT @TeamGladney: Did the Yankees make the playoffs and properly honor Jeter? RT @80sbaby4life: Orioles win?,0.0009,0
Techfeed,@ALaQuannD what you laughing at hoe,0.0768,0
TIMESINDIAauto,"@dish_answers 
Ok. I guess you ain't colored so so don't know da channels?",0.0013,0
DonaldTrumpWhiteHouse,Johnny Manziel just flipped somebody the bird...,0.001,0
ukpolitics,"Or ""don't vote for the cripple"" amirite? bigot MT @DawnnaDukes: Vote #VoteWendyDavis for Governor of Texas. http://t.co/LnAeW8CCoD",0.0346,0
unitedkingdom,Wait did @kidfivevibes take my brownies??,0.0079,0
NBCauto,So yall hoes still surfboard'n in the tub or nah?,0.034,0
TheColorIsBlue,Early morning beer as a reward for waking up and taking the trash out,0.2534,0
SMHauto,All I ever want is for someone to love me as deeply and devotedly as Charlie Kelly loves the waitress.,0.0009,0
FRANCE24auto,"I like being teased, dont give me the pussy too fast",0.986,1
SkydTech,"""@iAMPickUpLines: You can call me Fireman cause I turn the hoes on.""",0.1779,0
SLTRIBauto,@ACMobbDeep @madsbennett yeah I run over squirrels and coons,0.0396,0
TORONTOSTARauto,"E250 5.4 motor and tranny

I have a 2008 5.4 triton motor and Transmission with 5,200 miles that came off a E250... http://t.co/d5gic83k0V",0.001,0
Techfeed,Monkey see monkey do really Abu,0.4893,0
Futurology,RT @KillAllSimps: That's logic for a hoe RT @_flowaaabomb: If you single nobody can tell you what to do right? Right?,0.0746,0
EcoInternet,I'm known around Tampa as the ugly kid with no hoes,0.3542,0
Techfeed,RT @GuruJeremy: Women think they are angels. So they be in denial about their own hoe actions. Don't fall into their facade. See past the b&#8230;,0.1183,0
DonaldTrumpWhiteHouse,No. A dog like that needs bitches and he ain't ever gonna get bitches with that on him &#128530;&#128548;,0.9651,1
Techfeed,Cause you know.. Y'all hoes play entirely too much.,0.3234,0
unitedkingdom,"""@gurl_Im_Angie: @ItsKiaraaaa @WestYourMajesty I'm not even shy stfu"" kikis mom: Hi angelique 
Angelique: Smiles *Dips cracker in soup*",0.2249,0
TORONTOSTARauto,&#8220;@odlew11: Who clothes in the dryer? I'm tryna dry my clothes&#8221;throw them hoes out,0.1508,0
SDauto,"@Morning_Joe If NBC has elected you to be a spokesman for NBC they are in a lot of trouble. I and friends will no longer watch NBC trash

1",0.0142,0
MBauto,Think it's okay to take my property and break it? Fuck you bitch,0.998,1
Techfeed,For all you hoes know I could be DJ Zetti,0.2491,0
TheColorIsBlue,"RT @vodkapapixo: ""@Weed_Cloudz: ""6 God"" by Drake is trash"" thank you",0.5094,1
Conservative,"""@MotherJones: 10 birds your grandkids may never see, thanks to climate change http://t.co/XqmXHkAsWt http://t.co/RbITeGRnhm"" #Climate",0.0043,0
news,@LilBTheBiggsGod @Abbey_Kirkland two birds with one stone Biggs.,0.0201,0
TheColorIsBlue,Those my v necks now ho,0.0805,0
SLTRIBauto,My pussy popz Severely https://t.co/sOAH0Z1jUv,0.9765,1
EcoInternet,#NowPlaying : Ian Hunter - Once Bitten Twice Shy on #1069TheArrow - http://t.co/R5wuXA9jB6,0.001,0
VANGUARDauto,"ask for my number he a lame I'm like cuh, mobbin with my bitches turn down for what",0.9547,1
movies,"RT @iv9801: Charlie Sheen engaged to porn star http://t.co/THMYpFexic
Mens #Health Tips Sex Toy http://t.co/Hxmlrj1w6m The Adult Toys #KISS&#8230;",0.3808,0
UMukhasimAutoNews,"Montana, Wisconsin, Maine, New Hampshire, North AND South Dakota, Wyoming. All places you can move an ex-hoe to and be happy.",0.003,0
The_Donald,RT @Sexualgif: when u go through bae's phone &amp; there's no hoes on there http://t.co/CYEJV5l608,0.0703,0
ukpolitics,"@ProtectYourNet I know right? But here I am wasting time thinking '1more hr till I start the day...' 
I'm retarded! &#128541;",0.1314,0
news,RT @Chayeezy: When a bitch got you fucked up but you devoted your life to the Lord so you gotta stand there like you aint mad http://t.co/7&#8230;,0.9963,1
Techfeed,"@jacquibreed ok, I'll sink to your level... you're a special kind of bitch aren't you? @conserv_tribune",0.9604,1
VANGUARDauto,@ABC its time. amend 14th amendment it was written to protect newly freed ex slaves. Its lived its purpose. time to end anchor baby loophole,0.0063,0
HTauto,yes good shapely eurotrash manbooty,0.0289,0
politics,@charliesheen Charlie PLEASE STOP. from 1 ole fart 2 another...,0.1929,0
NYPOSTauto,Friendly advice to western reporters in Kobane: don't advertise your location. Jihadis are tracking u &amp; consider u a high-prize target #ISIS,0.007,0
mobilityreport,RT @iLikeWGW: retweet for big booty bitches,0.9895,1
technology,Me n niccas ya type Neva exchange #'s .. Wanna talk down n still gain from us!,0.0171,0
SMHauto,RT @Cosabandonada: Parque de atracciones abandonado en Jap&#243;n. http://t.co/dn0JIid4f4,0.0011,0
VANGUARDauto,I really wish I owned a rocket launcher to use on every retard driving in front of me today #roadrage,0.4746,0
CHINADAILYauto,RT @RussBrandon: Thanks to Mr Wilson for passing along this tremendous responsibility. My sole focus is to empower our leadership to bui ...,0.0006,0
The_Donald,RT @lilduval: Most of worried about looking like a hoe. Gon regret it when u get older. Cuz u missing out on a lot of fun,0.2963,0
movies,yes good shapely eurotrash manbooty,0.0289,0
TheColorIsBlue,Jihadis seem to be more upset over the location of the Jedah conference in #Saudi than its purpose #ISIS,0.0015,0
india,Ronny kamm is a pussy,0.9799,1
news,I let all of em go...&#128586; RT @Peachpapayya: If u got two hoes u need to let one go,0.0342,0
SDauto,@StephyRae7 LMAO. Let's hangout this weekend hoe,0.0787,0
SMHauto,@Z_M_G_ thirsty hoes &#128129;,0.004,0
EcoInternet,@AbstractLife man too much damn giggling was going. He was offering $40 tips and shit. Lol think I even heard the bitch spit a couple times,0.961,1
MBauto,Did la mulatta just refer to herself as a darkie? @thejournalista @huny @gwarbucks @tygress,0.0158,0
The_Donald,But I'm calling this bitch yeah ok after you called me I return calls especially if it ain't my girl&#8230; http://t.co/6sSxOpuHge,0.9099,1
CBSauto,@TheREALJB1RD Now beaners drive em.,0.164,0
BANGKOKPOSTauto,"Calling out teabaggers, conservatives on their BS: http://t.co/l8Qx8RMjrG via @YouTube",0.1547,0
BANGKOKPOSTauto,"dont trust a hoe
never trust a hoe",0.4332,0
TJTauto,&#8220;@JasminePhillies: wulf bitch http://t.co/foejLgirAd&#8221; thank you&#128079;&#128079;&#128079;&#128079; http://t.co/daHQZU040n,0.7773,1
NYPOSTauto,"@Black_Angelo25 chill cuz you'll regret it bro, your hitting that hoe rn why quit?",0.0878,0
TORONTOSTARauto,Floppy bird chalmers over here taking after his hero LeBron,0.0007,0
europe,"As I tweeted before any man telling me to go to the kitchen this season could tell his mom that, father probably wouldn't of left..bitch",0.9464,1
TORONTOSTARauto,Yeah hoe. http://t.co/qZXi0IuFCf,0.0296,0
IOLauto,RT @BamberDelver: Lees hoe een gepeste jongen zich probeert te verdedigen. Ingezonden brief Volkskrant. #pesten @AcademieMm http://t.co/aoD&#8230;,0.0105,0
unitedkingdom,Friendly advice to western reporters in Kobane: don't advertise your location. Jihadis are tracking u &amp; consider u a high-prize target #ISIS,0.007,0
BANGKOKPOSTauto,Juss got this hoe. Free so why not? Lop :p http://t.co/TR8b5D7U,0.0875,0
IRISHTIMESauto,Who would've known that Jesus'll come back to the ghetto / on that level and that thorough like a black heroine.,0.4826,0
GUARDIANauto,when ya name gain weight ya ex bitches cant let go,0.9778,1
unitedkingdom,"@RottenStench 
Tanks a lot dare mr. Pubes. I love my Uncle Tom :)",0.0335,0
TETauto,"Och hoe wonderbaarlijk dat Jan het alweer met n Marokkaanse BNer aan de stok heeft. Na Fatima, Lamyea, Tofik, nu ook Abdelka te min gevonden",0.3142,0
conspiracy,RT @Joan_Rivers: Charlie Sheen will star in a new sitcom as an anger management therapist. So what's next? Casey Anthony as the owner of ...,0.0013,0
CHINADAILYauto,"RT @D_Sidbury_: &#8220;@lookwhogotit: All of Kate Upton's leaked nudes today &amp; more &#128525;

&#11015;&#65039;
http://t.co/BW7ldA56mI http://t.co/sWztntfdG",0.4897,0
INDEPENDENTauto,RT @YepillPosts: If I had a dollar for every time I died on flappy bird http://t.co/pj8QSBTe2L,0.0036,0
mobilityreport,"Still really confused re #humplayproblems i think lucricus
Is a fag dagger",0.6355,1
WAEXauto,Jameis tweet RT @MrCOOK_ Fuck her right in the pussy,0.9968,1
EcoInternet,"@VNNForum These Marxist kikes promoted Anti-Semitism by creating this film, what was their incentive? They just promote their enemies.",0.1408,0
CHICAGOSUNauto,If she a hoe on social media she a hoe in real life too,0.318,0
conspiracy,@MorbidMermaid do you work today niglet?,0.1738,0
newsbotbot,"cut up porkchop, canned pinto beans, a small can of carrots, can of corn, celery, a potato. cayenne powder + crushed red pepper",0.0103,0
CBSauto,RT @ThePoke: This crow in Aberdeen just won at photobombing (pic by Steve Black] - via @DailyMirror http://t.co/qDcLxyjOCt,0.0013,0
BANGKOKPOSTauto,RT @mlbtraderumors: Offseason Outlook: New York&#160;Yankees http://t.co/6DtDxdI6ul,0.0008,0
india,What's worse than #Ebola ? The F-ing retards trying to make it a race issue. Al Sharpton has caused more American death than ebola.,0.8148,1
UMukhasimAutoNews,RT @jjauthor: US ghettos-driven by liberal ideology; forged by unions &amp; bankrupted by self-serving Dems catering 2parasites! #tcot http://t&#8230;,0.0059,0
politics,@AutyAut_ I miss you!!! *Eating as we speak* I miss you red bone and that cooking &#128553;&#128553;&#128553;&#128525;&#128525;&#128525;&#128542;!!,0.0766,0
technology,"My son is 9 and still has issues tying his shoes because he's barefoot all the time, in case you wanted to know my hillbilly status.",0.0278,0
SMHauto,After a fight in the club in New Orleans them bitches start jumping,0.9388,1
WAPOauto,I'm thankful for dem big booty hoes doe #realtalk,0.0385,0
worldnews,Just stopped by the line up room @BeaLack still look like a doo wop singer.,0.004,0
TELEGRAPHauto,Oomf got hella hoes &#128586;,0.003,0
NYPOSTauto,#HappyColumbusDay !!!! If is wasn't for #America.................#KarlMarx would never have thought of sharing #colonialism with #injuns !!!,0.1411,0
NDTVauto,Whenever I came to school fresh I took hella bathroom breaks just so the hoes could check me out &#128514;,0.0375,0
CHINADAILYauto,Hey @Yankees fans is this a good score ? #lookingformore http://t.co/HLQAl7cIGf,0.0013,0
CBSauto,Hell yeah that bitch gon' go ham,0.995,1
Raytheon,@B_McC10ud that's meant toward my dads gf shes a bitch dude,0.9845,1
TORONTOSTARauto,I don't own any #Onslaught on #Vinyl I may have to get one now. Their new Lp is available in army green coloured vinyl,0.0007,0
SMHauto,RT @CraziestSex: Sucking dick &amp; eating pussy is apart of sex. If you think it's nasty then maybe your ass is too YOUNG to be fucking in the&#8230;,0.9984,1
RedditSample,There's someone riding around the Robinson Walmart in a lawn mower. With ghetto headlights added. #reallife,0.0026,0
newsbotbot,goodnight you stuck up twats for not laughing at my tweets,0.3545,0
FOXauto,Alcohol....drunk hoe &#171;@Mr__Rude i miss...&#187;,0.3211,0
TIMESINDIAauto,I look like a dusty bird today..,0.0006,0
unitedkingdom,"RT @murrman5: you up, Charlie Brown?",0.0029,0
CHICAGOSUNauto,My neighbors be sick when i wake um up to all this nigger music ctfu,0.9869,1
SLTRIBauto,"@ryanhoover like we all never gave the camera ""the bird"".",0.0015,0
RedditSample,"RT @ArcticFox2016: 150 Christians MASSACRED By Jihadi Muslims While They Slept! Including Pastor, His Wife &amp; Kids http://t.co/VnR60MjFo6",0.1046,0
Techfeed,@akaREKT @LadyVodkax in with the go to air out with the bad air and where's my next brownie,0.0163,0
GUARDIANauto,@Abels_Masochist you're not ghetto tho. You can live in the hood and not be ghetto #facts,0.7542,1
BANGKOKPOSTauto,@yobritttany wagon burner! Jk jk you did look pretty Latino here,0.4377,0
SMHauto,We delivering bitch!!!!,0.9977,1
FOXauto,"@iLikeGirlsDaily ""rate my hoe"" @MakeItKNasty",0.1263,0
ABCauto,Man talk to em RT @StraightCash08: Of course nothing is wrong with applebee&#8217;s if you like trash food.,0.1266,0
EnoughTrumpSpam,&#8220;@Tyga: That ain't my hoe.&#8221;,0.07,0
EnoughTrumpSpam,Ive got the best friends a functioning retard could have.,0.8472,1
EnoughTrumpSpam,RT @Kush_Dace: S/O to them side hos that know they the side hos we need more of ya!,0.1526,0
TETauto,@THEdrewm3 bitch smd,0.9943,1
NYPOSTauto,RT @Coop_oz: I'm Tryna be like steez &#128175; bro got dem hoes rir,0.0704,0
The_Donald,Stupid and ain't got hoes #ShmediumProblems,0.982,1
RedditSample,"RT @LorenaSGonzalez: I am a California State Assemblywoman, but remain a proud @Teamsters #unionmember -- celebrating #LaborDay weekend ho&#8230;",0.0007,0
TheColorIsOrange,You a hoe and errbody know,0.3244,0
TheNewsFeed,"@KellenDaniel along with the French blue and Buggs bunny VIIs, and the Oreo IVs. @LaJethroJenkins",0.0025,0
TORONTOSTARauto,"""@KingHendo95: @VonDreaam naw it's my old tape. new cover . my upcoming mixtape is #KingOfTheHill"" Yeah I'm waiting on that hoe Mayne!",0.0247,0
AutoNewspaper,"RT @King_Lonnie_19: ""@TaeCocky: Rihanna is a talented hoe"" http://t.co/uL4ePHA2qy",0.0099,0
WAEXauto,@CiscoAllDay and btw don't ever bring up past hoes wit yo ol lady I took that L in HS tryna be semi honest smh,0.2957,0
unitedkingdom,RT @W0lfHaleighh: @kyle_leavitt96 @meowmariss bye bitch,0.9836,1
worldnewshub,@GrizzboAdams @wyattnuckels bitch I make the plans not you pussy fart I'm in charge follow me or deny me I'm doin Friday and were fighting!!,0.9922,1
IRISHTIMESauto,"RT @AishaMoodMills: Fox News mocks victim of Ray Rice elevator assault: &#8216;I think the message is, take the stairs&#8217; http://t.co/6TKLgUP2Wh ht&#8230;",0.0018,0
TJTauto,"Sitting alone watching White Chicks, no pants, fuzzy blankets, tea || turn up",0.0019,0
ukpolitics,RT @fabulousanimals: A monkey with a mustache by Thomas Kienzle http://t.co/J5PA2BoU23,0.0545,0
BBCauto,"RT @yungturd: miley cyrus, macklemore &amp; adam levine all got together n were like ""lets gets the most retarded fucking hair cuts ever""",0.9902,1
WAPOauto,"Can someone please explain to me, Why are the birds so angry &amp; destroying pigs' homes?",0.1764,0
politics,A squad of dyke cholas fear nobody. They worse than the cartel,0.2921,0
newsbotbot,#PDPLive is on November 10th. Get your early bird tickets from http://t.co/7xcL4Kyiuv @LifeOfShan http://t.co/ZcnP1ljoOW,0.0009,0
AutoNewspaper,RT @BigMac6374: I don't like the weather right now it's scaring me lol why is it yellow?,0.0076,0
RedditSample,Yeah okay let's just put a fire cracker in a cow pie and see what happens,0.1295,0
news,"@Danny_Cavanagh....available online soon? I didn't have enough to get it after my Anathema merch. It's a cracker, I need it. Can u.....",0.0305,0
india,I don't fuck with these niggas cause they shady I don't fuck with these bitches all they want is to have my baby,0.9989,1
EnoughTrumpSpam,RT @AC_Hussle: Niggas love cuffing hoes then acting surprised when they turn out to be hoes.,0.9224,1
ukpolitics,"RT @El_Grillo1: In the ME, the crow would eat the bear MT @webradius Obviously not in the ME MT @solemnwatch: Bear Saves Drowning Crow - An&#8230;",0.0013,0
TIMESINDIAauto,&#8220;@zt0mm: Traded in my nikes for a new mic.. I guess it's safe to say he sold soles for his new life ... -bada$$&#8221;,0.0012,0
GUARDIANauto,Happy Easter you dirty sons a bitches! #NFG #WGE #FindTheEggs #EggsAreInHerAss http://t.co/pNQLgWzNd3,0.9972,1
NBCauto,Peace faggots. http://t.co/0i54t117x9,0.8541,1
GUARDIANauto,"@StPaul_Brandon 
She colored not Lebanese",0.001,0
DonaldTrumpWhiteHouse,RT @Cesar_Wtx: Pink nipples are cute but some be looking nasty than a bitch! &#128567;,0.9798,1
MBauto,Like bitch &#128171;,0.9838,1
RedditSample,"My dads side of the family is ghetto af, my moms side if the family all prim and proper. Haha",0.0597,0
TELEGRAPHauto,@SoWavyTee hey Hun!,0.0196,0
The_Donald,always my hoes skinny who are losing money due to therapy bills http://t.co/zu1uoYQF9u,0.4096,0
EcoInternet,@bigshaadswerver @Alejandro_Bihhh I haven't seen that hoe,0.0583,0
Techfeed,"&#8220;@YungEthiopian: "" I got a natural mean face"" ""i be havin mean mugs and ion even be knowin"" bitch shut the fuck up&#8221;right",0.995,1
movies,When this test is over today I'm making a pan of brownies. I'm going to lay in bed all day &amp; eat them until my heart is content. &#128524;,0.0043,0
WAPOauto,"@Victoria_Star1 haha..monkey feet,i like it..but 4 real,feet are magical on a back..it smoothes every nook and cranny of tightness ;}",0.015,0
GUARDIANauto,@_LrAnderson that hoe over that,0.0503,0
IRISHTIMESauto,Reina Yoshii in cock blowing threesome with her hairy pussy teasing&#160;cock http://t.co/dT4vmEPtv4,0.9961,1
HTauto,RT @WorldStarFunny: we don't love these hoes http://t.co/3waEZGCOVI,0.16,0
europe,This is true... RT @Mr_QuenchYaGirl: Charlie Clips the coldest battle rapper doing it. No debating!!!,0.0074,0
The_Donald,"@orchetect Are we doing Mad Libs now? Cool. Uh... 
Twinkie 35' long, DJ Pon3 cameo, Magic&#8482;, Crystal Tree. #TNGSeason4Finale",0.0083,0
NDTVauto,"RT @SweetHunnieLips: Lookie here folks

I'm not a chocolate, thick, natural haired female

Nudes=trash",0.5904,1
DonaldTrumpWhiteHouse,&#8220;@KateFrancesss: a majority of my news feed is people arguing about what it means to be a redneck #vermontproblems&#8221;,0.007,0
india,Dat da bad thing bout being colored. Day bring me in to fight but don't vite me to da victory partay,0.1203,0
TELEGRAPHauto,RT @badgalZolanski: Retweet if ur dick will choke a bitch &#128514;,0.9981,1
HTauto,RT @TittyFlex: Lol I don't need Halloween to dress like a ho. I know myself. Everyday is another opportunity.,0.0219,0
ABCauto,@panchoftf I'm trying to catch diabetes so I'm fuckin a white bitch,0.9977,1
TELEGRAPHauto,"@realmarkhenning lol, We gotta let these hoes know. *pow pow* this aint what they want. &gt;&gt;",0.4812,0
IOLauto,I flipped dat pacc said fucc a bitch n went and did it again,0.9968,1
BANGKOKPOSTauto,"Can't stand the Yankees but Jeter hitting a home run in his final at bat in NYC would be cool. 

Getting beaned would be better!",0.0183,0
EnoughTrumpSpam,@wodaeeex3 hoe yu came at me first tf,0.2007,0
TJTauto,Memorial Weekend early bird wine walk price is still available! We have 21 participating locations http://t.co/bBYoTneeBn,0.0008,0
TheNewsFeed,Wait did @kidfivevibes take my brownies??,0.0079,0
mobilityreport,@artiequitter fuck 'em if they can't take a joke! liberal pussies only think jokes about sarah palin &amp; daughters are funny.,0.9963,1
VANGUARDauto,Porch monkey 4 life #Randell,0.0018,0
TJTauto,"RT @King_Lonnie_19: ""@TaeCocky: Rihanna is a talented hoe"" http://t.co/uL4ePHA2qy",0.0099,0
RedditSample,The Conjuring wasn't trash. It just wasn't as good as Insidious.,0.02,0
The_Donald,@PraviKingDino bitch,0.9964,1
VANGUARDauto,RT @_katrinasalazar: this what most of yall hoes need to admit . https://t.co/SXz6y0HRR0,0.1039,0
RedditSample,Zack still questions my love for Oreos lol,0.0031,0
IRISHTIMESauto,"That dude from Chicago w/ the fuzzy mustache and bangs, Johnny Love, he's whack. #memoriesofidots",0.0148,0
IRISHTIMESauto,Sweet Jesus #morningjoe are you going to split screen Rep James Clyburn &amp; Charlie Daniels at the same time? #morningjoe,0.002,0
TETauto,"RT @breely216: The recommended serving size for brownies is ""all of them.""",0.0009,0
TETauto,"Everybody loves pot brownies, but I bring crystal meth cupcakes to a party, Suddenly I'm the weirdo",0.0237,0
AutoNewspaper,RT @SpongebobMemory: The sash ringing..the trash singing..mash flinging....the flash stringing...ringing....THE HASH SLINGING SLASHER! http&#8230;,0.0827,0
NDTVauto,@OLE_VertyBstard @thereal_EMandM @Holt3 lay in it brother I'm a honky,0.3747,0
NDTVauto,@jerseyzbest74 Aye hoe,0.0642,0
TETauto,"LOL at the Benghazi ""hearings"" that proved nothing other than Republicans only care about taking down PBO. #foxnews #teabaggers",0.0645,0
IRISHTIMESauto,@CallNeeshCakey pop wop and drop it tho,0.1148,0
ukpolitics,"RT @CoIlegefessions: ""My roommate is having sex and I'm eating Oreos. It's gonna be a great year!"" - Kutztown University",0.4544,0
ABCauto,Dumb bitch leave me alone,0.9962,1
newsbotbot,RT @TomBradysEgo: Might have a better chance if we put some trash cans out there.,0.2656,0
MBauto,&#8220;@_BunnyCocaine_: Oomf a hoe hopper &#128514;&#128514;&#128514;&#8221; &#127806;&#128064;&#127806;,0.0085,0
Conservative,"@datachick Humanity really needs to get past this whole ""slow down and stare at the scene of an accident"" ape mentality we have :-/",0.017,0
Raytheon,McDonald's is hella trash to me now,0.7839,1
TheColorIsBlue,International police operation disrupts Shylock banking Trojan - Computerworld: The GuardianInternational poli... http://t.co/zIBNJMIILJ,0.001,0
TELEGRAPHauto,Which one of you hoes then downloaded that JailMail app....,0.0888,0
india,I feel like that niggah Pac these bitches set me up.,0.9915,1
TheNewsFeed,I get more nudes than all you bitches &#128526;,0.9889,1
HTauto,"#MentionADislike hoes thinkin they bad even if they are I will tell her ""bitch calm down u average""",0.9583,1
RedditSample,RT @bubble_wrapMe: These hoes ain loyal,0.2639,0
CBSauto,RT @AnnTelnaes: Halloween candy corn bird http://t.co/kTNbyuTYKw,0.0012,0
TheNewsFeed,@panchoftf red and yellow it should be then,0.004,0
unitedkingdom,@SwagishSternes yea I listen to that hoe when I wake up,0.4845,0
TJTauto,"Correction:
&gt;&gt;&gt;&gt;when the sky is yellow, death is upon us. No. I'm scared",0.081,0
CBSauto,"RT @sky106radio: For lots of great oldies, check out ""Memories and More"", with Yankee Rose, today from 1:00 PM to 4:00 PM Eastern! http://t&#8230;",0.0006,0
SMHauto,"RT @KingUlyssesIV: These bitches aint shit &amp; pussy is my greatest vice
I love smokin weed, i hate advice",0.9966,1
Techfeed,@Cuff_no_Slut cdfu bitch you fried,0.998,1
NYPOSTauto,"RT @tryna_be_famous: Like, when you're a hoe, how do u sleep at night?",0.4328,0
NDTVauto,@Param0nster_ you and me having Twitter bird shaped pancakes that would just be a start,0.0016,0
technology,RT @DreCordero: Always interesting to see people who trash La Liga react to products of La Liga on Premier League clubs.,0.0037,0
TETauto,"Come on Tank, break dem hoes backs!",0.4918,0
CHINADAILYauto,"#RedSox, focus on the #Orioles that knocked you out last year, and not your hatred of the #Yankees for um-teen years! LOL!",0.3114,0
WAEXauto,"RT @Fant4stic63: Can kids say much when their parents pay for everything? RT @Andrea_Michele: If he paying every bill, I can't complain abo&#8230;",0.0018,0
The_Donald,"I luv watching gas monkey, they be havin some classics on there.",0.0023,0
SLTRIBauto,&#8220;@Ashley_J12: Shout out to my momma cuz she didn't raise no hoe! &#128076;&#128079;&#128588;&#8221;,0.2799,0
NBCauto,"Foley Abduction Linked to British Jihadi Kidnapping Ring http://t.co/X6SIP3woXb via @joshrogin, @elilake",0.0007,0
MBauto,@saucygyro she's a dyke &amp; looks like she's 12,0.3833,0
NDTVauto,"""@rhythmixx_: I told Mariam to but cigarettes for her birthday""

You also called me trash rn",0.3147,0
RedditSample,RT @_katrinasalazar: this what most of yall hoes need to admit . https://t.co/SXz6y0HRR0,0.1039,0
BANGKOKPOSTauto,RT @scottiken: It's settled. The Ding Dong is far superior than the Twinkie.,0.001,0
CHINADAILYauto,She sharing her hoe... She know though.. At least I hope she do. LMAO!,0.0466,0
TETauto,"RT @KapreceSun: where my 2 favorite jiggers at? @S_hawn24, @Satisfied_x ? &#128514;&#128514;&#128514; https://t.co/unNm233mFQ",0.0055,0
politics,"Y'all hoes broke, be stealing from the mall but be flexing",0.4827,0
BANGKOKPOSTauto,@team_Darrion night jigaboo http://t.co/vxKCG4yGXF,0.0059,0
TELEGRAPHauto,"Day juan at the Jim, and Im in total bitch mode for hopefully a week. Ty @RealWallieWall",0.7277,1
TheColorIsBlue,&#8220;@CiscoAllDay: @1Bcarter if by marrying her to avoid paying child support is a win then yeah lol&#8221;we don't see the hoes the same &amp; that's ok,0.0049,0
TIMESINDIAauto,Busted my lip playing ball so now I can't enjoy pussy and this delicious MANGO,0.9766,1
AutoNewspaper,Obama's Hellfire missiles tend to vaporize Jihadis @BemetOr8 @PureMonotheist #UniteBlue,0.3625,0
europe,Juss got this hoe. Free so why not? Lop :p http://t.co/TR8b5D7U,0.0875,0
MBauto,RT @wleerpcv: My Chinese social media feed is in total hysteria over the onset of bird flu &amp; recent dead pigs in the river in #Shang ...,0.0195,0
WAEXauto,#NowPlaying : The Doors - The WASP (Texas Radio and the Big Beat) on #1069TheArrow - http://t.co/R5wuXA9jB6,0.0007,0
DonaldTrumpWhiteHouse,Dey gave da wrong nicca money,0.0071,0
SkydTech,&#8220;@zt0mm: Traded in my nikes for a new mic.. I guess it's safe to say he sold soles for his new life ... -bada$$&#8221;,0.0012,0
politics,@frankthetank215 @Jim_McCloskey Fran is a hillbilly Virginia mountain man who has pre-1800s white Anglo-Saxon beliefs #frankensteinMD #kikme,0.0323,0
TORONTOSTARauto,"You workout, tweet, Instagram, tweet, text some hoes, xbox, fall asleep these young boys ain't gotta clue what grinding is",0.4939,0
BANGKOKPOSTauto,@ZayySwanson @_EmaniMilan I'm jus Tryn figure out when all dem niccas was together like dat,0.0125,0
SDauto,"Football the only thing I got! no bae I don't got no hoes, they all come and go!! time to just start focusing on something that's real",0.0294,0
BBCauto,dis Morgan hoe in da middle of erything....,0.0396,0
SLTRIBauto,"RT @MAfreedom: If you dont see the connection between legitimizing the queer lifestyle, and an increase in STD's and sexual deviancy- yo ...",0.259,0
UMukhasimAutoNews,RT @jamiedupree: Vice President Biden &amp; his wife are in Florida today to stump for Democrat Charlie Crist in his bid for Governor,0.0011,0
newsbotbot,#Lingo so A1 niccas be Tryn talk like me,0.0106,0
TheColorIsOrange,RT @netflix: Here's your first look at Charlie Cox as Matt Murdock in #Marvel's @Daredevil on #Netflix #NYCC http://t.co/SIYuCgok8J,0.0008,0
VANGUARDauto,@slayerific13 @daisymcgarr Like I said.. I might have to check but I'm just not sure bird shot counts as getting shot.,0.002,0
conspiracy,we need to pile some hoes in the back of Ross' car,0.2191,0
IOLauto,I don't understand how you can be such a bitch,0.9905,1
HTauto,You're a pussy shut up,0.9971,1
SDauto,GA Charlie @Charlie4927 @sholzbee @DorisTafoya1 @cat_lmbo @Jagauress @Walter_lars @lynnemrnp @AmyMek @Justin_Awe,0.0044,0
unitedkingdom,' Happy birthday to my main niggah right here &#1041240;&#1043358;&#1043359;&#1043323;&#1041681;&#1041636;&#1041629; We been at it for a minute same dreams of b,0.4637,0
IOLauto,Lolololol not to be a hoe but that was a nyyce one,0.0665,0
mobilityreport,Loyal pussy forever bein better than the bitch thats been passed around.,0.99,1
BANGKOKPOSTauto,&#9733;@&#9733;@&#9733;@&#9733;@&#9733; GRAND OPENING ! &#9733;@&#9733;@&#9733;@&#9733;@&#9733; TOP CLASS &#9733; Oriental Massage &#9733; PERFECT !&#9733;/ htt,0.0012,0
TheColorIsOrange,"Stop Smokin' Bathsalt, Charlie Brown! #rejectedpeanutsspecials",0.633,1
worldnews,RT @LifeNewsHQ: BREAKING: Florida Pro-Life Gov. Rick Scott Defeats Pro-Abortion Challenger Charlie Crist http://t.co/GpR1hQlEN2 #tcot http:&#8230;,0.0008,0
DonaldTrumpWhiteHouse,"RT @hawkblogger: The AFC was trash last season, especially the AFC South. Jags could make a playoff push if they have a great draft. Not jo&#8230;",0.0232,0
unitedkingdom,Thou shall not mock Ryan(the future)Kelly,0.0015,0
EnoughTrumpSpam,That pussy can't be that hairy shit gotta stink lol,0.9982,1
willis7737_news,"RT @Goons_TXT: Also, just because you suck dick, doesn't mean you have to act like a faggot.",0.9972,1
ukpolitics,"I hate being profiled. I'm not ""country"", I'm not a ""hick"". I'm Eric Dean Vestal, and I'm doing what makes me happy, not anything else.&#128076;&#128075;",0.008,0
TheColorIsOrange,Working Saturday is for the birds #FML,0.0006,0
india,@elise_palmer sounds like gypos to me - they used to do this all the time where I lived,0.2799,0
NDTVauto,That vine started a coon frenzy bruh,0.0015,0
MBauto,"hey im not bragging but im like the best at haggling, you know I got that cash, capitalism, ho! #receatter #indiegamepickuplines",0.0963,0
IRISHTIMESauto,&#8220;@theHIGHESTpeak_: If you got netflix watch fresh that hoe live&#8221; from now on my name is Chuck E I'm not chuckie no more &#128514;&#128514;&#128514;,0.0125,0
ABCauto,RT @BriannDominguez: Don't unfollow I got the app bitch,0.9272,1
mobilityreport,y'all hoes avoid schemes,0.3613,0
HTauto,RT @Thirst22: Hoes love justifying other hoes actions. That's how you easily know who be hoeing.,0.0418,0
MBauto,fat white bitch an a skinny po' black nigga......yeah im in Metairie fa sho....,0.9967,1
nottheonion,You selfish bitch... I bet you love running.. I sure do.,0.997,1
news,"@KenSuttling Yankees playing tonight in the Bronx,3rd game of the current series against the diamondbacks",0.0025,0
IRISHTIMESauto,RT @ThePoke: This crow in Aberdeen just won at photobombing (pic by Steve Black] - via @DailyMirror http://t.co/qDcLxyjOCt,0.0013,0
ukpolitics,Porch monkey 4 Life,0.0032,0
UMukhasimAutoNews,Some Douche cubs redneck cubs fan freaked out asking if bites..... No you bloody BERK!!! He's like the&#8230; http://t.co/ulc6CMVtki,0.811,1
newsbotbot,Yea you bad but hoe so what??,0.2575,0
EcoInternet,RT @ToyaMiani: The reason you called Jesus a monkey is because you knew he was not your color #Farrakhan#TheTime,0.1501,0
FOXauto,@Billythathird @matt_sliwinski copy my tweet again you ginzo,0.3474,0
NBCauto,I love going to @Walmart and looking at #guns with my wife. We talk about them in Spanish as the rednecks stare at us and reconsider #2A.,0.2299,0
europe,RT @GuruJeremy: Women think they are angels. So they be in denial about their own hoe actions. Don't fall into their facade. See past the b&#8230;,0.1183,0
HTauto,"RT @illesttam: ""go talk to your hoes"" https://t.co/oXa8IqqFjR",0.1694,0
IOLauto,"RT @SportsCenter: Yankees survive 9th-inning scare to beat Rangers, 12-11.
&#8226; Gardner: 4-5, HR, RBI, 3 R
&#8226; Teixeira: 1-2, HR, 2 RBI, 3 R htt&#8230;",0.001,0
CHICAGOSUNauto,"RT @LovelyMariiee: ""@GinaSanabria_: Exes swear they can do better, then you see their next bitch ..... &#128514;&#128514;&#128514;&#128553;&#128553;&#128553;&#1",0.8336,1
NYPOSTauto,I can't play flappy bird. It makes me angry.,0.0065,0
EcoInternet,RT @TheMattEspinosa: She literally just put the whole trash bag on lmfao http://t.co/YiERskYrfc,0.3559,0
NDTVauto,"RT @cyb3rvibes: &#8220;@SejlaSmajlovic: Funniest one lmfaoooo https://t.co/1WT6BBlIdp&#8221; ""swag bitch""",0.8959,1
canada,Who needs an alarm when you have the worlds most annoying bird outside your window?!??,0.0681,0
politics,@adnanESPN Houston was top five in AHL attendance while Aeros were here. The transplanted snow bird would love a team.,0.0007,0
SDauto,Nah just yo hoe she just swung matter fact RT @iiAK: @_VinChi3 yu get hoes?!? &#128551;,0.3749,0
EcoInternet,"'Damn you, whitey!' You'll get a kick out of the 'newest form of white privilege' http://t.co/zLpFZsITOm",0.8668,1
WAPOauto,#HappyColumbusDay !!!! If is wasn't for #America.................#KarlMarx would never have thought of sharing #colonialism with #injuns !!!,0.1411,0
Futurology,Came home and found my cat sleeping on my pillow ;c I love that niggah.,0.7327,1
SDauto,"RT @Revenant0202: Seriously, Florida. A vote for Charlie Christ is a vote for taxes and ebola.",0.0149,0
Techfeed,For all you hoes know I could be DJ Zetti,0.2491,0
SDauto,@LexVan13 go back to nigeria faggot,0.9522,1
SMHauto,"That annoying moment when you have to keep removing your headphones because someone keeps talking to you.. Like move, bitch..",0.9731,1
SDauto,@jakiekoelewijn nigga who's bitch u fucking cracker get your gay ass out my mentions.,0.9988,1
canada,@thrillllllllll oh yea I forgot u decided to have math a hoe instead of football! My bad!,0.1243,0
VANGUARDauto,@allsportsbruh how? All of the QBs we had before this season were trash. They brought in a veteran so they could have someone to play,0.2754,0
Futurology,@steveeearley @TheChaseUSA @MarkLabbett That cracker as big as he looks on TV?,0.0298,0
Conservative,@saucygyro she's a dyke &amp; looks like she's 12,0.3833,0
BANGKOKPOSTauto,Drinking folie a deux wine and playing fall out bird hahaha,0.0348,0
ABCauto,All the Uchiha are. RT @ThatNiggaCris: Sasuke is probably the biggest faggot of all time,0.9228,1
TJTauto,RT @Sulerte26: BREAKING: Yankees acquire Lebron James in a 3 team deal per sources http://t.co/rSMi4p7o6u,0.0007,0
newsbotbot,"Why do people use the eggplant Emoji in reference to a dick? If your dick is purple with a green top, see a doctor bruh.",0.8416,1
TheColorIsBlue,RT @iamKatJohnson: RT @1inkkofrosess: It's bout that time were I feel like beening a hard working woman .....and a stripper hoe by night do&#8230;,0.1209,0
politics,RT @mathewsjw: Muslim Jihadi fighters book tickets on cruise ships to Syria and Iraq&#160; http://t.co/auFmcZ01Y3,0.0016,0
BANGKOKPOSTauto,"@LandRoverUSA Our ""Disco"" we used for disaster recovery was an awesome brownie points to how well built they are. Most extreme conditions!",0.0011,0
WAEXauto,@lvnzo oh hell no they act proper and i live in richardson much finer then the hoes in ducanville,0.4397,0
EcoInternet,"@justinhall3434 
God bless you whitey. I be sleepin in tomorrow",0.0013,0
FOXauto,No skimp shit here bitch,0.9967,1
IOLauto,@just_priss I understand but stop venting on this bitch you give to much insight in to your life &amp; these people don't deserve that,0.9676,1
EnoughTrumpSpam,Yo if you get like over 25 of flappy bird you need to do some self evaluation because you probably have no life,0.2597,0
TJTauto,@ColeMcDowell2 Waco is ghetto hahaha. Wait til we go pick up nat in Austin tomorrow,0.1269,0
TJTauto,If only I dated a girl that lived off Mack Road I could just get the holy trinity of Sacramento ghettos on a daily basis,0.043,0
The_Donald,"""@kazooook: We actin like it's the 7th day @WesGodLaFlare http://t.co/s9gMtEvpaT""
&#128123;spook",0.0013,0
WAPOauto,"""oh ya these hoes think they cute in skin tight cat suits assuming that they bodies to boomin to dispute""",0.1478,0
WAPOauto,"Do birds have dongs? How do they mate? Help me, I'm an adult who doesn't know how animal sex works!!!",0.1638,0
EcoInternet,@JonJ_07 like their players really been talking trash about Bama.,0.3188,0
WAEXauto,"Hoes all on my bandwagon, your bitch gaggin, she jet laggin. #A$AP",0.9962,1
GUARDIANauto,RT @AshleighRollin: &#8220;@ViriDoesItt: Kissin small lips is trash lol..&#8221; Trash,0.8972,1
TheColorIsOrange,Aint This A Bitch... I just saw my bitch kiss a bitch . You lucky I dont kill yo ass but you can still get pistol whipped - wayne,0.9971,1
UMukhasimAutoNews,@team_Darrion night jigaboo http://t.co/vxKCG4yGXF,0.0059,0
TETauto,RT @_WORDtotheWISE: I love when the birds are chirping in the morning #patsgonnasubtweet,0.0021,0
SDauto,The Pirates have made the playoffs and the Yankees are out...hell has frozen over,0.2857,0
MBauto,"I'm the real Tony Montana, I got 50 naked bitches on a banana boat",0.9575,1
IRISHTIMESauto,Inbed eating left over poppadom. #livinthedream,0.0053,0
Techfeed,RT @DarlinCory: Making homemade pickles and working on a funny tweet about pussy. I am going to make a great old lady!,0.8141,1
WAPOauto,Who needs an alarm when you have the worlds most annoying bird outside your window?!??,0.0681,0
UMukhasimAutoNews,"on the low, wassup with you hoe?",0.4233,0
UMukhasimAutoNews,That hoe beefing over tunchi chillllll ouutttt,0.4871,0
EnoughTrumpSpam,"RT @decider: #2 on the field, #1 in our hearts! What if @Yankees star Derek Jeter starred in ""Back to School?"" http://t.co/nSZ6xGjkLV #yank&#8230;",0.0011,0
WAPOauto,Foles vs 9ers in San Fran or Eli vs redskins in DC,0.0011,0
TJTauto,Jones and Iba&#241;ez are out of gas after giving it their all earlier in the first half. The call-ups should get more playing time #Yankees #MLB,0.0025,0
CHINADAILYauto,Goodmorning uu bitch ass niggas !!!,0.9951,1
nottheonion,@RunuldoRants faggot sack,0.9394,1
SMHauto,"RT @isminiHoran: &#8220;i&#8217;m running like a bitch&#8221;
&#8212; Michael Clifford, role model and inspiration to many",0.479,0
FOXauto,RT @JC2theQ: Yanks walk off win &#128591;,0.0231,0
SMHauto,There's not enough day in the hours to cheat on her if she's sucking your dick right. Too drained to look for other mouth and pussy,0.9967,1
FOXauto,RT @cambryh_: I'm he's? Really? He on the phone talking to another bitch while you standing in the middle of a damn field clueless. http://&#8230;,0.9123,1
SLTRIBauto,#Shoutout to my exit 47 niccas! #RealNiccaSalute,0.0475,0
BANGKOKPOSTauto,"RT @__E_T___: Brown colored eyes are really blue, under a layer of melanin.",0.0141,0
DonaldTrumpWhiteHouse,I have yet to understand why so many bytches getting the bull piercing? It's called a septic or something like that ...,0.0851,0
EcoInternet,@_LrAnderson that hoe over that,0.0503,0
TORONTOSTARauto,Now I'm gook boy shawty http://t.co/LAAaHsTYeB,0.0091,0
EcoInternet,&#8220;@CiscoAllDay: @1Bcarter if by marrying her to avoid paying child support is a win then yeah lol&#8221;we don't see the hoes the same &amp; that's ok,0.0049,0
NBCauto,A ghetto girl's best bet is to find work at a call center and try to climb that corporate latter.,0.0773,0
FOXauto,i wont get catfished anymore tho bc im no longer trying to stick myy pp into Twitter hoes,0.1593,0
DonaldTrumpWhiteHouse,Now I am seeing chatter among Jihadi fans taking credit for an alledged kidnapping of a Frenchman in #Algeria #France,0.0008,0
mobilityreport,@_RichHomieKevin go to sleep niggah lol,0.9599,1
BANGKOKPOSTauto,"RT @HuhWhatsACondom: This would never happen at a ""non-colored"" award show @BETAwards http://t.co/rUJNu1l7t8",0.0028,0
VANGUARDauto,RT @HakoSav: Bruh why am i always sooooooooooooooo tired but i never sleep i'm like a new species of retard no disrespect,0.367,0
NDTVauto,RT @zoejoiner: if you're gonna trash talk my piercings don't say it in front of my best friends &#128514;&#128514;&#128514;&#128514;,0.2572,0
EnoughTrumpSpam,&#8220;@thatsoVICTORZZZ: @Blaxxxican for the light weights&#8221; *pussies,0.4726,0
FOXauto,Photo: Happy Friday bitches&#160;! #glamazon #ladykimora #rupaulsdragrace @welovequeens &#128536;&#128536;&#128536;&#128132;&#128132; http://t.co/c7Rv2DIL7g,0.8287,1
TJTauto,"RT @jenebooks: @WhistGoddess i was about to be like ""r u queer"" but c'mon Jen do u even need to ask",0.3277,0
conspiracy,@joshkline1992 that's my nig nog,0.8815,1
TJTauto,RT @FunnyPicsDepot: These 5th grade hoes ain't loyal http://t.co/hhPruzXR0J,0.4302,0
CHINADAILYauto,Obama mocked the special Olympics Wendy Davis mocks the handicapped do ya see a pattern? Democrats #tcot #UniteBlue,0.0191,0
GUARDIANauto,Get two birds stoned at one time.,0.0025,0
EnoughTrumpSpam,Im ready for today &#127936;&#128308;&#9898;#iu #iubb #hoosiers #hoosierstate #ncaa #big10 #michigan #gameday #btown&#8230; http://t.co/6g7JNMoW,0.0019,0
The_Donald,Thought I told you not to trust these hoes,0.2333,0
mobilityreport,@_EB_Games @BigBBrown Fuck all you hoes. lol,0.9969,1
mobilityreport,"If I ever saw Kendall Jones in person, Id kill her on sight. I hate that bitch more than anything in life.",0.9933,1
Raytheon,Say you love that bitch so much I'll kill yo ass in front of her,0.9956,1
IOLauto,Life is a bitch but every dog has its day,0.9761,1
TJTauto,I can't watch Charlie St. Cloud because I cry like a little baby. Every. Single. Time. &#128557;&#128557;&#128557;&#128557;,0.0147,0
IOLauto,@That1guyJeff bitch please. Not gonna happen. Nope.,0.9812,1
The_Donald,Obama mocked the special Olympics Wendy Davis mocks the handicapped do ya see a pattern? Democrats #tcot #UniteBlue,0.0191,0
TORONTOSTARauto,Which expendable player can we put in with the sole objective of breaking Beverley's jaw?,0.0014,0
SMHauto,"They wouldn't let me use my old picture cause my hair was flawless&#128129;. The woman at the front desk said I wouldn't have to retake, hatin' hoes",0.0637,0
CHINADAILYauto,RT @woohdakidd_74: &#8220;@Shane_A1: I'm steady hearin bout these suppose to be tuff street niccas gettin fuccd n dey ass smh gay boys&#8221;&#128561;&#128561;s,0.9532,1
india,"RT @Yankees: #Yankees win, 6-5, on a #walkoff single by Derek Jeter!!!!!! #FarewellCaptain",0.0036,0
CHINADAILYauto,"RT @JStac825: There's coon classic (R. Kelly, Usher) and then there's classic (Stevie Wonder, Prince). Not that there's anything wrong with&#8230;",0.0007,0
TJTauto,"@edouglas528 I know how you feel,wait,no I don't. Perfect week for me would be Yanks not getting Lee #goSox #goPats",0.0562,0
NYPOSTauto,Lowkey got a Fan of my hoop skills at lbcc aha he my niggah now lol,0.8678,1
worldnewshub,"6' 217 on these hoes. I am not fat.

I'm big boned.

hehehehehe.",0.2545,0
movies,"RT @ArcticFox2016: 150 Christians MASSACRED By Jihadi Muslims While They Slept! Including Pastor, His Wife &amp; Kids http://t.co/VnR60MjFo6",0.1046,0
unitedkingdom,RT @SumGurl07: So cute! :) RT @iTweetFacts: Shy bunny... http://t.co/z4u6NpORdz,0.0126,0
AutoNewspaper,"RT @mckinley719: ""@wizkhalifa: Pretty bitches rep Taylor Gang"" #Hollah lmfaoo",0.8648,1
NYPOSTauto,"On a scale of 1 to redneck, I'm watching Days of Thunder right now. #goCruise",0.0034,0
TJTauto,@michelle_westt birds of a feather..,0.0007,0
SDauto,"Baked Montreal chicken, cheesy brussels sprouts, garlic butter triple cheddar &amp; chives yellow mashed&#8230; http://t.co/XsGW1kSqCW",0.0116,0
BANGKOKPOSTauto,@Get__Em__Craig funky hoe you gone solo,0.1468,0
TETauto,Me n niccas ya type Neva exchange #'s .. Wanna talk down n still gain from us!,0.0171,0
VANGUARDauto,@JStarrTweets my pops is from New York. My family is Yankee obsessed. My sister literally cried when she heard he was gonna,0.0601,0
AutoNewspaper,Someone tell this hoe to turn on lion king,0.169,0
IRISHTIMESauto,She make me wanna take things slow but I can't even trust a hoe,0.1457,0
news,"Not that I plan on dying soon, but I'm totally going to write Kenobi in as my sole heir. He's the only thing locally (under 94) I can trust",0.0031,0
EcoInternet,@JuniorMaye8 jus exsposin hoes on a whole different level &#128557;&#128514;,0.0433,0
GUARDIANauto,Now I seperate from niggas I don't trust niggas that ain't starve wit me and all the bitches I didn't fuc !,0.9909,1
europe,"@garrett_winker shit what's up with then hoes I'll do both hoe, Am pretty sure u not on my level",0.9268,1
TheNewsFeed,@MikeyDJaro haha 1. I would go for the S 2. Those fag colors are reserved for @JoeyTaormina,0.177,0
worldnews,Why you let these hoes tear what we had right apart,0.1391,0
mobilityreport,@daggerbyte @MichaelSmartGuy @spacej_me @pizzahut Given the rickety slant of that roof I'd say more like Pizza Shanty,0.0359,0
TJTauto,"Let's play ""What will the ghetto white girl with neck tattoos in front of me buy.""
If you answered Cigarillo's...you've seen this episode b4",0.0619,0
VANGUARDauto,Lmfao no you didnt RT @SS4_Fresh: @vivelacourtney got cute new avi and all but she too old for colored contacts &#128073;&#128064;&#128584;,0.0139,0
TheNewsFeed,"RT @linnyitssn: No teabaggers, 9/11 is not about Benghazi, it's about those planes and those towers. Stop watching Fox News.",0.0092,0
RedditSample,That vine started a coon frenzy bruh,0.0015,0
ABCauto,"RT @SheswantstheD: If you take your girl back after she cheats on you, you're a little bitch.",0.9935,1
HTauto,"RT @pgammo: In the Yankees draft room, they had a huge picture of Greg Campbell with the message, ""this is the makeup we're looking for.""",0.0007,0
VANGUARDauto,"RT @DogeTheDog: Wow
 Such banana
 So potassium 
 Much yellow http://t.co/xINHDwyTqS",0.0563,0
TJTauto,RT @rightwingertoo: Uh oh: California solar plant fries thousands of birds in mid-flight - Hot Air http://t.co/8ZQnLR5fH5,0.0014,0
EnoughTrumpSpam,She unfollowed me after I said I cried watching dawn of the apes lmaooooooo,0.0129,0
Futurology,Its obvious the bitch is still immature and havent let go of the past yet. Just face it. You fucked up a good thing,0.9954,1
NYPOSTauto,Hull all yuh mudda cunt RT @FCBarcelona: Six strikers set for The Clasico http://t.co/Ve6RHXSS4x http://t.co/YJhUba6hUW,0.4157,0
CBSauto,Hell naw we don't fuck wit no phonies you can tell yo bitch we some young rich homies!,0.9981,1
The_Donald,"@CreoleBabyBritt Don't make me draw you like one of my Franch bitches, heffa.",0.9604,1
INDEPENDENTauto,pimps up hoes down!!! http://t.co/NuI9uJvfA2,0.2875,0
newsbotbot,When this test is over today I'm making a pan of brownies. I'm going to lay in bed all day &amp; eat them until my heart is content. &#128524;,0.0043,0
SLTRIBauto,"It's kind of funny when people tell me they haven't seen me in years, and where have I been. Like at home bitch",0.8847,1
INDEPENDENTauto,"Whoo? A new attraction in Virginia City, birds of prey. Meet this owl famous for his role in Harry Potter. http://t.co/1NFSh5sCcR",0.0012,0
BANGKOKPOSTauto,RT @MahoghanyXO: The world wouldn&#8217;t be as fun if hoes didn&#8217;t exist.,0.0443,0
SCMPauto,"@airwolf1967 @NoInfidel33 @tedcruz @SarahPalinUSA @TWShannon in ALASKA!!
Nothing going on, nothing to do, nothing to bitch about, few laws",0.849,1
MBauto,@megalexatron trash about us and your from another conference- you can say goodbye,0.2818,0
CHINADAILYauto,Babydaddy needing bail money say thats wat she gone do talk a whole alotta shit but swear that bitch gone come through,0.9955,1
CBSauto,&#8220;@dewayneee_: That pussy so wet she gotta dry outside&#8221;stop telling my business,0.9789,1
SCMPauto,"The X's and O's, exes and hoes, I exit and ghost &#128123;",0.0151,0
IOLauto,"A wise man once said ""Damn I hate a bitch that like to argue nd shit""",0.9772,1
ukpolitics,"RT @Anisa_So_Thick: @MsSashaBelle ur a wack bitch who sells her pussy for $65.00 , lives with her mom then was homeless cut the lies&#128521; http&#8230;",0.9931,1
SCMPauto,Wake up American sheeple nd stop allowing these pussy azz politicians who never bust a gun in they&#8230; http://t.co/rN6nnnynXv,0.9263,1
TETauto,@adnanESPN Houston was top five in AHL attendance while Aeros were here. The transplanted snow bird would love a team.,0.0007,0
CHINADAILYauto,RT @iGBBreezy: Don't wife a hoe &amp; end up like these 2 http://t.co/LXddifeexw,0.3781,0
MBauto,&#8220;@___Tamm: @VoiceOfDStreetz cuz you a hoe lol&#8221; cuz you went on your lil rant on me man!,0.6987,1
TELEGRAPHauto,&#128553; monkey mad,0.2605,0
TELEGRAPHauto,@megankjanes23 Scrolling through my TL. Ol' sick ass bitch!!!,0.9975,1
mobilityreport,"@reddroostermann &lt;- I poked this little pussy with a stick, and he curled up into a little ball like a pill bug. @fredseviltwin",0.9629,1
NDTVauto,i reblogged them to mock her god bless,0.0117,0
unitedkingdom,"@DaRealAlexInLA @Woody_AFC @Rodriguez5_ the nig is fun to watch got to admit, ebola boy can speak broken Spanish too lol",0.3165,0
WAPOauto,&#9733; BEST ASIAN MASSAGE ON THE park slope --TOP RATED SPA &#9733; 718-622-0221 - 24 http://t.co/TQS3wPA6O7,0.0007,0
EnoughTrumpSpam,RT @EmilyWCVB: RIGHT NOW: NewsCenter 5 projecting Charlie Baker will be Gov-elect by a razor thin margin http://t.co/1qC9q6P1cL #wcvb,0.0007,0
europe,RT @EmilyWCVB: RIGHT NOW: NewsCenter 5 projecting Charlie Baker will be Gov-elect by a razor thin margin http://t.co/1qC9q6P1cL #wcvb,0.0007,0
nottheonion,&#128540;&#128583;&#128582; I hate ya bitch ass,0.9976,1
VANGUARDauto,Guys say bros before hoes. I say food before dudes.,0.0377,0
NYPOSTauto,@_SiNCERE18 ; LMAO! . hoes extra sensitive via text.. They swear they hear your tone in every letter. I start using PUNCTUATION'S .,0.0035,0
WAPOauto,@DoubleAIV just watch bitch nigga u gonna want the whole team dead,0.9966,1
SLTRIBauto,RT @nick_sodano: Dis bitch jus blew my high,0.9929,1
BBCauto,"@datexehmm So bad bitches intimidate you, in other words?",0.9847,1
HTauto,For all you hoes know I could be DJ Zetti,0.2491,0
INDEPENDENTauto,Surrender of Divinity - Conquerors of the Apocalypse: http://t.co/9Qv5RsY1p3 via @youtube &gt;Oriental Black Metal Hell!!,0.0179,0
CHINADAILYauto,I want Oreos!! Who can help me,0.0042,0
TheColorIsBlue,"RT @King_Lonnie_19: ""@TaeCocky: Rihanna is a talented hoe"" http://t.co/uL4ePHA2qy",0.0099,0
EnoughTrumpSpam,@InTheOvenJews @SlaveCatcher88 @marylene58 we should hang out ovenjew. Have a lot in common. People waste time on nigs. Jews r r problem.,0.8611,1
news,Mississippi state fans are the best to just mock. It's so easy. Poor state. It's hard getting wins against top 25 opponents. #FailState,0.0047,0
TheNewsFeed,&#8220;@KarynHalpin: Where do all the foreskins go when they circumcise a guy?&#8221; the Foreskin Fairy takes them after you put them under your pillow,0.1277,0
india,5sos be like: come hang out with us!! but not if u fugly. oh and side hoes to the left thnx.,0.394,0
IRISHTIMESauto,@JustTooMuchCake Lmao. it bel ike that nowadays,0.0181,0
NYPOSTauto,"Everybody loves pot brownies, but I bring crystal meth cupcakes to a party, Suddenly I'm the weirdo",0.0237,0
Raytheon,&#8220;@ICEom @SupurMario27 coolin my nig ( @1TIMMYTEE voice)&#8221; uhhee ( @ICEom laugh),0.2593,0
TheColorIsOrange,Well thank goodness I got other musicians that aren't bitches.. like @Tampa_Rick for example.,0.6017,1
BBCauto,RT @prettykells: &#8220;@100046729: @Leelucas_ @prettykells bitch you didn't feed me. You asked my to buy you a burger &#128514;&#128514;&#128128;&#8221;&#12851,0.915,1
newsbotbot,RT @studio6263: M&amp;S bids for most social Christmas yet with &#8216;Follow the Fairies&#8217; campaign http://t.co/5OaL2EHhG2 #CLE #marketing,0.0007,0
Conservative,"Okay, so maybe not every in #LosAngeles is evil. But I would 80% of the people I've encountered have been trash, another 10% barely human.",0.1253,0
MBauto,@slayerific13 @daisymcgarr Like I said.. I might have to check but I'm just not sure bird shot counts as getting shot.,0.002,0
EcoInternet,"@DolfyAdolf 
Y'all gots betta machinery fo dat. Hanger be ghetto",0.8572,1
SMHauto,Just in case the day couldn't get better wife's Rav 4 had a flat and being the redneck I am I put 16 inch rims on it so there goes $200x2,0.0411,0
india,RT @Meechgod: &#8220;@1017_Sqquad: But it's some bad bitches on backpage ... You might find one of yo followers on there too &#128064;&#128064; &#128056;&#9749;,0.675,1
CBSauto,@Tee_Bizzle hoes* are more fun,0.1069,0
TETauto,"RT @TayTheBADDIE: Never discuss cheese with a rat , talk bread with a bird , or make moves with a snake &#128175;&#128076;",0.0556,0
IRISHTIMESauto,"none here Chantel lol RT ""@TellyJellyBelly: There has got to be some hoes. Water's Edge is TOO big for there not to be ANY.""",0.0546,0
Raytheon,"RT @mykvh: bitches be like ""if you come over were not fucking"" but it happened &amp; she shaved bitch knew wassup &#128514;",0.9973,1
TheColorIsOrange,"@LinzBella 
You date colored men?",0.1416,0
Techfeed,I should gt a scurl on.deez hoes,0.3462,0
SkydTech,I guarantee there will b some hot twats out tonight in dresses with no leggings and open toed shoes.,0.2504,0
TIMESINDIAauto,"Montana, Wisconsin, Maine, New Hampshire, North AND South Dakota, Wyoming. All places you can move an ex-hoe to and be happy.",0.003,0
SMHauto,RT @_BeautifulKeezy: &#8220;@100046729: &#8220;@_BeautifulKeezy: let me sit this ass on you !&#8221;@Leelucas_&#8221;bitch you and Chris better Gtf &#128080;,0.9942,1
india,Boyyyyy if I had a bitch who pussy taste lil mama's spaghetti.... THAT WOULD B 1 HAPPY BITCH!!!&#8230; http://t.co/2Qy0dQokmg,0.9971,1
IOLauto,Find Waldo at Escape bitches ! &#128308;&#9898;&#65039;&#128309;&#127926;&#10024;&#128588; http://t.co/JVI4XrfFod,0.7449,1
TETauto,Ruby is not ugly #bunga bunga,0.1948,0
EnoughTrumpSpam,"RT @KingUlyssesIV: These bitches aint shit &amp; pussy is my greatest vice
I love smokin weed, i hate advice",0.9966,1
india,"I was flying down the slope and just rammed into this small Asian boy, kid got up like a champ and walked it off",0.019,0
unitedkingdom,RT @TAXSTONE: Shout out to all them bitches who don't own no designer shit and still look better than all YALL bitches with everything desi&#8230;,0.994,1
NYPOSTauto,@mrfoolycooly i dont think he did the celestial dragon killed him,0.1212,0
Conservative,RT @Sum_Pfeif: Did @wagggggie seriously steal my Halloween Oreos ? &#128530;,0.1653,0
WAPOauto,Dafuq is floppy bird ?,0.003,0
ABCauto,"RT @I_FloodsYaTL: ""@ZariaVonMars: Um http://t.co/Cuue9Vvc2M"" exactly how most of these hoes twat is setup...",0.0349,0
BANGKOKPOSTauto,"RT @SweetiePaii: RT if you listen to these bands &#128522;

A7X
PTV
SWS
ATL
BVB
ADTR
BMTH
YMAS
FOB
AA
Blink 182
TDG
SS
FIR
MCR

Follow me &amp; everyon&#8230;",0.0088,0
TIMESINDIAauto,She make me wanna take things slow but I can't even trust a hoe,0.1457,0
BANGKOKPOSTauto,Young Gem &amp; Don Chief been killing it in the yo...going in on that real music..no bubble gum trash in the booth... http://t.co/lkjNb7uZmt,0.1256,0
TheColorIsOrange,RT @Henry_3k: When I was little I remember laying horrified in bed as hand puppets held a mock trial convicting me of putting my hand up th&#8230;,0.0151,0
CBSauto,Is there a looser #college town than #BTown ??? If yes id like to visit #IU #hoosiers,0.3906,0
CHINADAILYauto,gay ass fags http://t.co/eqn4gvW42V,0.9788,1
IOLauto,"@CreoleBabyBritt Don't make me draw you like one of my Franch bitches, heffa.",0.9604,1
politics,RT @caseoftheKink: Some men say they&#8217;re afraid of having daughters bc they don&#8217;t want them to turn into &#8220;hoes&#8221; or w/e.,0.0053,0
BANGKOKPOSTauto,"&#128588;RT @Ke2yourheart I don't want my man txtn, tlkn, lookin, yet alone speakin to you hoes. I'm not insecure at ALL. y'all hoes CANT BE Trusted",0.3501,0
Futurology,RT @cigarsNscotch: What's black and yellow and not going to win this year? WRONG! The answer is Tiger Woods.,0.0023,0
MBauto,RT @Pacino718: RT @Crucifixio: &#128077; &#8220;Fuck the skinny bitches in the club!&#8221; - @NICKIMINAJ #ANACONDA http://t.co/HqigE3CqNa,0.9912,1
BBCauto,"RT @cpabry: Curious George, the curious little monkey or deranged serial cat killer? The story the man with the yellow hat doesn't want you&#8230;",0.0484,0
TORONTOSTARauto,&gt;_&lt;.. RT @ItsTheBOOMshow @FricknAwesome metal monkey balls!,0.0838,0
unitedkingdom,"&#8220;@kaitlinfryer: Big oleeeee middle finger, bitch.&#8221;",0.9652,1
newsbotbot,RT @foodbibIe: Oreo Cheesecake Bars http://t.co/RT27crIqZj,0.0008,0
mobilityreport,&#8220;@RudePost: A new breed of white girl... https://t.co/0Zsu3zQiXD&#8221; she slammed that bitch &#128527;&#128514;,0.9707,1
TheColorIsBlue,&#8220;@Garricka_: Ima just block you hoes out!&#8221;or block em either one lol,0.3498,0
willis7737_news,"@karmendanielle_ aka he wanna keep you warm, shoulda just introduced himself #coons",0.0093,0
NYPOSTauto,RT @CornerBoyP: Hoes b soo lost dey forget dey hoes.....,0.0821,0
unitedkingdom,I almost stepped on a bird running around the floor ah they are so creepy,0.0812,0
TheColorIsOrange,I ont care cuz I got hoes. Dats rite I got plenty of em,0.2188,0
TORONTOSTARauto,"""@kazooook: We actin like it's the 7th day @WesGodLaFlare http://t.co/s9gMtEvpaT""
&#128123;spook",0.0013,0
NBCauto,"""Hey go look at that video of the man that found the kidnapped girls in Ohio........what a nigger"" - #shitmybosssays",0.9831,1
TheColorIsOrange,"RT @NinoDemayo: Chicks wait til their hair is all broken down to go natural in their 30s, but bitch about the young Carter's fro from birth&#8230;",0.7846,1
mobilityreport,Where this hoe Benga at,0.0211,0
BANGKOKPOSTauto,US spy planes are flying over British skies in hunt for Jihadi John's assoc's with advanced tech! http://t.co/XfSeZSzu0m via @BeforeItsNews,0.0188,0
conspiracy,"I hate being profiled. I'm not ""country"", I'm not a ""hick"". I'm Eric Dean Vestal, and I'm doing what makes me happy, not anything else.&#128076;&#128075;",0.008,0
NBCauto,If you know a guy has a newborn baby why the fuck are you trying to talk to him? Desperate ass hoe,0.9957,1
movies,6:07 AM .. Bout to match up wit dis nicca #DonnyDinero,0.008,0
HTauto,RT @KiingVon: These bitches so fucking stupid smh http://t.co/ClvrfbOQBL,0.9981,1
TELEGRAPHauto,&#8220;@SoTribe_Kasey: I surrounded my bad bitches I can't keep them out my face&#8221;&#128064;&#128064; #WhereTheyAtDoe &#128514;,0.9487,1
canada,The ghetto thuged out version of tree of life coming soon...,0.407,0
newsbotbot,@kincade00 @mistaturk5 lmaooo just call my phone if you want them birds *Migos Voice*,0.1496,0
willis7737_news,Wait did @kidfivevibes take my brownies??,0.0079,0
ukpolitics,"Now, the Jihadi networks waking up &amp; claiming #Raqqa radio &#8220;confirmed&#8221; two planes shot down &amp; 1 pilot captured. #ISIS #Syria",0.0027,0
mobilityreport,"&#8220;@isadore911: @VernNotice what about the doc?&#8221;

He's a pussy. He ain't going anywhere.",0.9248,1
The_Donald,@Royceda59 Green bananas are better then yellow ones too.,0.0009,0
GUARDIANauto,"RT @Yankees: #Yankees lineup vs. Red Sox:
Ellsbury CF
Jeter SS
Beltran DH
Soriano LF
Teixeira 1B
McCann C
Solarte 3B
Ichiro RF
Roberts 2B
T&#8230;",0.0013,0
ABCauto,@G27Status Them stop being a bitch and do it,0.9915,1
SMHauto,#Yankees 6-0. Nine straight hits. Price... Not your night.,0.0147,0
conspiracy,@LuckyL3FT @najmaaa_ali yellow bone be oh so easy wit da name callin b,0.1119,0
RedditSample,That bitch Amanda ran away from me &#128514;,0.9958,1
TORONTOSTARauto,&#128514;&#128514; maaaaannnn i hope so! RT @ABrown252: @VonshayeB did we get rid of John Legend looking Charlie Batch?,0.0054,0
movies,Hull all yuh mudda cunt RT @FCBarcelona: Six strikers set for The Clasico http://t.co/Ve6RHXSS4x http://t.co/YJhUba6hUW,0.4157,0
news,Surrender of Divinity - Conquerors of the Apocalypse: http://t.co/9Qv5RsY1p3 via @youtube &gt;Oriental Black Metal Hell!!,0.0179,0
SLTRIBauto,"RT @GOPBlackChick: The racists are @msnbc and its crew of anchors. Not ""right wing "" folks. @MHarrisPerry mocks mixed GOP kids.
http://t.co&#8230;",0.1512,0
europe,"RT @Vacante_: If ya girl shaves the pussy before going out with her girls, somethings wrong.",0.9684,1
RedditSample,"Too fast for the Feds, too cocky for the cops.. Had to ditch my old bitch, gettin sloppy wit the pots",0.9629,1
The_Donald,@YunGMiGo I said pussy dat ass what be on yo tongue boy,0.998,1
nottheonion,RT @the_ironsheik: My #tbt I learn the English from that jabroni big bird but I break his fucking neck http://t.co/vDpIq8Zuxo http://t.co/4&#8230;,0.9834,1
HTauto,"it's been ten mins, bitch I gave you a 2 min assignment lmfaooooo",0.9879,1
HTauto,Some rednecks just raced down the freeway &gt;_e,0.2311,0
The_Donald,"Can't stand the Yankees but Jeter hitting a home run in his final at bat in NYC would be cool. 

Getting beaned would be better!",0.0183,0
The_Donald,"@luchadora41 so was slavery, prohibition and not letting women to vote... segregation jim crow laws.. etc etc i can do this all day lol",0.0389,0
EcoInternet,Yo bitch choosin just let her http://t.co/zg6X4gDyRZ,0.9969,1
Techfeed,Yall bitches only muslim when yall hair fucked up ctfu stop that youngs!!,0.9986,1
worldnews,@PatriotsOrg Screw the ragheads.,0.832,1
conspiracy,Most of you hoes copy and paste but there has to be someone they are copying from. And to you I give you my props,0.0108,0
AutoNewspaper,RT @ItsFoodPorn: Cookies n' Cream Oreo Fudge Ice Cream http://t.co/nAINpWXTJc,0.0172,0
EcoInternet,i dont think women should wear flesh tone colored pants... lol,0.4219,0
EnoughTrumpSpam,@panchoftf I'm trying to catch diabetes so I'm fuckin a white bitch,0.9977,1
CBSauto,"#MentionADislike hoes thinkin they bad even if they are I will tell her ""bitch calm down u average""",0.9583,1
willis7737_news,RT @iKayKing: A boyfriend and girlfriend suppose to laugh at these hoes together. A guy should never have these hoes laughing at his girl..&#8230;,0.2589,0
TheColorIsOrange,RT @leandr321: I can't never keep no bitch cause I put them hoze out,0.9738,1
BBCauto,"RT @ryannotsheckler: ""That shit can break you down if you lose a good girl, I guess you need a bad bitch to come around and make it up""",0.9668,1
WAPOauto,The most beautiful women be havin' the most retarded captions on their pics! Sh*t be extra dumb...,0.9894,1
INDEPENDENTauto,@kittty_jpg @SteeZeyFLOW @nosfiend215 at least im not black bitch your parents left you in the mcdonalds parking lot after you were born,0.9306,1
Raytheon,@OLE_VertyBstard let a honky know man lol,0.4407,0
TETauto,@LlishaH LOL! It's an acronym for: that hoe over there.,0.0839,0
unitedkingdom,Des popcorn hoes be in da way all the time mannn :\,0.1068,0
TELEGRAPHauto,RT @prettykells: &#8220;@100046729: @Leelucas_ @prettykells bitch you didn't feed me. You asked my to buy you a burger &#128514;&#128514;&#128128;&#8221;&#12851,0.915,1
india,Minus all the retarded poor bots.,0.8972,1
TJTauto,U coons watching love and hip hop ain't you,0.3438,0
DonaldTrumpWhiteHouse,"""You and yo boys some pussy cats.""",0.9792,1
Raytheon,No more hoes n oz,0.3845,0
The_Donald,Emd hoe,0.1354,0
IRISHTIMESauto,How about a Charles in Charge movie with Shia LeBouf as Charlie and Ryan Gosling as Buddy. #WhyNot.,0.0039,0
FOXauto,RT @bunnyasmin1125: I Still Be Craving An Oreo McFlurry b;,0.0091,0
NYPOSTauto,"RT @linnyitssn: No teabaggers, 9/11 is not about Benghazi, it's about those planes and those towers. Stop watching Fox News.",0.0092,0
RedditSample,Surrender of Divinity - Conquerors of the Apocalypse: http://t.co/9Qv5RsY1p3 via @youtube &gt;Oriental Black Metal Hell!!,0.0179,0
RedditSample,So just chill hoe,0.0845,0
TheNewsFeed,"""It's the dykes"" -hunter dyke with a dyke http://t.co/LGtw3AWMeh",0.0026,0
NYPOSTauto,"&#8220;@TreMelvin: hoes be like ""omg i love my new comb &#10084;&#65039;"" http://t.co/nuYjUx1SK3&#8221; thought this was Perro",0.008,0
HTauto,@THEHermanCain then send this one to your teabagger friends https://t.co/hsADkzcAIn and watch their heads explode,0.1764,0
CBSauto,@Ch4BrickTamland @Ch4BrianFantana yes because I too want to be fat and have a fat bitch wife,0.983,1
newsbotbot,Mann that pussy #ThrowBack,0.9888,1
The_Donald,RT @Harry_Styles: A bird pooped on me.,0.0076,0
TIMESINDIAauto,"""@GagaTom1: &#8220;@MaleFoot: 3 | Amo los pies http://t.co/4QE1hDkK8i&#8221;"" fuck yeah",0.9793,1
UMukhasimAutoNews,"""@PRETTyBOSs_BRAt: We don't love these hoes &#128080;&#128581;""",0.1422,0
ABCauto,RT @Jenna_Garcia13: &#8220;@OfficialVondell: #MyGirlfriendNotAllowedTo have milkshakes.. let that hoe bring one boy to the yard.. and watch what &#8230;,0.0218,0
SMHauto,I def got a few shades darker cutting my mama grass. There goes my yellow frame lol,0.0457,0
news,I be stalking hoes :),0.0248,0
CHINADAILYauto,@Pudingtane ....yeah....I don't think its about #injuns. I think #redskins is about #politics and #alcoholism in #WashingtonDC .....,0.0425,0
Techfeed,@Meeeesh1395 my fuckin mom is a bitch. Like she aint even payin for it. Dylan is and he said its fine.,0.9977,1
SMHauto,RT @foodbibIe: Oreo Cheesecake http://t.co/yW299XjzB2,0.0009,0
CHICAGOSUNauto,I need a heated bra because my nips hurt so bad!,0.8803,1
TheNewsFeed,Enjoying the eccentricity of @RayEvernham's AmeriCarna. Charlie Daniels appearances in two of the three episodes I have watched.,0.0006,0
Techfeed,@Alan_Casillas bitches or wat,0.9387,1
Conservative,"Drake T.I&#8220;@MsBTxo &#8220;@_sirhampton_ 3 Stacks, Kendrick RT @xHollywoodCourt: Name a rapper that alot of people like...but you think is trash&#8221;&#822",0.3038,0
SDauto,"RT @WorIdStarFunnyy: this the ""I play soccer, cheat on girls, and wear khaki coloured cargos"" haircut http://t.co/NQyLxquLOC",0.1801,0
BANGKOKPOSTauto,"RT @macktology101: ""Hehe"" hoe quotes",0.0009,0
india,RT @jenebooks: I feel a lot of ppl trash talking indie for all sounding the same but i think any genre you're not v into tends to sound th &#8230;,0.0238,0
GUARDIANauto,@WendyGAv says the pedophile promoting dolt. LMAO #teabagger,0.3462,0
TheColorIsBlue,RT @TheBardockObama: People downloading time hop to be reminded they were faggots a year ago too,0.6944,1
news,Thou shall not mock Ryan(the future)Kelly,0.0015,0
SLTRIBauto,@_B_R_Y_C_E_ what happened to going fishing bitch?,0.9524,1
TheColorIsBlue,@JustKarahn bye hoe,0.0273,0
SLTRIBauto,She talkin shit???? That bitch look like a Linebacker! #messinwithsasquach,0.9962,1
willis7737_news,"RT @UberFacts: Mila Kunis has heterochromia iridum which gives her two different colored eyes. One eye is green, the other is brown.",0.0031,0
canada,@1deep_williard @Marlin_FishyAss it was old ratchet hoes Bruh,0.1611,0
TheColorIsBlue,&#128514;&#128557;&#128128; RT @iDO_me2: Hood hoes love Harrell football team&#128528;,0.0033,0
TJTauto,@alliemathews tweet but don't text back ok fag,0.6725,1
RedditSample,RT @femaleproblems: u may think im a bitch but as soon as you get to know me u realize that first impressions are right and i am a bitch,0.9823,1
worldnews,@WendyGAv says the pedophile promoting dolt. LMAO #teabagger,0.3462,0
VANGUARDauto,@hoes &#9829;,0.0012,0
HTauto,yea so about @N_tel 's new friend.. all my friends kno they're only allowed one cute darkie friend n that's me! lol,0.0253,0
SkydTech,Snoop with the hoes &#128514;&#128514;&#128514;,0.0682,0
GUARDIANauto,stuffed her like an Oreo http://t.co/mPAjkWJbZp,0.1204,0
TheColorIsBlue,"RT @AishaMoodMills: Fox News mocks victim of Ray Rice elevator assault: &#8216;I think the message is, take the stairs&#8217; http://t.co/6TKLgUP2Wh ht&#8230;",0.0018,0
The_Donald,"People who go to church in Hollywood, CA are all white trash filth.",0.9687,1
SDauto,Oh hell yeah! Lol RT @SedSince81: @VonshayeB you know that nicca injury prone,0.2013,0
AutoNewspaper,RT @AthIeteChamp: Destroying a team that talked trash before the game &gt;&gt; &#128076;,0.2696,0
TELEGRAPHauto,RT @Gook____: Lil stupid ass bitch I don't fuck with YOU!!&#128564;,0.9982,1
BANGKOKPOSTauto,Thinking about getting my nips pierced...,0.0372,0
ABCauto,Me &amp; my next bitch gone turn up on the fashion side. &amp; we ain't wearing nun of that designer shit. That shit basic af,0.9911,1
The_Donald,"RT @pgammo: Run Differentials:Mets -14, Yankees -32.",0.0008,0
unitedkingdom,RT @RhineRunIt: Henny &amp; hoes. RT @TiFFANY_P0RSCHE: Peace &amp; tranquillity &#8220;@daddykn0wsbest: If you were a Greek Mythical God&#8230;what would u be &,0.0106,0
BANGKOKPOSTauto,&#8220;@thatsoVICTORZZZ: @Blaxxxican for the light weights&#8221; *pussies,0.4726,0
Raytheon,"""Have you seen my shows? Have you seen my hoes? If I wasn't hot would they be so thick?""",0.1909,0
TETauto,@DeJLoaf mixtape sell sole got some bangers!,0.1061,0
CHINADAILYauto,"RT @KevinHart2ReaI: All Bow Wow hoes on the stage, lol",0.0984,0
Techfeed,@RivenbarkYahoo @hale_razor jim Hogg county a dirt poor democrat leaning county.. Hebronville is it's seat. Been there it's a near ghetto,0.188,0
TETauto,Serious question here; How many country songs mention honkey tonk(s)?,0.0023,0
MBauto,RT @NiallOfficial: Absolutely perfect day in London! Suns out! Gona be a cracker at wembley tonight ! Yeaaaaahhhh!,0.0564,0
conspiracy,"""@jasmyncyniquee: @white_thunduh k bye hoe"" um bye ..",0.0041,0
news,"RT @janesports: As NFL reportedly asks bird-flipping M.I.A. for another $15M, let's revisit @SarahSpain's column on ridiculousness: http://&#8230;",0.0041,0
SCMPauto,So am I the only cracker up playing his guitar (thank you @Tampa_Rick ) on this Saturday night?,0.0036,0
SkydTech,"' Ok my Texas bitch keep textin me , callin cryin stressin me , askin me about where I been but I been with another bitch allegedly &#1043359; .",0.9887,1
CHICAGOSUNauto,"Can someone please explain to me, Why are the birds so angry &amp; destroying pigs' homes?",0.1764,0
TELEGRAPHauto,"&#8220;@IIiirb: Bouta let Banko kno, I'm goin be a Ronneagle &#128514;&#128527;&#8221; bitch&#128514;&#128529;",0.8231,1
TheColorIsBlue,RT @AIlThese: All these clocks and we still don't have time for these hoes http://t.co/oZm4cQe5Me,0.1078,0
Techfeed,I swear to god some hoes look like they take the same exact picture everytime. Change it up for once godamn. #ratchet,0.2503,0
newsbotbot,"RT @SimpsonsQOTD: &#8220;That's a very nice jig, Kearney. Now isn't dancing much more fun than bullying?"" http://t.co/dk7rcqM1FS",0.0033,0
NYPOSTauto,RT @TheDiLLon1: Y'all not gonna trash Spirit airlines. I travel w/ them all the time. They even let me fly the plane 4 times. They don't mi&#8230;,0.0056,0
TJTauto,"Fuck your dreads fire it up hoe rt while we watch ""This Is The End""",0.9978,1
TJTauto,"So let's see what you look like in the AM without the 10 filters and colored contact lenses, your followers are dying to know 

@uberfoxy",0.0132,0
MBauto,RT @TomOlson8: @1Dittlinger That has redneck written all over it lol. Drunks can use gravity to get down &#128563;,0.3734,0
willis7737_news,"""I don't love these hoes, baby It's me and you forever""",0.1291,0
TheColorIsBlue,Hmu talmbout match but when I pull up its 30 other niccas wit ya &#128530;,0.0016,0
CBSauto,Y'all entertained by these bitch az niggas hitting women? Smh Who raised you?,0.9929,1
NDTVauto,"RT @Yankees: Gardy goes yardy again! He leads off the game with a HR for the second straight night, and it's 1-0 #Yankees!",0.0259,0
WAPOauto,"@1Corinthians126 #BlessJesus Yes,#Felt..and touched the soles of the humanity with stains and impressions that only leaves its reflections.",0.0017,0
conspiracy,@princessfaggit cry bitch,0.9963,1
TheColorIsBlue,"She actin like a hoe i dont want her, id rather just smoke my marijuana",0.8858,1
MBauto,Rotherdam #RapeJihad coverup: young girls sacrificed on altar of political correctness in favor pf paki pedo gangs http://t.co/RDgyG6GURv,0.2033,0
MBauto,WATCH-Obama&#8217;s Newly Released Gitmo Jihadi Has Links To Terrorists In Syria http://t.co/GufKoy44tk http://t.co/3n7M4PfNMx,0.0015,0
TIMESINDIAauto,"Can't wait till I get my full appetite back. Only ate a half ghetto sandwich. No lettuce, no nothing.",0.1146,0
TELEGRAPHauto,@heavensenttynae you kno I love stuffed clams bai,0.0244,0
ABCauto,Whoops bought snuggly hideous fuzzy boots because it's cold as balls all of a sudden,0.0784,0
RedditSample,@JjLoveUp tranny,0.0158,0
CHINADAILYauto,I'm about to start a bad bitch mentoring association bc GIRL YOURE A BAD BITCH DONT LET ANYBODY TELL YA OTHER WISE,0.9902,1
EnoughTrumpSpam,RT @trianglesoul: I wanna eat weed brownies but then I ask my self if I really wanna spend countless hours watching a documentary on sea tu&#8230;,0.014,0
europe,RT @Randall_Jayy: &#8220;@_100D: I got hard dick for all dez bitches. I get all they numbers I don't call dez bitches.&#8221; LMAO RT,0.9777,1
VANGUARDauto,im genuinely getting mad at this children's video game about mickey mouse and darkness and big keys,0.0219,0
IRISHTIMESauto,"In case you forgot hoe I been up since 4:18 on the dot made 100,000 dollars at work and still haven't slept.",0.0066,0
HTauto,"The X's and O's, exes and hoes, I exit and ghost &#128123;",0.0151,0
The_Donald,@wellheeledking bird shit aint no joke,0.9555,1
Techfeed,RT @ConsrvativeDiva: Must-Watch: Bill Maher Schools PBS Host Charlie Rose Over Islam's 'Illiberal Beliefs' http://t.co/5pq91jxOeV,0.0019,0
TELEGRAPHauto,I'm gonna kill bitches today.,0.9922,1
ukpolitics,RT @quirkisms: Jeter to A-Rod. From class to trash.,0.3756,0
EnoughTrumpSpam,"I was flying down the slope and just rammed into this small Asian boy, kid got up like a champ and walked it off",0.019,0
IRISHTIMESauto,Tires fly when I mash the gas... My motor hot and these hoes fast,0.0522,0
SLTRIBauto,@iamJAYUNO shuddup hoe,0.399,0
